-- MySQL dump 10.13  Distrib 5.7.17, for Win64 (x86_64)
--
-- Host: localhost    Database: arenadatabase
-- ------------------------------------------------------
-- Server version	5.5.5-10.1.25-MariaDB

/*!40101 SET @OLD_CHARACTER_SET_CLIENT=@@CHARACTER_SET_CLIENT */;
/*!40101 SET @OLD_CHARACTER_SET_RESULTS=@@CHARACTER_SET_RESULTS */;
/*!40101 SET @OLD_COLLATION_CONNECTION=@@COLLATION_CONNECTION */;
/*!40101 SET NAMES utf8 */;
/*!40103 SET @OLD_TIME_ZONE=@@TIME_ZONE */;
/*!40103 SET TIME_ZONE='+00:00' */;
/*!40014 SET @OLD_UNIQUE_CHECKS=@@UNIQUE_CHECKS, UNIQUE_CHECKS=0 */;
/*!40014 SET @OLD_FOREIGN_KEY_CHECKS=@@FOREIGN_KEY_CHECKS, FOREIGN_KEY_CHECKS=0 */;
/*!40101 SET @OLD_SQL_MODE=@@SQL_MODE, SQL_MODE='NO_AUTO_VALUE_ON_ZERO' */;
/*!40111 SET @OLD_SQL_NOTES=@@SQL_NOTES, SQL_NOTES=0 */;

--
-- Table structure for table `adbalances`
--

DROP TABLE IF EXISTS `adbalances`;
/*!40101 SET @saved_cs_client     = @@character_set_client */;
/*!40101 SET character_set_client = utf8 */;
CREATE TABLE `adbalances` (
  `balID` int(10) NOT NULL AUTO_INCREMENT,
  `userID` int(20) NOT NULL,
  `balance` varchar(8) NOT NULL DEFAULT '0',
  PRIMARY KEY (`balID`)
) ENGINE=InnoDB AUTO_INCREMENT=6 DEFAULT CHARSET=utf8;
/*!40101 SET character_set_client = @saved_cs_client */;

--
-- Dumping data for table `adbalances`
--

LOCK TABLES `adbalances` WRITE;
/*!40000 ALTER TABLE `adbalances` DISABLE KEYS */;
INSERT INTO `adbalances` VALUES (1,1,'0'),(2,0,'0'),(4,900000016,'159'),(5,900000029,'8');
/*!40000 ALTER TABLE `adbalances` ENABLE KEYS */;
UNLOCK TABLES;

--
-- Table structure for table `admaxbal`
--

DROP TABLE IF EXISTS `admaxbal`;
/*!40101 SET @saved_cs_client     = @@character_set_client */;
/*!40101 SET character_set_client = utf8 */;
CREATE TABLE `admaxbal` (
  `id` int(1) NOT NULL AUTO_INCREMENT,
  `amount` varchar(10) NOT NULL,
  PRIMARY KEY (`id`)
) ENGINE=InnoDB AUTO_INCREMENT=2 DEFAULT CHARSET=utf8;
/*!40101 SET character_set_client = @saved_cs_client */;

--
-- Dumping data for table `admaxbal`
--

LOCK TABLES `admaxbal` WRITE;
/*!40000 ALTER TABLE `admaxbal` DISABLE KEYS */;
INSERT INTO `admaxbal` VALUES (1,'201');
/*!40000 ALTER TABLE `admaxbal` ENABLE KEYS */;
UNLOCK TABLES;

--
-- Table structure for table `adstorage`
--

DROP TABLE IF EXISTS `adstorage`;
/*!40101 SET @saved_cs_client     = @@character_set_client */;
/*!40101 SET character_set_client = utf8 */;
CREATE TABLE `adstorage` (
  `adID` int(11) NOT NULL AUTO_INCREMENT,
  `roleToSee` varchar(200) NOT NULL,
  `topBannerName` varchar(200) DEFAULT 'default1.jpg',
  `bottomBannerName` varchar(200) DEFAULT 'default1.jpg',
  `leftBannerName` varchar(200) DEFAULT 'default1.jpg',
  `rightBannerName` varchar(200) DEFAULT 'default1.jpg',
  `bgBannerName` varchar(200) DEFAULT 'domina1.jpg',
  PRIMARY KEY (`adID`),
  UNIQUE KEY `adID_UNIQUE` (`adID`),
  UNIQUE KEY `roleToSee_UNIQUE` (`roleToSee`)
) ENGINE=InnoDB AUTO_INCREMENT=4 DEFAULT CHARSET=latin1;
/*!40101 SET character_set_client = @saved_cs_client */;

--
-- Dumping data for table `adstorage`
--

LOCK TABLES `adstorage` WRITE;
/*!40000 ALTER TABLE `adstorage` DISABLE KEYS */;
INSERT INTO `adstorage` VALUES (1,'Player','Apocalypse comics.jpg','testAdOne.jpg','testAdOne.jpg','testAdOne.jpg','domina1.jpg'),(2,'LeagueOwner','6359619425121062721069548878_Patrick-Star-Meme-I-Have-3-Dollars-01-1.jpg','testAdOne.jpg','testAdOne.jpg','6359619425121062721069548878_Patrick-Star-Meme-I-Have-3-Dollars-01-1.jpg','domina1.jpg'),(3,'Spectator','festa_pokemon.jpg','space_rainbow_by_sanlea-d3bh1fw.jpg','space_rainbow_by_sanlea-d3bh1fw.jpg','space_rainbow_by_sanlea-d3bh1fw.jpg','domina4.jpg');
/*!40000 ALTER TABLE `adstorage` ENABLE KEYS */;
UNLOCK TABLES;

--
-- Table structure for table `advertisment`
--

DROP TABLE IF EXISTS `advertisment`;
/*!40101 SET @saved_cs_client     = @@character_set_client */;
/*!40101 SET character_set_client = utf8 */;
CREATE TABLE `advertisment` (
  `AdvertismentID` int(11) NOT NULL AUTO_INCREMENT,
  `users_userID` int(10) NOT NULL,
  `AdvertismentName` varchar(100) NOT NULL,
  `image_blob` longblob,
  PRIMARY KEY (`AdvertismentID`,`users_userID`),
  UNIQUE KEY `AdvertismentName_UNIQUE` (`AdvertismentName`)
) ENGINE=InnoDB AUTO_INCREMENT=52 DEFAULT CHARSET=utf8;
/*!40101 SET character_set_client = @saved_cs_client */;

--
-- Dumping data for table `advertisment`
--

LOCK TABLES `advertisment` WRITE;
/*!40000 ALTER TABLE `advertisment` DISABLE KEYS */;
INSERT INTO `advertisment` VALUES (48,900000029,'festa_pokemon.jpg','\\\0JFIF\0\0`\0`\0\0\\0C\0		\n\r\Z\Z $.\' \",#(7),01444\'9=82<.342\\0C			\r\r2!!22222222222222222222222222222222222222222222222222\0w\"\0\\0\0\0\0\0\0\0\0\0\0\0\0\0\0\\0O\0\0\0!1AQaq\"2#BR$34brs\%56CS&c\Dd\\t񄔲\\0\0\0\0\0\0\0\0\0\0\0\0\0\0\\06\0\0\0\0\0!1\"3AQ\#2aq4BCRS$\\0\0\0?\0ߓ\Ѫ\\0Z. ɠ\Z\\\\_\?\2NE,ϐ0\\\SMa\D\:6wp-\z\\T$sE۔bH\P\O6\p\\T\\)F߂eԛ\\B\\\\0I\"y\r*6\Y(\FbH}V \Wˢ/9p9R(\)<c\}P\P\0=>6-9Vl\zMP\0\ˎ\\m\raoz\\s\c{[\d\J.N7I8\ _앩v`Z{)?݅c\3/Ach\Z\;)D\4g\h\nHj\Z\Ą\=(O#)aH\ qXS\@d$4N\-.@ {\(\rƤ~M(#>].\T<\#%#\/ӈ\\+:\p\p\p\]\@\9W0(gWA-\2o\!zetP\Ð\\\kiR6hu\n\\_nD	\"\\0m\06LѢS\0wOdB;\0`% \#4O,`\'\@\"|\\'\#R\|$ \'Ɗ@\'@ED\l߽j\cEE\M֦ˀg\NwIWnO1U3mg\JzӜy-E\f\ufU\ZI~\"Q\3\?^\(tN氆<LUk|UB>\^񳋟#I%tc:\%Fp9YG\g\\`%\ik\M+}$V\\ \	Tc\\rUء\r;Slq\D\k+\\ix \M\WgC)9\\uW$\M\w\~\\hyZ\\N1\ˎ\0η\rKTn\Z\$\n8	\d\\\J\Y\af:-\촬yfe&\{hU5U\\t\\nZFa-\`Ԁ16\n\,`|j	uO\\0Hl\<tf{Yw$T7*[na#\ZpNdv%I$dA\\$Ԉ9@\rO,{\4*[I\\j8[\qrV\D\\@9棜$q\zzEn|JE\MeT;\\iIOd9!d\>\Z0r\K5y2n\Ž\ֹAY\0\co\\\1\\"\\ ;UQ|\npm\Ы\\\'3\\hHNB\|\'\CܥS\u,$	\Z\'\\0`	O8\|hK	\>d\%$I\|\0r\\V\Z\0\\֤3\\$wIWo~O\0E-E\V\OK\\fI\eo<շFA\'\Z(\\ue/f\n#4&bV\ln\+sڏ\W%\;\'g3\ zV3-#\Z\H9\\Y\m|\g\LB1$ߴS;pN>$D|\'#T\?)_yh\;ȫ*1\\H%\cUni|{K\%$5~[T?UA\\˭oT.\\A\mw\\\\u;\@Zo\5v;4\\]\n6iGHG\D\%D!Caаj\g\XH,\0m\\nҲ噗\ \B\\tD\&\n}B e8\.H\%\@C.kcC\\C\vw\\\\\rUi\!\5԰TN\jW|;;\\\|RMd\n\[/W\V\=%{ڛC\@\\p|>[-19\+\r\\GܟNjqR5kB.M(RT2\O\ 7*I,3#\k%#`Qܣۤp0\\C=\\̕\U\&q\ϣ\yco\+Q\@ځT\ \Ki)\e<\4awLS B\|\\60|\(\u\Ղgs\\]ܵ-}z.\WW\ýZa[K(\n%y`5\;x\\\\yO_n\]UU\upl\hg\*R\Za0\H 0>7 $\T\002\'Ʃ\0\nr\Dd\XROC+?ة\0zխY?\T\0bFwI\'na\!$Z˰Ůe\?Ф?\{\)Y\Z\\\\?\j:l\"\LF\\\]]IL\f|UoU*i\\\Z<gZC\&\4\\SL\\y.j\'M}\g٬`\[Kh\0V4-\'.g,gd\\0\=آ5-\0Rq\rF\+{QN͟N\E=ī4LJ	\<\G%7\r7\\Y\\!\0)\я2c̮\D\2	\I\\"tnGc\c7g]\\дZ6\\6n\Q\nc=V\nAMȣ >$鎥#u\t\n\vw9v^t|\מ o9fϘx1 .뜂~*>\Βj<ɖl\twS洲\\K\h\;\<|=\\9\\0\@*\Ւ\^,\\JJ\-T\\\{ѮҾY\.{\22S\±\\_EU\nh\\y\\Nzg\^KWip{vS\n,SW\FCZI \02IF@G\0\0Ԟ\\\Yľ\ѿ\\I\=O8\\Pп\.\yn2:&k\"Rm\\nt\Nu|\U\[M6\\\hEbdQ601\0t]ppaH\rRƩ H  62S\\I\\+\"iCh\QlhS\lW~\{FBO,{ת\\D\,\1\\n&R\\ <!\&\Quk{\\\ܣOKФ\ps\IB:d\04K> I\\@t \E.,\G*ޱjS\#?\X\g\Iۤ#7\0};ֲ魲|\|	\0\w-u\[t\e\ko$\ipTmok,\䝚Tqv9˗r\\\\!q\\\P\V\Sp>	բle\#/MٗҖ\'\[Z\}ulSMJ\Kˑ\\%L\0=\];Ѹ3\\\\Ѹ\꫏-W\'[TEsnX8H\0l\n1ިᯕ2\B.\@*\dPR|\/!)\\7\󊢑\\\\BK;ei\\Pz+\n6H\'\ \e\"R:#Zire~\\Z\\6\ZhST\\ɚ8R\nT\%3CZ\?U?Mԃ)I$4jI\[\\44y0z\\0\_DgGM\XG7ܸ:WCM4dc\rhvG){(\~&\K4\6yXQ \.v\n\[䜵XZ\j\_\E4q\T\5\Gr\\\\\1IFK\_.4>KeX!	\4뜯\\s\(\A\RCme\.Zr)ij7USIHUP\$\\^$\5Z\^@\Z\\\0F\{}5ʆ]\H\\\_s<\\<Tel4Ξ@\4u;fY\iK+#h\q\\[KF\GKd{R*\\"\6D\\\|7\-0ISYъ\'-O9\\\.l\ڎĭq45\0\6Eӗ	\J!!\\	\lh,29NT\@\'@`l\'N\0C\Z\|e\\гM捿[\\\2\0GzkYO\\mx\Ԯ;i\^eż6\U[iZ}Gg-\0\r\E\<D.4\ңpcfj\ARʐ	\,$\\r\?T\|e [a6\ZH\\\-vK\#?\X\v\&;#7\n?_\0\uZt\*\/\\?ǡ\\21zʸM{_(s\\͡}葷\0b\)m\\FQZLq\\4\L\:!T\\\\0:8mU8$uF|2xYe\8\S\^9A#h\\3OQڂfArsݻE&9\,\6V3\\\&L\\\]\P[\\4\\\3u`\\r\^}\r\Ӏ5\B,\\\0|[Ka{\</\k\*\Z{FFp\\M\\\&KOEuܔ\A\Z\it<Ü*nYz\=$խtY\ޭ\3\'xʴb\\w*F`3\ˇ5A*\i*Vq\n\\FÐWP5ҖG\E8H(\c\\iY\Ֆ׿tj\((\k\T\1?W\2f_<,\n\胦q\:5.CΗGfG*c\yR\nj\c^_\Rp\ҵus\ZuSs\\U2%)OhT\ws8ʺ\c\Zy+o\ȋs\\l\\>\r*\MX#\\aQI\trX0۵\*U;mVLp1\\$ffK\ \G(\a>UIEu~[GcZY\r\\6\\\\-j/g)\\\\\t*\pH捘^yGXcOHT\wY\\W`w\L%Rr\g\uZkE|h\9\\\\\\tZ\\;,61+I*MM}\Jꊗry\\_ķ&\A8!\Bx\yc\\\c\p\H$U\2\}3n[#4n\xmeJY\\k0=, \![#\"\%\c\\7$3^\鄕r\r\# yd\.BRY\09e6\ϯ\{\Z`g=G5n1V\!p-<NWl\tD>5\\A%<\Al\\144B\w/`ƨ?\[yIO\\d\=\\Ů:\?⋌/)\{Kɧ-WrH߲\\ \\2\jIJa8N\XK)LK\$,\O&ޱkp)_܉\0z\1\\tv\(\\kh9[-}i}3\?i\	.lr˒\\F\a|\\+\\5\.y*5h\U5\Z4*\IZ\"}\Z!wۀUs=\ZE*\\'j#e\ۤK,x2p\xI\F\"}4pG}?\*Ka%.\9\\ߊ#B)\'\\ְdN:F\\#\z\Z{xf˸Qq5N\r9/.-\r3L~\D\.9$<5\\(\Ż]\\\ nIieF	#aJ\f.-9\\0K]30F\\	R\Az\\2\9\0\P&\0Ϲ\n\>GF2\XCݜ\\1KY\\wu${\Z\\\M(\lnʅ$\}u0:\\G4\Rk	y\\Q]Ṟ-\n{	\\\朴L\\Z\\q٭\'ܳ\\sX\\\aqx\r\]U\L\KCCmj\橅\\0w{f\\\6a\0{zm,\FoDK-D&k\i$q\wKF:!:i؃\ꊴk9Mb(^\>nm\\=3R\\\B\S=[+\;#sZ\;`\I$чL\|2;\\+Ɗ\UJ\?\U\Ί\[51l\j*\o{,W\\)d\\\Oy\C\<E\\g\\ʘ\0\껨(\'P\ɢ\6^\\~족\<5F>Ƥm_\HF[tM\\'\)jij;	A\w~\R\#\-\=\sW\\\]3r\\\iΩVE\+@\QTh\\m8\\\\\\\@^э+]hm\S3@ƀ|\:\4*i\'\sK(\2\'\ӟ5.#	(Ɠqr5\CKycr\\\55n\\}\\&Ѿ\T#{*.\01AtS\\0\FISdg\\\馲ƒJ\\IS}VB\3eF\.\\\n}\\3p@\\s\\G\\1y%iiJEZ\}:\\b\DytR4\\wO#\F:獱K\\5s\	>sou-\&{\xp\\\q&i\0\cgyJ\H\tۉONe6\jKmH\\J\6(\\\z͆\3\BC_-m,\rg pFWolR	hA\Ϫ|\b\r\jAeK,\P\\\Y7چA\\*\06۬rD\/a\:\t-$jjʛtqm\\ǻkTV% }\8\lk\\\PA\tI\D7O\)=\\0>=\nJW\1;\Za\Q\_쑗3CoVxW\Sq\9\\XS\2\	ą=D\r˛NO|$@E \0A$\ +%ȟZ\5J\O\$b3I;tC5-F3\Z۬lmڭŠ\BVC\\!wd~euՓZQ^IL\n`\\*i+8jp\\\\JFw\m[Ti&b\^\0T9]\"l- \mUk\CR0[ \\Vt4\E)cpqܺ\\\!]iclך8cDO\\,nZs3񻳔=!\w7	\p\_T\"\07Sh\]\k-\\UB0`JG\LQ?ep\h#HC[\ZK,,\\'_V\?!w\\\0\\?\T\s2~)<Y\Cuh(c\)\;NUg\N8l\K\50AW\rD$=\rp!\\pĐ\\\$\0vA+C\2,4X\Ԃ\\9\E\'\eT\itcUwjz0ɻ\\\}\z4GQda\{WHf C)Ú㷑袝QnFx煲\\\w]Cn4p\\\\V\qenM$<\ffOd\ѸeiSFyأ83X\L\s\'$\0zi\\b*)$\,^ݏ\A\W:vV[wO \LFk֟W*sC&a\\\Csim-\0\\	MoUa\\\!wOw6CW[\"B\[:ɍ=h7̮\Ugk=\'g԰%a\+y\ZK%4x\\I(P\{۔wW](]A,m܏MjE$\!Elm\\\1S\\9\\\\t(;T^阎|\\\\Jv\}㼣׹;\rKo2\Xeu-\\nr\\ψ*W4Ԓy=L\Ԥ{b\<\%<3\\.\ٰ\!q\h\\\AD`Y=K.>(\\nͫs\OAޡt4\@Ao\銜\KZ4H\\.f)E-(N\\J\nf\\=\\3JK_#\}U{h@lcGNê9ʬz\ڍ=uy;\,pG.,~KK4\\+~%SD\$\M\\H04a\0\0qJ篼\2\(\#Aqle\Z\~\`$T R\oy\G\\\\fwLxzk1Ք\(XN\\؃\+\:KMl@jYP\=ۂ}\!>vM	m֦1\\xx\sCwbt<zgE+=\\nYC\1\!\\\-N\a\\\-D$a\ݎ?\\k};ݙ\O#\6+2\*u#F\ns(=0Js!42Dv{KJh$6\=\\G\Ket(\ȨH\\!uB\Udr\QA\':b6N$\Od\,\W\"ޱkVK\\'Q\$\nwI#Ifӂj\OLp4mC\\Nv-\S\b|nlÛǂ\[#6*\\Q\:Nbꇿ8\n\F3i\A93OT\/\ca.Ƅ\\n\\\ᶘf{^t*udN\ssZNV\eWp\\nGw\\0ԹW\\L6>Ȍ\\s⚂\)\j\9{U\7h=\֥\\ѩ6Tʝ7j7\P\SGxi\b\s\@\\S\ER>)e\\ZpZܲ1tp\\I08e04;\ፇ:\\!4\st\nc9\C,pv\"\A\T>\G;=\*~\\\>^4\L\\\\\s\\4g\vPg_\)\=\2b\\ۮ\r\3Ap[J:\\QVže\KCMf^Com?7@\7{޹\D*)+\GM;[#$nh\\2B\E--\g\Y\d27{pȏMa=\dMW\r\\BH]էv\gSlk\g=H\\Z;\F+\\JN\;ȥB~2EY\\1q[\\ZV\\\]8nCCIǽ\rMK\nx\y\d*pplG\\!Jjk\\%t=`\;ޛ\\m\*{#j\\\o\^^onZ\Fɩ\8\\\0\ҿdd*O&*&4*wJ\[\\\`OŴ-\0SGQU!٬<\\	JGW\u0UEn*\\Es\/w⳶\0\Z\\\ \\LUL3S Vv旅B]Vޥ\\\nQ\\\xdBG5Ǧ#|\]dR\7·tuҵ\<%s~\Sm,Mte\0\0B]9^\GrFy\v7\rj\2V6je{Ai쌫:TU\\js\Vh-ϞQYX=o\;4wQ\\\\鵇~|T\\.l\=]\\YcZ\ZѠ\0h\0)f\]Ը1Ω)\nL\0$\\t\0I,$-!\\ZXm\H/cjH\\B\E}ڗ0(\r֦`44=1ާ\\r\\ZM<\y\4D@LO&\]F\0j.\`_\'߮2\\Ɋz/\\F\c\zǔ}ˀ%\I\0,\'\3\\ԔRd*z(\rC\\GFz߂\"L\p>\R+=S\O\(b xkG\c\.\7\\2O6SUh7\\n\$\䤤X\<2\*L\o\ܶ-\0bcx\:YZ%\>B \3\s\:z\\r[o,&أF\\\\0賯\\fH\2\-\ԥ(tȟcOZ,\\g\.\\6F\nWpj*[\w;hx\O\*q5S=џ\\nUԵ짍\NI\@\\Ƣw\ٓa\\,W\a#;?\\\I\\UbcyEjT\-\))\\#1\ʧu~-x\SQC!S\\*sܪ=JjHh~*Y:\MB 朗y;.p9i-9\u*DY\\*$M]|8&|#v\ND}4댅֖N֚7\\n\\\b\O\rL\[,S¾\n\S\i[#	:eL\rvq\\\Ze9\\h*F\wW7\h\\3ߣ\0\^z!%ɼ\<yNټ2eJRC\,\;\r\;fE{],\\卻\/\Te\~\\ZZ@E\CR\lc9.6{k],\c	\\\@0\\>\.\5\\\0&29%\(װ9-p\)>6\x\0BA#\\o\\N=Grn\z{ܹ\(=\r\\0\r\z\s\:$cF{^jg:&\n\\dS\鏆lbj9L˄\'`\RK\tg(2Ll}8\Fum\-C\0\\W;4|Z\C\\5}\\ns.\r,>nwwL|\S\\_3c\cS\Vx\rǆ ZU^\I$\'	:I:@t\\YI$\0|*\\\V\\r\\\\RIe$\,G-Ɯh\"v\\/\#\F^R)\k[Akqc<׊\u2O\'\V\0\\\R\m޼=c(p\H\8\\E\'\\S6\nqr\Z*\z\nwMQ cGN\=MZzJ3\\9\Ԭ\UҺ\~\p\\N\[wUtȷNս\~{\l\=[\\ʓIg\?K	)֔ph\rBrs\\YO\`&ґ\g\.?\j \35g\M\\\\%$:zwI#K\\\4\\9Fj\f\1\o\\\v>c\p\>j?\G\gדSf\\\&\\5\ЋU2\@a\0.Oi\3\\p\,S\\\k\\U	OaȊFuNH;\1pTuWJ!\20}Y+A\,A\rKbMM\Em}o\;T_\"i\r4\\k)TVF.Y\JL\\Zg\\;i╓F\s4\MiŁ\\9\\Z?G4ˍ7h\\1A\0-~=\\nH^\\D{9e9j\*\x\\:nUZ*&Uܤ\6˘&\;\`ܕR\rR\HƝr{\Zp\\!\RU\\\H\Wn8Gyg=J\r{ծ\W[\YсCP\f;Q\7\}D=\ky\\n\5ƒHj#y \\\\j*KT\Zq\TS\\\o\] 	\Z\7c=|P\\d5\T<\\Jp\ܩZ\3\</3+T\<sr>+1Ct\\rw! ԭ=U\٘\\\!\@ѿe;gyd\2\\muNgշ8<+u\\\A\z6\\r\b\n\\\A3aW\TQL:\\3\t\\<>H\i\\T8(69\\ZQO4q\\7Ȯoy\\ZӖ\r#-;t1g\@\\\p\\D\L$==B+E\ZK[V\syX;d^\\0c1U\Z2\\npTwkMmW9Tt\з\ax.q}M>}Y\Z\\ \M\.V&O:\'L6IHV$\\)K($Jl\QӦ\nv\>)EHuϴg\\\H&\0\n9\	ѣ)\fk\\\0\0]nY\S;\oRP+mʖ\`}uc3H熍\\XK{\YoRy[ׅnW	k\eېzoYk\q녎\}ڭ\\r\"#\=Y1Z>6+Վ\pktodwoo-\UԒXò\z}\\\\~OZ;UF\\\4`4*wѷK=A\Q۪r2\ZA\-\p=LT\.\\ҳN2Jت\?:(\5v\'%Ƞg\_U\\@\\'&e]AqZ\!ٍn\50,S{N.T8\)\}Ctv:-\q \\c#qޟJm\\^yq\Z\\0@\캟ޏkX\'暞\\uZ2\V\\D\Q;i\2?^\ԜCAq8RUT\ZA\(R\zNqpZz+@\j\ba\QQ%4<I `m:\*\\EY	\0n[e\Zh\'q	\V!׊?I`Č\\/F76Ya\g׌VIc\yW\\+G\ٍ`(\\\N\uz\F=|\ZVJ\F\\rxy\_+ooom\:Mr1+\\ӝG]W@܁!V\GV\\\=\UsUVFP=b0\P\0%%5i\Z\63q\\\PMmsnPSz5Q\\\0Uh\Zz\z%k\\7\_\ᴱ\aUkq{Y/WxYN(\\\2Nڈ#<弯\0k\"\5S`29\!\8 \TQ]wG2\Mҩ\Т;}\\4;B9p0@\n\=U׊\I\"\A{3\´bkjgg#\KGe^\"-d,>9\\::J؄>\JF=\r[JJK\'N9<\9\ѻrɆ\R3!1Fvh܅n_OUW8\r\+\\"s@M\D\ܰ(x1\c\\\raye5O-\	36\+y-eʪGIB蹆;I\nEd4	Ѝ;\+m4P\\wsWB\䱔\%\cC9;ep\HWy\\FC<8|J$T\\\]\U/rU9:\\($wueK\0\\o#\\$.wg-\YN\-\rJ]\uWn7b\F\w3X\"57	%vD1\\S&\\r)n̋뤨\􊇼`\Z^\\Ẕ\U4\B5\E\\i}\pR6onNl+tWj8[[nwJ9`s\\WM\ŭ\HC\Z\\0ֵT\a/(%qkv\3Gj=C\j<i8r\^2oOv3W\f3O2^Բc\\aQ\l\lTe53w+=IM-mI~\y\\\7\m<-`\Z)d;\\2\0ѯR\'	9\8QO@\\0I\,_Njhdp\'\0\0V\S\\ٴ\YN &>TJMcI;t̾M\0eTt\ZѲ\UO\G_墭01\\eǘ\{5$r\\\t\U\0\DcBrzlRJ\ZQG34ݺ^a=;Ԍ4/+N\w\vvM؎\YeKD\\" R)\1[\i\0@\F\\S\giK+T\Qy\?Q\\%8F\zo\\\\Ր\Vw\jH\\0V\lls\\\*ĳ<\"+ۦ\\\\$\#?DM9\Wt\r,k̞\Б(ea5:jA\\\\`\ZI\Z\\e;\\'+sBD(L\\-\@J}+覦\nj\\M\\k+>iu4\đyÊ-Գ\zS\T3\?o\\SAPƟ\\\\	)3\\JY\RW1\O!FY?J睴\,ٌ0~+g\7P\'`\\Ѿj\j\\\ܫNܿnT\Ԁ\$̧\u3IV\Jd\'_V\`ytQҹ;tA-<n32,\Y\\ga\XF%\Z\\K_8,=\\O\U7)fW\dy\5PHK@\I3y`Y1\h\\0\T\r\?@բ\r\\xIN^Sr\luO\"\p\-r5U\\Z\0^*\ZnF9,\\T\\\$\\Kd 	tI:QF\qdE\ń5\\'=\t\\\'F\Wl\\D\MPc\s\d&\6Vј*\١pB\\\0\ggg!i[\w\ui!w3	\n9\R-Q5Ԭ}%K\rSO\:\O\*؃eԔhZ|\R6\#Z@^\\"Gu^\Q{*,>H8	/\ra]\-\w:9#xб\PIli&$6\		\'\\\^\YCnҸG\NErPS<\!?\.1\\w\jđzThI/cw)$\h1ox*Ύ\2r\0\qj?1,Na\ewزx`fQc\8RM7 \Y\*y앻\*gd\5\^ɚ*4\Zk6#*aD7\0\06R\n5)&\'0@\\"4Ll˓|n:1^weE3\F<;;FcZl\:\.ɚKmQ\4\\G[\\\Q\UZM\Q@\\hcoj\&Cch\nE*66k@k@BjJz\r\4ߢEA\0=%%\S)]\B\d\Wj:8uP\4\\\\\\ \J3A\"1\\I`\%?\SD>\;~!\\o42AY#MvTjUnIli#%0>}ʅ}ʹEL\.ѱ\\x>I)kQ\Z\\x[(㆝\Q\\59\\\.\j>\<W;ii\!o3c{ʵ6vEo\ٽ\y))92{G$\\\\^\;\l2\[^y?U\;{-е\ip\:oZ\T\m9*qQAgh79p\\U\	\#A\\\7Zzh\nh\8$\r\\#Mwe\-,\+9Bؘ\lJ\02ڴ\əթ5<%h3Y/%ޮCp\n\]\7m\\c\rD\yHT\5?Hvٳ\HA\n\\9]\yh ܓ\dեf!I\t9\ruQ=,V\H2rl\|NXOH%\9\\	*\"\GGFةd)O]QLG$_2<F>\Z\\O>9$\*\]\#QL-M\\l2\␊QK$7C\\sfu%t\<͌\\ۣ\\䎒\'\\'\,1%\rz֐9\=\'?9wa!ԒUܩ\Ӳ8\47M`\ƭΆt,t\d(\S\nrϬ5XI\nL\\\]\Pl#H;)D\r\µE\HVzK0\ܤ\8ɾ\?욝ڏ-l\\v\j<Z]Ϙ\k_-\rN\@_Uъ{jgoA\\\VFLxE\kP\b\rt3\w\\\x[zn{\\n\n^͝}\	dUjxd\9M\B tM\2\0uI\[]/d\S\ \\nf\Y\p]\aE\G*HŹ$IF-[f\O>Ɍ8%\0,+\VZHetр\9Ei)jcd\;*v/Fh\഑Q\M}53Y:rLU-\Q6\l[+9\Xַ\%ؤ]\0\$}2FvsHTlsۘ\\DLnET\0^\i\N;VyN\\`i׊iGF\<\!,\H\0f\f\"Xd\\軃u\iCǙYîJ\Z1bHS\GCY\U4Lc}\\'(\\ZK\\\)c\\\r9]\L\aHQN,aᾩ\\VjQ\duzW h\\\ws*{N\$\\\c\+#\y³\n\bhM\Z\U*{=\\L\Y\Z\\\nuѿ\XRoЎX-\"u\\'Y\-Of*1\\\GGN\\w{\\l;$0J \{\'	PGt@	>ɓHN:\0K=mu\投8vG\uU?\\g\\(<\"z1\#4\}\?\Y\[\ϱ\\r\0\\{#AK\Cݑk\\y-3N\O={5#ќ\0q@eIA;\Ӝ\\3U˰Ѫ\@\\\j̢\'\\>Bޕv\\S\K\Ten[᳜=k[(\nť݄xJ⤞\ӥeJ\E\nv\\\3d\Y\;Y\\;v- 7K\nCH)SNTNӶx]#ZbI\}oH\rԳL<x?\Z	T\	#\\\$\-|?\U;x~`\p\0\,1־Xʣ\\}Wl]\\\\uN-E$\,w2DSRK	\0aO\Z&!\00M\\E\\rs\rRo\0X%\dl\!\rhܭ\<3ɩ=\nPi|\n>\0-J)-O\Rp\CGzK,Uǵw%ڇgF$EP\6ɣ\Z{֎gЬ\\%\UUr?G\L\\?\tV\mǝ.\#\3d\7\\0h\\G\"J\9e\W\\\\\8\"\ڙ\K	ˆ}S\ʘ<g\xϑUaB$\*4Ͷ\\\r?8Y4g>\Qc#\aމgC=2IY\\֍\8\jY(e\v^Z\so\y8\"ոu`\\tU*k.:&\\\ǌy\VugDYcsukATm\\'\Z\OYx\\TB!px\\\Ϊ-\Kw\\]g:U3\"\Bq\L]F3L3SP\Pi\5\R\\D\7M\v\\&fl=|J\n]ʆV\	p\0\\\qMĞ-F>h\3=f;U2fQ\\q\RR:6\#2O\ii\J9zI\\ښ&\\\Q\0n$o⵷\_\\/\0b}ZF,1QުcL\\\At\nZXe=\ʿ\n\}f*#pAG\\Q<t8(ND\I%	:`RJ?zI$Qd\(`t	i\ \`2H\k^\\/XӾ*vR4/^m5,P3FW-Bs&\9\@ZFK\\S\d>Ae\)\\v)SC\cP|\\U\Z\Ӷ^\Q\\t\\є@h\fK\\\n2\	\\Qhꜵ Nn| Q\:XK	\0Z\0\ZbO޵hq\h?ىx\-ΈFy9\$\-.\0ʩ\\ܶ-X\0SR\ýl˸k\\>tQR\n\\ǒ[$P6ꖨ5H#\n\'d\0\uN\sژ\\\Z\\UO\\qHܧi\+\\"fh\ꛧKz+)&\\\\4nҺnkiass\`5#e@\I}\\PDsb)\w_$.I\ZƗ9\IR\xw3\bn\#\w}gNϩz\\t4a\\ZΪUa\\V;;\\r`m5MTsg\Wy,WjX,UC\H\\|F}>^Ƽ/!.J\M=$}uK+b?Yz[vÆϽd^j]Qg+\\[ZY;Zv?-;K\nqZ\3\/tD\mhkF<&\nKKJ3U-WXm4UT;ւRbfupv\VzF\$W\\\DFHΡGR$=,CeK\e\<\؇N\hZ4\=\[\9\\hFqNV\ԫ*v\\5֪G\rF\\`i\\[O׶Bv\{|)\2G+Ai\\{\\n\`ȗ^4L\ \w>\\a579\\"vqy*󧗒HKk\C;Iq\$Wp.\\c\la\aýH\i%֦sJOG+@9g>\(\d\cp(E\\Y2=ѣ\M\$&fy6\\'ijrJ6=\\'\'l\rS$A\H$D\'@K\v19#{ݞa\:\\\\\\\OU\\4L3dP-\rF\\\h8f\%\O<\',\'Uiŭ\vz\r>SNS\B\'q̽9\8U\\\\";|\r?g(M\<GX᱔0{&B\\Y q܅[O\\)#cq\$UBt	$R:&5O\,a?/rtHgg\щxՠY5\\Ʃ(tGW3\\\$wImG\0eUw[\0\'\\S\\ h<\j[?\\Ke1M4M\n$Q{\=\'	\0v@e:&8O\\.2Rl\\j1K\07\"ޣ\雟:խcO\\{\nzG\\1\h%:\\\E}cY:\\w:i݌\!zd.q%h{rFO<q\,9q%\!Ri\݆@\KXV\6\Z\0\0Y~;c+RѶ&\\z\i=1;\02Q\n\c\\n\A\r\'1ٌ\ܜE:x\_ ؿ\\$/\0S\\|y\\(\hˈr+)Uy\\)4h\I\+\\'c^\<\Q\\\S\e8\\׌\GӋ\\0\Q\\5ڮhx\p&E5<\\}\MD\r|\Z\\^bZ8\m4|\\xz	NQޏ\v\x\\4z`5\\T\o3\%^/f2\\\Y-i\}fn呼V5JzXϯ#˜*\\\C\0sNG2\rT\\*iI\!\6mj\HA\xs^\\\T\\K\\\ۈ\rط\RN)$\i=d\1V\\\8+\\\\Z\\D¼\\\җvX\\a|h;Vݏ`p\B\q,:PX\\\'\\'Ht\2Hu\x4p\rWt@	\]\\d޻v\r1\+\rC0,YC?j\E\\(c\Gƚ=!H\\\v\0΋\^\\W.}GU\Վ\}.ͿiP]\,P\\\Y^\vI+\\YE3UkK9h#\\\=\B\k\8f4M\\\n,lJ:aH\>DCaK	) r]:-@\\qb\\\Zx\gx\.ߜj\C*Fy1\$\-_\Qg%\o\\rݎb]>N5eKO5\BǞ\\0\\\z-P,Yn6h[\<\\'\a?gm9ǢCڨ\B\\YT\>\r\N-|\8c\InE\}$<i\'\Y\-W\N\̻3\Za:5\X9>\noI[%9ggkcQpJI\\\\.Դ\$\ƶ&\@\\On6\'9]#p\2O\\[TW\\\?ԗ+3\K\t \|M\]KW乇w|\]N@\'<\#P\\3#-\@{i\,nK\\\T[\'\\h\]]\K\s޵m4Yua9\\9r\\nx\|#f\_7VU\ӪU>\w*\8z\F\rz\z%^O8\4l\\9!n\̮L(\kGn\o\t<3e8?7C%]\ݳNaEb(\pnmt\sp;0+J\4>*\CrE)ڏ\r\wR\\0X+V\\P\\#A\\<UT\{$\rE\^?D\?\gx\\rM%-lH\O\e$l\\7\\09\C6@\\\M\0o޺66x\\\Zk	{N\nb0	(\\,\24uB-7;4\\\FN\(5VԾJ]b\\tV\em5Ѧ6U\Or\?P]E}mkC\\P\\\\\\W]b\\L8~\\c\3t\|R%zŤS6[w6}kE\\ĪӞG\\Io.%\v7+\n\S\k(	\\V٨pG\PN\"\\\'Q@<Z߬x^%=\TN;nim\\R<\@@0V瞅9[*z2$)c\\X\ \Re1v_\h\}c)\q\\Z6!WUz]\8\YN2|\li\H&\Z\\\c\\\ђ@*\ǁ\\I٣)\BL\X\\\M]O\~\0\\ZV\y\K\;\56\ZN\(>xw+\|J\\\@-.>p\.9\n-Xh\۪\} {\ɀO@0M[qes(\\[lT&@\\Z1\QvE[vLе\\\\q-P\H.{yF\nm|Ę\?\A֊\"0BJϝ\iB\GXE{\:4G|Vi\Rks\J\\r\>*\Seāу\"Lsp5骉\;GSmHZ=\7\V\ox\o\Q6#\r?\rI\h\\ߴ>*\BNE;6#;\nO$^\g|Ri\\U?1O\\=?\'bO1hz\\\d\݊\\l:\ZXϘ@\I	\$P14ռԦe\hI\\%c\\qd\}A^g}{\\㪟\^`\RsDr.B0B϶ɹVqE\3cQ[\LҎ|h\\P7Cvu+t\'qNܔd\qܫ1\n[-\C_	\u(g\n0^[N&=\\XY\r\\\-\\(	8.bU{\[ݝ\\%\Gd\Zim4\j\d\Q\\G\r5$gf\J$vm\HǬ\bY\ºO1\5\m1q\\Z5P;\ME\\\)\\a9N=Qǻ3,\&	\2\]#mů\\\\_ 8V4\X-\qF9<\Mך_1\n~\0\@\*Ҕ^\2\.\u\?4{\l\\f˦t\\\\t;owȺ&)&:\'6!*4tu\+{ܫ%0L\L\\l\2r\ܿ\pHf\r#ߺ&v~\tG\xt\ªѮ\"F\\\0ZWU\Б\\"\MR+f\v!\8b\cgv>G頎[M\ct\r\ZFMG8<\\\K\0ܝ1\.\n\ΊSP\ ݬx%NGu\n\Z(tVX;9\\S\Qc2H\8RK=\agJ;p|\N.Ys)c\rDna1\^\\oYއ\\lqԁ3S=V\\jS٬kxT\\\\&\Ij\'\reE͞+(jt;\e\"ô[ki\\q\>\H\&\M&]lW\\n7Z\\\\\\'.gݍWK_QՉ\<U\\\\b\1\\.IjtMӃy:+-<*0\Vj,Ѷ㻃\rʪ\yI\)3(Uc\\\?魽\;sGĢ4\\\KoP7\{?猲gNN\Le=].<\\H\tt\3\OT\\\S\\0\9\\	\T\~?tUl\\k\\\\?G\\\'<w?\6\q_Bm⊗OMH4TL\nh@\ז\f\EC\b\˜qI\\edВ\r7\e4f۳[\0\ȕ\RSS\؂1\\\\ݘѯr=.\0ΆWJ>)!\$\{\0PC\\h>mC\r\a4t\\&\0%R\T2C\u\M\y\\'WAh\n\'oA/\՚\]ǵ=\\YϥͼjF!=<l\\NqI-\ZfY`=#\'ܼ\\ǕgW\RsX\|ӛJ}6+8=c!֠\ڃxM\pS\Tf\[A|Gp0`Ѓ\.\\\\`3gEK\jVUE2IJ\\Y\,*9ݜj\$咽]B!]/5jx\\r4\yعV\reA\Z\ڻ\\\\ɨe2	֗ez13Fp\s\5+93*\\cOf\7_p\0\"YMK7[?(?\\zܬٹW6gYQ\\\\\\Q}\#i\$\\u\0\H|7V]G4\\\:\9J0\M/\I\A!\\\\\0\lQSHbp\=Qx\\ֶP5~\K\\\\$q`wi?Җ\\ϣ\$ӎ\vԒT0h\F\E2*8\rY\"Qu\\'\\p@A\0<<+xZ6v/;s>\Jꌪ4\,\քϽ@ FDK;ʻm6\\'\0<rk(\s\po\<8uoV8\huP&\0=H}4\j\\/ql\r\#4V;ž0 \\\2xsE\\(՚Z(!rS\\_F\\^X\VgUѵ\\!t#9]\0ui\7~\\˚>7\n;e\s\ 8?Fv\\%ZfŒH\d	!Fm;]<os\#ip<\kV\\\2JƇ\>%XIFh\@4Zjp\\[\\QBIhϊ!=D\\E\Z\\9.G蹳\\ny\Y\Q:VJu\\HB	IM	\Fv`\Yfʻ<\vɝ<lj&\kA>+j\q\r\\R\\с\Z;ǊLvsd\!\UֽTUMR\\0b#\\xz5{)=\"\[q\\\I\{\w\\\\ʘ\s愴\\0wP\HT\Z\Wc(EAh.`Ňĝo饦Hʋpd\:2&=>\t\\z+\cB0([@\\\=\_Ev\\Z\0Z2%:E8xio98\^ka\Z|1T(3\\3\vE\ܽ2\Z\	bZ@k\ZoP&\,t\{qfAW޲\H\\P\ڗq\JI`%\C\|S%\I\cf>*\0orS\\c\%\8+\\'Tɩ\̍	V\\\v\}!d?i\*\\rKq;\0\=\JG{\Z\]c䫲\vX&\nۆ!\x\}l\\I+\ٌr\U\;\p\\K	O\\\*ha\]r\rݭ\S\,okLm\'\ӹ\r\[Qcͅ\h\#ϹB{\T\Lj	\Mmį\QOvަ9h,ƣ.p\ܺLʰ\j\L\\\y[Ll\o#cd\8\u\\\\\\Jt>hD\5K\\\ІI4Os\Kz\\n\3p++T\\Պs\)zQ~\%gB\)\0\r\0\=B\\]\\GcIqL\"s@u+ʝR\ꇰ\F\Ü<\E\Z\\\۵kF\;Sέ֭ko\0tCh)x\0\_\s\xbV\O\01u\Lea筹\5\9\\kvkPflE\r!#q$|\	\M\lzj\\c \\nU/%1\J\\=Rʊ\z\\xOq㳒H㣦\\\j-?\'Vhy>paG2H\\2\ೢJ=\)#۠W8iq1`\rhY&i%{N\\\\A\\]\ZA#ZR䦔\+x.SНz\\"ݞ\\vx\0\\n;\\Jqm?o6z7FU\ӫ\p\o\\\\\T3\E\\\EoAC\\e\:\\:&\\\1\u7\\ZRq\)r\\W0ҋo\6ϦMEǰ\\F\r\y6ڪ%\)Y\3yӠR\\δ\9%/\_\e^4z\),\cg\w\\ߴ\\\\7[\0jD\q8\ê\qw\'Z\\ڊ7$ҒizHӮBmI7k<x\\IۤM\B?\\\0 ~\\|\Cd\\˙\QUoB1\GZ?\\<6&=\x@\\h+N8u#CN?q;S\r\&\r\Z\_\E:ǜIJmxǜN\~\\\Z a2(^<\\\q5\0\Y?\\{\O\-Q\m\KI8\Vm&\Y+\\jN\\[\)\#Y lҹ\;\U\W1\[\of\U\?op\Hٮ3jY	9l#hh\0\0pTnKE\"/Hh\s\\z.!v[\\8X-`.q캅n\#\1CD#qA\tQK]1\\T]\c:uݻ.\r軷eH1\m\9P\'E;c\Z\\jҊj\zx\r|\i\͐eT2ɣl#pʋ^ޢ\)c˟nfS!U\'vG4\L()\mXȜ\\s̒\Ov\jůT\?P\\d\(B\}\qg)]G$-q#{Jy#7\NUr0uV\F#\M\N\7X#\\\HM\dd5\hw\D;3\Ԑ?]\\\\QUq\G\+#Z޴=4\'\\'R\`\no\鋌75\B\\\Gv\\'y܂8\?\\=\\ޑ^.\\\۔w66\8S \\yNg\]Ĳ\0\'ˡ{\0u\\ۙ,6ӎ\\sFOQUu\\i\7>b1ޠn\Qp\Q\\VZaiban[\Ej7ls+&-7Gl{\0Re\\b-E\\U9\\go\0ކQ[y;e\c\gpN<1\+\q6Z\`\F3\0\EyhcվY~\u\=7\ؼ\5_j\9\Z\ְ}l\\,j\k\\B;iӛ🅤\\\0|\\\nڇs<v {U]5DbH\\@\;\0i\eʦM\rq 5\\\IkC@f;>Y\\6\ztE$\9{\\=Cp2#\0a\\〾\\NdD9\\BdM\5ͷ\Nu\_@|>sZ\5D}y#.\@Aӛ\Mw%*Td\MV\\a\\2[Jz\U\\ϗb鳜+\d\'_ѥ&\\\vjyc%=\S݌.2)\Z\c\\hN\\Tv@35\_C\h܏\\]+u쿄/_RʥY5\-\yowEKIK1xkI!۷D.\M%UD\\kp0OAv(\\\ro\Zx\\ф<_Obtip\\0NϽWPk\/\no\r\d\~\\媤\3|ă\0\Bl\7.\\A_A\nx\\d|\\\tπӌ7`\u{\\dipkt	m^r\\4\&w3WdgB:!s`h\0i\'\0+s9柙\sh?\K\+(Qt\$o\vw\n\9&\NM\z98\1\\ܠlؠY\1\&Uѳ\\0E\\\\=qi\QR*WSJY\\i\Ѵch\\R4\'.1\\SI\T\l_\\:ߍ\\	]Yqݝ}\^H\\D5w\I8qw]\n\Ȩܙ*9Z3)uI҈\}K#\SscP\\vuŽh\>˂\{.4]U\pV#g*[(d\KT\\ΪCt\Ϛp u]\Z5MO9[\vnˋWV\&9Q*D$\\ݲ\\\ʭBX\$lhs\\\.d*xd\]gR)\\z\߻eȲ\\mK:v\w\i\"\\\q\:75!\Ҍ@\WE/{9p\0I)[)H\\ݦ2qG*E\zx\\\\\\\\-lQAm\R]][y?٭as\\0?\'0򸻇F«~,wWU}\ZG{50\'\U\v\r%?H?P\N\0\TS~]2t{O8V|p{˹gn\rǫ4\rA\0?\\\\45A<\C\\F4\\88(dC\rkF\0\\+\|csqYb]Tr\Q\6t\ZE\8\Z\?\P\\̖gB;CW[W\"\\r3$RO?(p\\>	k\5\g4G#4[\4cx\">bhCD\\\G\\r<;ct\m:<5\'s߀\\zjܮI\%ud\..<\L\hC)f\H\0%\9M\&Y{p\\zmt\ǔtaŭ>\u\t,Y)Id0I\@d\I\i\($C)\\\u\c޾^Y\=Ksdf1Q1\ӱ\\8?\n\=5;\Qxje\0:\\s\\_TNw\\]V[!}O=EDҸ-+ZTT`|a\rJҹ\nS\XK\\\'AE-+G\Z\qYUM35}l4\KO5;X\k\s״~j\t\r\\4\T\u\o5+\VR53K\նq?\\WT\n\\Z,`X<\::\\+N\\\0u\	G\\#[\\\)\`:\\0IkYR$\S	\\\\w\	\3{G1$kMT-\Z\\\J\n.V\\\ZgL#S;\Nz\:djHh\s+\g\nĮC+Du?\\җyh\\>nj?u?\\[%{,wI#K7_\'\:\ۍ\XW\c/\R\'L9\$̑n\'\'\'tI%4Ng%GTM$	RI\IQ\]\\$\\-ǲI+\\1PI$QI$:pHHBAt	$$l\\\$LD\nI)$5+IV,$PJ\\\RIE!\\Z()$I$c0B\$\4\\.\\I)\Lͷ\Z\Z\\\0\0C\0\?C\0=\0\0\$\"j^\	mS\\&<!\0$4D_\\CO~\84ۆaԃ\IS(uE\\o0%\\\$UYS~\\\\t֖W\0XI\m\:׶8)\ɑ:\\\I\lH݉\\s\${\I$oӛeحsBݼmk\/)q\\.\;\9s\\f܄줒\\0>\Pý5qO\/\	|\=!u6TJ^*9=\\S8=G\/\Χ\}!\0Nʧ\\Oxfu\{Y\Oq1ݰI\\ԒJ;uؽƟ:.ks\r\\\w\0v\F\91\IIzS/\\mZÏ\\\p\foK\\\\\\0\$]{.*}#+ϡ\OySJ=%\\_Y+7ļ$\e\?8Z`\߮y\IԺ\z\'\0E:ڄsN8\\a\$\3\'),(49,900000029,'237gorgimera.jpg','\\\0`Exif\0\0II*\0\0\0\0\01\0\0\0\0&\0\0\0i\0\0\0\0.\0\0\0\0\0\0\0Google\0\0\0\0\0\0\0\00220\0\0\0\0{\0\0\0\0\0\0\0\0\0\0\0\0\0\\0Adobe\0d\0\0\0\\0\0\0\0{\0\\0\\0\0\0\0\0\0\0\0\0\0	\n\0\0\0\0\0\0\0\0\0\0\0	\n\0\0\0!1\"	A#Qa2$q3%BR4&\n5\'CSDbrE6TdUeF7(8Ii\Z\0\0!1AQa\"q2𑡱B#\\R3brC$4ScD5	\ң%6sTdE&7\\0\0\0?\0\?0\r^Z\ޣ`J\"w&IERlS\\\\a\N\éۉڮZ(yR{~Q[ͻy\\"\\ s\;\\\UmZz$D\\ܠQ6w\N^N5Xc\4~\\\eɭSQSg\{g\l\ԣuGkc\n&6\0t\\U\y^4\`$tÔ\q[;nqpI*es\ndn\\Z|?wLI$\ZUS!\\qqa|H\E#nr\C\&A\rۀ\\Z\=ų<$\\\6DZ\rL\vw]$1t h mO\0t:+=D0Qd\ZBc)\sEL%2=Sp\r\C\nX\\9!aGX\\1(}\d\\.\\-\d#R\\M9\\M\\<{\\?ato-)cN\nqԺGt#`\r4\L\Z\ӶQyQZS\F,W\]1\"%r\*\n\nM\n\]\rv\\\\\*\M3iBj\;?~ђH,z`\"}L1n\Zڮzx.\\\ۄY#\\\CV+Xq80\;\cw/~\\\0\k\\?g\M*)\\"m\PC\\\#\0\\u9ᐡM@W\Z\f>.j4\۬R\\\hP7u샜~\e66_Qsf\Z\[\c)\n\\`MM/\eR\]L\nJ\?7,N\\\#!hVNr\ZB q\\qųsg+\W\19\>[\hE:\x\:.\*Wi6\\\I\\r\Q9H%In\'\\\-\7/s-a\rA!%r\Z\Z~q^q\_Sz8&TIB=CV\\\8s$n\\\nfQA)CQ\z\\r<p\'bvĒc\TRO\n_o9,\\I ?J=$\S\K\\0DH\1\\0C*iKWv4;S9)j\\\\5\\I%Sx$)D4\;@?\0\\ҥRt\\	(\\a\|5F6\kNqW\QR\)l֗\/(\.9\\'\RQ9E^\Ɋ)Hu\r\`I}J\Rae;}{2x90\\{bYV\ODcQ\\Ly\ScRl	\'*+\\\\NR5\\\\a{ d4\q=24q\\\%\l4VRC@\dt.Is3x^B\|\{sWR!\KGe\\5Q\2%9\"\6)o7kV\0\n\0| \R;OC\w\\aL\\J|\nğCOi\N8p?\\DĘ\X\0D\\fN5\'q\ڪX\7EU\\r\Ϭqo1\\\\2ifѻn{v5^upA \rT\@9\Oyٶ,|ߔdP6J̮e8\ÜA`n\T[\\S7;A0tL|\Wm	2W4%,\]IY7^\\ڝuJm)m+KIcQ\6eӍkJ֕4\\[\eHk\W\R\9p\0&8n]e<\*\\u6릻w鮁\*\J>Aʪr$d:UQiLa&d 4޾*j\0;<I\<ߎI\(N@gk\Z5-+8\\\Y^K̾8\gn_Nx\w=\_][EUV9\iĚfNdS\Zշ]AawkT).Ōp\3ï@}T\^\m\K\nc\\r=*Z{\\TY\8Vtc&٫t)\VI$*7+>\,,lHBF<(5v8\\\\x\̶nYb77\YR7\\'^l\T[Y|լ\\D\VpQL,}7ueo~\x\O-V)Z\\9\X\{7\\t\"BH\BW\Ӟ%\\H\9k$rÈb$~}&yqOȄ$32u\q[9	3!(QfʝHk\'\Z\byA1\\'\\\\uX\\fVI@\]X@1\"X#U\\cM\fY\0^n|L+\U$(Ru\nY\WK\~d}&\ZL6h\vҰLp\\wfT\E\\+1\n14\5\06u:&ҙG\0)BxpN\\q\\n\7\1 \\n\N9\,\O\.\0/\]\5;\\LNZǕ\\v\r\\EqW\\\I\Ů(UA1L .AݸAlXyr܅4\r\niSN\T4{\\y;QDH\R\0g*\q\=~\o\Zq)X.\e\Uo]\\8pF\\.=\\KVN\55D\\\ZlgKc\rLR\e--e \ZZ 6HM￨\%\@t,j\0l(ʠ\q1\ۏ0Tk\\r\\f\"HS\U*\S\\\?QB\.ѩX*\k/LU|\0pf\z\\]zۦ\S)\\1R\eVb\\&|#X%8\\ߧ\Z(\Qw;r4Cj\I]5T\\CÜ\!Wɍ\<B\nҧl\\5ğzm\I1NeF\$0)0\`\:S\\'ki%Z(ʔ\E@G5:*\Zb-[\`y҂Gӓ|^t=ct~Tֿ\\"\\Ҟz\d|\ih\ٰg%\r1[*%1@v}\;\\UyLRFF(H+ \=AX\\\0RO\:9u\rZ\ݑ\\#0\h\\\ҘhwJ_!\&\\\\"VVS_YS\\**\\Q9\brk~C<\4\*aE\ZI4q@c(\\0Q6NX\\rH,f\rCOÿ땥.\\e\"\%%WV95[\\\G;)TrPM5mG\\B\\^\\{WGS-vbHP\U\35=\&\E>\E\r޹nV}1\=\\J\^\\#XDB\j<3P\\z\\.qpϴAZ H\nGk\E\\6\\\ON 	\$\K\[R7+:\vZ{ j\\\rDyQ.\D\\'Ծl\0{{ݾ\t>t\\2\a\r\\d03\"n!$ 6m\>8%Gv5Va\Kv9\\\\홻`I<b\$UF\T!*)-꟨>\Ik\0p\WR9&.D(J0!+RK0 g\\'ڵqWX_\\Y`\Zd\\\WB\18R\\\\8ᓲFHH?\\r$\E/\"͚.\\1<˞5㕈\"HR\0@}4\}I\\\ߺyy\'˙aRA\\EaJxM2\\_\\\;N\-\nVO\+g2*DU\r\\":?\6>\n\+X985L\UfV\\"n\S1Jp*)}c\\\\\/4\\GG(\\J\2\rA\q\\0J=U\Cێ\\ZnwV\D\dBx\ZG\' \JG\Z̌R;D\	+Vގ}5f60B,,8_Шe@>\D:l^WO\qn0J\НHd)54Zµ,u\{뗨7q\[\i\x&[[H\i\[I\pUPF\\17R\AwK\\i\\"cdٙ2\0\@7ĥnӻ[-\\]Aȡ v\i\\\}o\\0X\\\l\<C-jBGĦ5Pr+\r}sf$\\QT\8ERJ\\0\\\Z0tOOzGv\rJ\Q\\Z^\x\'U\\rG*mWn\4/R>+F<gq_>e\7Y+\/^\\O\;*\U=@5|_\HLrɪJ\\K1\"\"G%rB\H\R{2\zK+f-\	hn#4)Q+j\ \,yH\ǘ~\Q!&C|޷:џMLC\Z\T \0a\0&\\?O\\g]\))\\\B\֫OV\HC\W\\\\\S}3r=\d\)\0\\'\.̑*\\6`\r|}?\0>:\rM\0E]\lG\<*ti\N\/nx\\O\]5q!\vi\ݍߣ<:\0A\rWlS\'ҾO>\|\\/\0ҟJ8\0f^_\g\zK\0\?\\S\|\0N8\\\0\㣿<.̰Cį״TPab0Q\",.L\"P\OuCq\f\,ze\\r{1\\\>Nb\:B0=s\Nj\X&7fY@\$*>\rv\\ٶ\MХ\-;6dP$+t/ׂiEPp\TA1\\rG\!]>a\jIS݀\0\\hݸ\tig퓶\LTPv\1E?n˥TxgXC_\\\eLBØ\+  *&A<nT\\?>=\\U`T\As=\c\bp\WH\	u!\O\Nu$5\2cV\meDL1\99\nJ\PT\\\0(èr\Ǝ{ն4\YSx\\Tv\]D=AB\*\0t\F{GW#N\\"N>>\0\1\ضRhM\n6m*jq\\r\0O=\0lrmtP)\Z[\\f\\'U	Ȳ4@Tu\ TP)Lm\\!ڇ~Z\@Iě:\)ß\ƫ\"\M\z\5QX~}C\\\n-JJ\rjiLI\.al\*A=!l1.*\\0Ne&E!S(q\ \CR\CqX2$9\>8\\\[| {~\0ۃ-EZ\i\\o&ʁ\\nߑ3rG\qExL\\Z\Hg2U\n\kpi	%\'>Yv\C*Kk9M\N-O*\\\`>\9\L?\NcoM<7psp\$d3\\%v|i\|\­\YiE\dL\\'t\x\*reT\N4\rp\!dx\:&1R\	\\\xu\\\\۪6ܗ1t\{\n\d{㳺uXq*ZFǙ\ \\\lڽ_˦hucQ\Z5͈\r0}\qX\[zT,\ڜ\9\\\' rtrI\\"T&\ p&\㽆ȭ\\@\T\rL{\0,\4\Gd\Ɵ\X04V\\CQ\\\0\\\\Ւ)]P>\_\G\c\\5U O>GJ\\\^{a\U&_\n,󎧳\ZO\aøl\$.\\&9\\\+\ɸvCȰ\m\%`,ؚ(4-CCS\V34˷F\+X٭o_J*(8\"\9cÒ6\)S\n&\v,\|M\UO\8*2S*\'uHh#3<I\|OgW)2>@1kG\Qa\a^Q]\r(3USZT\\\\\p`\\\Z&eQ\H	2\(8(ΘY7\\L2\Q\1fg\쿄.[x\LK؜P\\wHD\ʤA\!D\I\=Y!\f-\HJ\10PeDI&Fї8&\ky{m{\d5]4Ʋj4a]9#\\ΘqD,<q\xĘ T.(gO\w\:]\\(5׭\r\$lSpDΙLc\kgUxꤐ\`jdEhs9\~Kvh\\`2OCqZ~U s\y\'|b󣘙v\e\fF\\5l\J!Fm\;C\\"P5\Zf\nJj\oX\"\\E[*S\G\wK,\1\Z\$\Y(Utd	\"\\\=kH\\\\\Y>\"@8\9\\\\;/\l^Ѣ]q\\\Q\ڀ[\_\lr0xXVY\9U)M\\z\\r\\\c\Z>CPjCjZ\\\nfǈ\'O\\Xspb\\n\([MB\69k\ٍ\\kt\Z8׊&\2[++u?E5\\s\\1\'[Fq\\S>cQ t{w6pW29)Ofx\[rM?G\8\ \\x\칃\0Z\\)Y$\p*\r	1a6r\*\$*aQ\ܨ\)-dח`Փ(A\\)i\\a\yBf\(ǒrw\jsd\\-^\w!\IAj\WoF}\5\\k%GcipU>ʟn%\tx!L\scZӏ0}\\Dv$ \E\pCC\p>/K&9\asokUn\ן\^\O\bjE%8H<h\ZͫtI\\\H	NIȷ\r\(qt#D\\0q.\\\\8n|ȦDeEGdtusa\\_>v\Q\Mu\COs\\Uͦ\,\<Ip\G3۲I\)\\nʒ!C+\ST\5NB&I6\BymjbE vy\꧋g螲Kto*\I\,\Xǈ\YS:\/\r1\P\\L\\X#\\Xf-vy\оlJ\\2\YhY\"hgI\G\\4v\Zzqhf鋒p\Tݤ&O]>m:\']!\V\\\rk׷0\tD3Ҭ~\f\HT\R<Aq\\0\Kԏ\\zn~m\{W]D\\\X~@\nh\\iIAT*1sNаЏ:Sg:_\¸xx7h6UB%\1T\\{w\r.:f9\A R\Z\#֡\fi5\ZiG\\\f\mg\\I\\ZV\\E3\jx\o1h\j\ro(Svb\\a X\ՈzlCEY;(\n\VT:+\i&m6.\"!m2\ӫηدj\\!vR\rF`\>V1Fh3f\\7_\\\lckܶn~6RMl\\'ʎ\bB\*P\n\q\6>at\`2\\S2*?.\(tI->&\0\0k?[G\\oc4fMTv`:gJn\\\\o}}\6DKR\6\m\0\"w\npWx\C\ʽ+\`2\"4ī4g\\79!\<E\*\"\EO#h ^\T\k45oՊ\)C\!Q\eV\\~it\\N\\J;蕮\0\"0m\nƵ\r%$ <AB\rkzo#S[\DSIT]@\Ǫ&=]\0v\ם\<\몎	\\\2R<=z\\0\H[4\ǖ\'-\$n+J\q\s5\rQ\;lJU9_՗UbxZ9)\rGӄ%\P>GQ\0/ZߩSm$}\v\=wn䨀H\8ݪU¡V\X7W\\\0J\0e%\\\\Wå\ZQ=\QiL\nB\1\o\c\\'8\\v\\}fk\h4Y7\=n*\"\P۪SKj9Ƀt\{ܻ穡\̂A\%215fpY\\\	#A\\\ѶmL0m[\\(\\\'\\Ȭ/&_+\3\ \"a\\\"\'׾\נU@\gv?6\`Ms\\2i\P50m;@D:N\\$sָ\LQDS5vC~\O\*+S}n|5.*e@@Jet\\\{w/\\i\\" aQYR\;t1\:Mۮ\0,5j\p\9$\n\N]Mq\t\j=Epّ<ck<9 GC:\۾\;$K5θ`e\Qn\*)@B\GP~= Ρ赦iL\\W\qT\hvKY]\\0\\n \\Z\3ћ_\\\~u\\)x;0B\\ae2|j7c\Z\&#,QڂI40A[\E-ʬZB\nbw1mK~f\\5)^d絛;\\Qv8P\aGQ\"\Z\0\\.\$Z\e\\y%W\\ϖ\\\\O֌+\\#)\\0\\DA\Du\0\ע\\GPXHp-NqOh\7HD\$\\\r\°h\@LQ(@t\\Tc\Þt 3s\B\+\0yگA2\ \RR\\ouu\Z\0%[Es\I\e<q\n}an\\u_<+t\1An\\\m%b5f\n,AE\ҙ}\Z_+/dt=KrX\39JS\!z_]WLQ\\\\yp\)R^yE\nX\ug^\jtLDTQ0\04(\bgo\\G\n,9W\Ăv3\$QۀO\YB	{`\\=\.-64w߆o&\%\Z\8FiR.bg\W\'SS,\0XRa~:U\Yc\rN5\\.[	!J\qnz\9\n(wf\2HDͦ.\0\\"a\0\0\Co2]op\}\n\E\Z}	\nzq+\\[=>uL\"\+Mr5S,)\~L3#\(| \EP\VrV$\\r\\si.or\z5[r`qBTʜhOMh9V\M^s#F\Z_\l2ر<4Nˍ[\6\"}L,X\"\TQ\'\)\rh!\0R )\\\9-+!\'S\$g+1\\3\nIF\Z\/θ`&Oo9w\Z\\)\"פn\\"f\1lTJTDN\0T\`}\\m\-O-\"&\nsUs_f7O\m\v\\\\6I\V;#$Pt`5\#HƢR,\l7@AQ9>7 v\E[v\#(\<j@\\'(\\/\5h>,\,=\n)ǲ\\F*R\hr\Ie؀BB	5TYݿm/rr꩙QjB\RIneI\YkX!?3 wonte:.US1S1\"p۵\0t\\bP8\#%ZcK/dV<=\v\\Z6␟\2D]ᩍw\ᨃ4@׿Eo,!EOn\'\Y}s\\5#prC%GC/%PJBU!yOi`\\{[I\0H\f\\aƷpQ\NUx>*\Ļr1GB\5\.!\k+\p\r\5+~.Y\'\4\%:rkCh\Pm\/no<V\w\\\\0\CS_V\-|:(G\*\\,WWw\Ӱ%xm+\\"p\|d\y7\\c|\+	9u\K9A)&\\nx\\r2d|E;L\-Ӧzu}\\\"ݔQRuSR(\nHҀ\mw\V\\m\ux\x^\\\ry\L)\c#foFԯ`1\\_Z\\4\\6ow[j3,(j\~WQ\0hVꪡ\>i\\^ʹ\\Е&	P6PF6Y\n\Zq8/Y\c72\\TePx{xH4m\:~[\K\/go4d7j\\r\~<w\+ԋKu\wZfl\ɖ\)o/A6VK+(-\R4;T3;W\X\5)>\hIqjip[UkZP|#e-[ל\Ğ\r\97I\T\\\r\'Pdx*C%DY\Y\N\Td&^iI轲m\k\>c}j\\nA \0\"\\\\'p\u\Ŧʪ\"*BEu0\d>\+o\rG \\ykQ\\_5UrY\"(a\nm\\j\֊M˹X\Q{y.\{%\\\I=ð\\\{c\0&\ض.;\\Qͼ.\s[\JL\|iFX7>\\'6ۺqG0\0iҁ{\0~(ۜ򵍬r5\I\\#˸ӆ+A\\ob&n\\\gv\*\w\%\\ 1u#\4\ \0B\\\. \؅ۇZr\\#UǗoY\\	O\"Ab$\VB0S\\\\rv2.b\(\}*/U1_w\$\e\\\\\h<jc>5|J;*q\\\0|x\MO+`[ԞWj\;2&-\ի\)\"\$cj\1\"o\nH*\8.5\{\MD\dդ\ɬ\\\T%80Db\ng\}]Zzs\\m{G;d1.<qT2\@J:m,s\-\Tc[\1֪$\\Ǖw\ڙL|\\\~\\v1mū\\$\UJ\n\ɨ gxW\ZO\\\0r_\\[E\Au\-t\h%#u+K)!Mj@t\h&ܳ\\2$;W2=\,\{,W\m\z2<4\Z)\\I[(3&7q4\*OSnk\źHtB\BԆEgV}U\PRw헮˯L\\[V\:\yu\-m$\I!tv0j\eP2\̸\>ig<^8v_\a\9\\"\fK_,\5\r\J]\\\7$Λ\\n7f\\`\/R\0d\	7\R\\I\"I1\Z\4\\\W\ZdܧKk=Aiw]\-N/\\\\49+\|]\;~bAR\`H\c˅\nv5nEYTĤe;ilN2)4^t1\ \0:k?m\o\%\D\r\\\B\\VM8Ӏ\0:z;::ê7nOZ\?eol\\r\\\\k2\]2\b,\K\\/cltH\ٖ\E\[dcaI9\0]4\Gf5=*P[\ws\L.}d\t\v\f,$JFR\UH\+\}\Nطz\-\"\DUx˩FF%M!>PF\.ݘ$Lܔ,n?p\[<UE\\:tTRM\nF͎GB\0bLp\0\rDu\\O_H\:\vN14SQI\"zPԁK\nVcpE\0oGЛg^^-\6iqpV3\"\e^JIQ\+QR@G%Z1eԮ\\r@)Z&h%*Źx\40Ld\\0\<V:\ҐI\\\UVAV\2+\n<\o/J\6\\"\t.\\<$4/m\\\Y~ \\_[D\\{Nf\P̘\\"lo\%$D3v-vZNbAF\\p\\0Q=#.\izׯ\~B\2$n\\<5\^v\\\S\kH=\EH\x\K+(-\f-\	S&Mm|>\\\~\&Ffi\\饄SakvpUƫ\0\"ѸI\0\0\0\ecwrťn\B\;<aK8E{?1ddg<h\$(6\0\\\j0\cbTC5\rv\rt\r;\\$\\$\Z\<yu\\'q\\0v\#A>8VGm\n\0?\\!\\0\Ӫ\q\Fb2ULJN$mJmGLʲ8\'.Ia\ȉ&c(Rj!\\>:tB\Ҙ\8\\ո6)Gǡ6m{\\tzY@2\%s\wQ1\RGQ\\\jPaA\c5\n(\pnC\0i\zd\r@0b0=2\0^\\-\_P\0v\l_\r\K\\\~\0\!q\r\H\nE\rT0\0\$\=\":2\R{=OHH5\\م0Vd\&zFN<TԨ\\r\x;m\\v\o?̱͈b\r{W\-\v\lOA\\npoᆜ\3U\C\c,{0-DJsBn8n\LQ\]GV-\\\I#g\\Z%FYӻ\., KdO\c\d\g]\ZBE\FD\(\\%PU&\'\%\\"%\\\YaZ\\B\e\4kkVܨ\ʃ\$HWQ2\ Ci?\J\07\Nx\t\\[\Vv\ȩ@F<Q\ɘN?\\L\\'s\Vϳ\Ľ\\4CY\hkߖ2 ̴ABR\"UJ\ne*ɉP\ZD@B\0QdJ|\\\\l\d\\r>uX\3\\Oi$c\?lV0sjc&\Qt\0\\m\Ȇو7w\0\J8ś~\~Cx\\"`q(	\0\\0?^\\ɧf>\"39\NQ3\t\F3\\\l\\\^rPA{6\Hw]B)P\\0)GA.c\nRUȜ\\\\\d`SMhx\n~byۋoYK\+fg\q-\[J\/SǱ1#\\Z5\t\\Wu#\Z51\3RL\%c\ԫ%;? V%ա筼\&7uA\\'\\g\Py^H\X۲	Rޥ\Z:J<P)\0\0ud0R@\z\"M|\\\?\NU\N\nҒ<ؓW;\\+Rk\,$u\8\gǒ\"\7a\-6-50\\ct2q\o\i(̂sӰ\nG2NX\Z3\S8\\d\n첏\"mrX[O\\հG\Յv!f%%䚦\SL\(\Tr\\\\\=\\pp5Z\+P\0%T/ų\\\-\\\Y\>ٜ&\Ȩ\.&M\0@![(F0qY\S&ߤUvg//7}\;;r\np$\Z\i\sϻT`\4o]\NeU\\**u5:\\0ѻpUTdqtZVa@&2o\\RƲD!\\j\\w\~\:rե\0\ƆC\d,7\j4YXA5SDDJL}jѫe?cS\'	*Edb8l \nA(D]H4qO y\\-\E\RM\;\\Gqha\8Ɨl`\ \Q{JM`,νr!Pi%7e,\bze]xQ6jy\kF,\H9\\\\TTgL˪6i\F\URQ\0P\n\3C\bk@2xW>Z\5[s _\'\\\\[k\-}xԥ$\%d\TyӲ,1@DyA-j\2 \1\_9\ne\ݯx1\\f6=J$f\r-]\'\"\kCJPT\m廸JćHTAFrh*\0\ !{>eM\\0f\E\E_gݟۇK\cm\\k]~gZe|GAdfI\\3k\Z-S\\"]\\ݞo\'F\\0F\\^\\\\\a1Ȏ֥RFZ\ᮞ?\\\r\޳\\'\8Z\\C\"3x2謡Axga0j\\nR\L\r9\i#\0v5)3\}}^S\-yǒVfi\Z]\\XJ*\ZGE\[\Bŵ@b\߼n\W\U\"mz\\ژn/~\,,ݢ\\gI¤[<\O\\,X+\9_x\2f\0xW#]2k\OMITt\?P]Ɀ\\m1\ [$\LOC\\0:\L\.QRwU)\P\Uv\\N\-GP!\0@{J>\'\0\\m+\0j\D;P\ilV[BcZw\n\crAj\\B\n\St\5i\qo(.\IS\0\fI78y8\9w\0ݭX>\⬈ O25A.\IG<\\(١ۍ\ȽD\\A\s\\\tk\\Z\)\\r\qW2`@;Tg\ĿJ\\D@SH\AE\Ev\DˇJ\:x\n\OI\\r5m3eqLu\G\_jbE*mH%US*1NC{w\3\t\u|4<>4n\5\\\ov]3EwÏ%Y\\#.46Hb\\\4\Vq.>dD\\d\[c\\˹ۏigPh\$eFc˫܆\kօ\0%[I\:3\\bS\\Tŗ\0\6<Jlq\\Ʉs|T[NT52Z3)G^u(\MۨJs\0M\r\غ\s\o\cJ\6dO	%YزƼYX\A\Z|T\\\\D\VMEu+VFxJ\\ \1\40\\{۽CW=SS/\r(\R ֻ\\\˂xQZM\\52\0,^z%. \v\\\\\D>X`\i2dOŤt38\'>\)A.\g;\H4HS\r`UD9bs\Ȯ&d\JW\6|¼v\RWHW2d\ÌѢ֝4oqIҏ$t)\n+*\\\ٓj{ֻdJy]`\,J5 \0+\01\2yq\\\Bj\r(\\\'\ٮ|ǜQ\\\r1 \|뤩\\2\ZܼDV2\^!Z(\T,H\"\'\\7]\A=\8U\jjOvy\5\\\5彂#P\a9#XfnYpuwŊk\\*AP\G\`\\E@\,`Sݭ$A8\\\]ăMJ\p]p\H\A㿙z1W\Hbv\܄y`\r󓝽pG>\-2\*7ġI-\"-F\\M&\(hq\\\]^k\\\e\qd\\DvQH9V\0\\: ](h!\0\@\0\0\\ZiæSCP0q\	ǔ\Z7\&\n:ja\ \0t\\jkLs\Zcj\\\;vS\\0\gJ\r\Z\nǞ{\&:\\Yu\\;Dt\I2T\q\\*B\\n\Ow\@\t+\qMC\'\1\0\ruӾ;MKQ^*l\"E)0>&\5׸\\Uq\\ZT\xOyKZ\:顇On!%r=\A{!\ \\x\0\)o`î,Jև\rIU(cn@Z\n\\ERv]Ct\0]MXQq\66G\_~?W\\\\d(\{T\ZY\\\ ѻ%\h\";\o~[O^[\\Z\L\r\\\\\O$n\\8Y!n\L\^8d\I\\\v&@.\P׿:%\AxgQ\\`j8G3FU\G\ƾ5\Hf:˘\\"\ԤH\\A/\u\s\#\Z\\r\\\Pq\ +\\EّE\\0̒k\\ɀo\#\r\"\4q{y1;y&\0LGIB6+T\\0)\0YS\СQfV5(;992xH`u\d\ýv\"2HHb	\0&t;n\̆\\nq\A\\:E+:Lr\\ufir\<\<f*$\Z?5\ǩpIni\",\\݋喇VAc bDM\?\@\]\/\\]Πj4PS1י&g*E-Je]H<\\\Qj\\"r\\( (|;\nr	90\\&Zu9PSŵ?\~1Q\\-d׭FX\V8A!#DGi\\cM_JL\(&\0)V>`\.\?]Yf0\!\!\Z\.g.:!e>\76\Yg\{\,5\\hǖN1̲W|\S\dڐ\с*-1E3:cx>S\IwgK\>y\ZT=Ri3GU0\-&Ni\\\řc*e-B\\畘HmӄS\\"\X\P6L~Aop\{}ɓ}ޤG\\\;s=d9\x\\3	Y\\+\8l\JEu8X8ª)yeI\"\"ԢbMô\0\\Z\X.=\IjO\0dNCzk/]j]r\U\<)\0ю[cT\\Z\r\h۷DMyt]\%W\\X>p\m\#\\5\)\L~\Vx\\\\nXL|\4\R\\Ff\rڦMVhS0\\Z|CN\0\(\8\йޚY\E\\!\,l]*E0G\mХ\M@{th3#\0,Z\Zx\\p;Ck׶\\t)z+\nS\\*	&,E+M!*\\\|Tsh\\'$9v\\.{y,)PQHS*i#\Sz,.Arj\1\\/3\A\rHnҥ5eÈ|NcF\n]a{}wApP2[\ҶSv\k\\n!﷐\\"\0\xC,Uɩ@\\и\9\\:$r*H# ׀\6\\\i\aעPځ\'\})Q]\0v\\\ְMG+\ZDf/8\:\첫v\1oU-k\qЪT7tg.TPd\'#I.\<b@j\n\0<CPw~j\\\:cn\\?$I\"\*\6GA\nMA*\\TxM1O.\\ \MʒI,\૗b\nO\"\\\0\+\\E\\'e\"CU\n\̎.Ci8AN\9k؈t\C|5\Ǧy2^x%vY8K)\Z\qET\Pv\(0\t)HP\\H	l\ DH?v,Ì8\q\0RYhY-\N\eT\%]Hôcc\@*~J\dp\3\?HO\Ɗ>ۙ\3:X\\\H,\\,U/ʯC\lu2`+Hrǎ!EC\w\;)\\TAbb㏻\be#\\b߶}cW\\\!qIVo\n\\thIo2L\zD\	\_8knoꗺK,(m?m)\\	&a\n^a\ב!\r:\ּz\!\l\'+P\7\\\\ZF\]M,v\\hnU\0RGjV{<\*9\\\qJ#pX\\\&ABMv.\0D<)\/EA\#	D\\:Cs\qXF\\e$4W=*O\_b\K=c8K%p\'Iei_2\n\$\SI\<5MTȧ\\0j\S\0\QJ}PԨq;\mwoε%d\{Tx-Fōn<Yj(bǖ9J ;,k[DhTL#\"G^bT(\\\\1\C8\\'\{|\1Q\T+\\\1LSj1w	D@\~z|8}?fը*X+\IÔZv\$d\n\dEBKNCl\?gQ#fn<\u\\;q5V=\\5\\D:h\\`\u9B\\@YQ\@iĩbH\0>4(;~\?\\\Z\dȓT\ \"~jh=_ǥ(?\naD\#>\~áL\\\ZG\\\yW\Z9\\M\FT\y77KͥJxm\n3\ܶw}HG`;czs&سʳ`%8Ψ-\X.bIWp<|NKL$Pb\\smo\J˱[dpZITRAfRB$Sy\\"N%rEűF%bAvZB,\\ȫc=94\HMɓOk\M\_3mhjhhEGj>ڧ$8Y\O(?Ng\"	y-)\jQnD_Rw&(\\8nr\Jpy\]gۉ\(\a\f\?$]_̸pڶ\Y$Wl\i\\AW\Ecb\n\\SpL8u\\HVdZWI\0\2\5dw!2\\-\5*rS\<\!L(7tOWPZ8*\+\"	\r0_\\'o}	`ցg3\eΙVW\"1̜Att昪Cw[,\N\a*\\"\":>=Ɣ9Qͥ\v~\yFXK89\n	\\"cXӤ\G\\\_pRD@@47q|\^Ǧ\o%5T$R\0\sȌ]ֲhwgTefٓؔB\]\WJ# \\L\slL\\\\PM*8\Z`7\*\)a:r\\\NX	V\FQ)<[Yx\t\\\(L\l	uH\B	HP>\rp\tWqI`(qX\[-\"\&P\OJ0>]\ߴv8\@\R ?\&\^#\\Q݀\2MIFA\rp\Z{@5\\\\\al\Q\0\{\]?n7\7w\\8`Im@HdQ3.Ԉ\rUPw7m2;;tS5*RNG߀\Zݼl\U)_\\݈}\wh\:R\L\A˾\z\r>CmIU\n\\C*|Bwp?l&hҠiO?v	\\H\YVZaҠ)\L\\\z$\٣5`u\\\+\\\\\:\K.<R%\\2#eO\\1CT0\\\DMə=%\;&&Ԩ#&6$\\';A\9g]N\46=NX\ es\;۵\AF0-\\\\\Y\[@8>`a\r\0L\CL\fDRCU\\vl\??~4l]Z3=lll\\GPL:\"\Z\*R#)$=\>=,\bk\\\&\]>~eѺfU\\*\0E\@2)bQ_-|\\1\"62@	n\0u\;\0\n/\\0\4N9\tƽW5W\e*fjU1\\8?\r\0t|<;S,\r\w9\\\0C\Ω\\鑗1\0\\V\yѕ\6ۃHk9	aש\j1;$0Lɡ\hx\4$9\ي	ǟ߉\%OX!\\H3Fp2k\~k\Ydn1b\a\ʋ\v4Y$\o&ZFx\nR0\Bؔ\0wTfO\\;\\׋iXԌkB\0^K\n\<|CSxfɼ\h+L,\\\Z\TU \"e\s=pq_\+ݦ9QN$ֆwGd }\\Ar\J\\'E-e:.\\\:)\MHRK<)<͜=%9[x@QM\d\v\m7\"wVy媴\03 @\r3\\'7\'9Wǚ\\"Ag\VȈeFѪ*P+8FXT x\}37V\\¨\P\13f6\:v9jp>Y\nW:p\\akYqgI#\B\m]n*\{%LCP2F\rE:\h\Y^glf\~=بxu*.m\J	\\\n\RLd\qIbQv\"O\0	>\\0\0(0\\t0&I&dW]DTpE2%I@T\(͠ĕ)\<NYc\ΟWۍ,\^<`\0ʄ\q_Z*mleBy*4ɩ \>\\]\0\B\.@\O\}\\\|\Oav}cObK(k\8i:%Y͓\g*$\Z̢Zigɘ\\\\\\"9152\q2Bewb#+r\*G`\`\)๓X!U\"j}\PV\\\u6!\`W\ =\O\ =BOQ 9ɛ!\%T\[a:ujS\6\8o/aSl*\\2\\"5̙\\"\"v\8L\(ѡ	dθۧJ(?34-\\\_i,K9\\꘲\+	˦+\B@SNN\\"Һ\n\!-L\\0R\ZCPѭ[\\WEW\}	?vjיV82i}\\\rJ&\VL\dM\\0\\'Vvܛ?.)\<\\\0k߸\\\\0z\B2s 9\̑ \kZ8^8)\f\9\n]T\4O\\'zVXnE =\\\0|{Kyi\r\܈jr\qH_Ul]P\"2`@5\q:\C\_O\\RpQ~\pv\\&D{dHp\W\M\\x\/\֥ɸ\\\0	\T\\0\`\0<+{-\r\l\o#{?P\\G\0Џu\S\(Ǒ\|F\y??\\\JywjI\\m\,h\aT1\0[4VX~\%\m\\iow\n>\j8+}\1eG2c\G=QӞ\hF\wj\c;*پ\59b9w@\Љ\\"\O-\\\ӷSZM\'NnYT.U%\\1&Wm[t\\+,rSӾf%)S\"\H\\rwV̑\08\rL#݀\^TUQ%\ \ bw\^\\_\۷C&uM@W뻋a.F2+@\#L1â*<#%^5\qM%1Jrn\3\h\\0Aeψ\Ƕr\\\\f/d>UH28E+\^g\r)UD\\4\0P\n}	>Dٴ\ߥ+P;\!!\2w\C/\ZI&E\\J0\:\}˗ۏ\+4FV[HOJ!#\'RK5\r\\0hB\DG\\\'U\Z{u\ㄊ7jI\0>\\#\\_NuȰ\\i\L}\"M\!#\\Sd\\Lq*P13\0!k\. gA\1\ޙ\\kǻuD.\*\"PGJ\0;Eq&\TqB.\eۿ^W]tVD\3uQTT\"M\\\nx\Z\]\u5\r*\r),S<;a;|\Z?%+\\+mWP\\)MD?\\065襧T\wG\r\He\0?~\',G=Ɲ\ZF1\`b$\^ƾV1I\]\4B\I?+m_U{Tjj\Z\=\oZͭ\q(Ti 5hxxW9{O\șu,R\V-Vg\\V\\r.Aie4xRuZ\\-1ݓKEeR\-J_\n#*b>\{\sF\n\3KEe].R(	˰\B+QY\Z\ruWqvip\*n\\ؤf$be\*d\U˳\32kzp\՜\BZC଼u)G]nS\ژW\0h\C\0Ae$eȷ>N/\1w$#hbޭ$\B1\t\&rͳev	[\\\2d*]:4	Sisi\n)d:J@EiFR8\\\\.ո\¥U.7j0#,z:IFx@Y\kuȠAd͡fEp7uRo:JcEux#y/9\্r\H#\c,M&x\\\\%^Q4ı\:s\rO7a?L$)ITH.L( B\u@OG\.qatl\(\xV׎`V\V{4\n\㿹[uRҖ\Y*jψ5a\쵈L\%v\j=tn\\\O\\cbWײs\\KA e˴q\y\:kZ\:5\	\	*A4EH9CnV\\[4U:TT4\EV\B\\\gd]0dz\E71r-UL\(\I۴\I\۫LWk+\V{;<P\\B К\a\J\0\\'\r>\\0ݟL\0\\3p\NC$}@|GCi\.\܉\09/\[c\Z*(F.d&[1\\Z@!H\2(W0iե\X)G\\Nыj\6,\\Zo!+p6\BDeB\D\\\"VV/a!\\kse\\\לFk$~#\\\0\\hud8:Mm\\gߗf>\\X$,Ew\n\'2In@;ԋ\ZE`#xF\q119b0\aU\OA\r6m4ӨС\5iS\\\$d_xaX\P	\(\'r\4fXP*\xЯ!.e\\x\X\lVb\7W(_*\.\BeS\\\ঙ)]\\t/\n\\ro[|\*5\f\\;2e\}P\2\\\egW!TǬ\\Q\rjw̛\dH\n\'Ð\Cai\57ӃB\DEY\;\\|pYN\e\\QɖR2\Vhʟ`h~kdn\R\"`T\/T6)\n\EO\\\ۈn\\\QBuH\;Oi\i=NY\y\#ۦrS\gi,f<\\RJ^&e\AT\\\I.\ZS\|	23\pg~ݎ\lZiKY\rQ\@\	{>㹡-\\06)Dš*gU6ɯ!X\"P((\"Z=*jq]\&7h!s\#\Z*\\?=\0\%\Z؋)9\\\\P\NZΑ,L ]:\(LEGe)S3\ \xxb\z\\\\m \Z~j*\S\uh\NR\Ə);`\9s96L\\UwO!\\?*\1\\\m\a3M\9N\rS\*(TDUW^t\߁\2\i^Z\ׄ;Jj\ZƐKH\Q12	.{N\n\eY%\\mi#\1M\{0\\OeBG\0\)\r|F\kۤDAk\*J+ʀ&\=\"!X	(3*( \\,h;Y)\\9b\c\nN#In\>ʟo!\\\>%\\'~\\lvtY\2n\L,\r\C4tDJaBt锻\\@T<㉕=\)BA\P0i\r\t#^	]=N\f$\j}s8/řF5db7z,&*X\0\\0r\u\\\nW˩\\"2yoq\?5\\bC\\SG3U%U\8/XXY\`U0gE^B~\O&]J.9U\?\BB\\#0(\'}N M\$f5\آʚ{\OHkTٴDp\sG\\,\eWT\:\"#zYUSD\LZBYo\\P\Qe\!4\:M\\05\]u\L3x凖/|{q4U\ueLsy(y\LD5h^\\0`\2TrÖ\~\>&J\e9d,w!+\!|5P9AQJELI5\Sxb\2\0O>=\\9\>0\{V\\\nD0Hˤ\FxkԤ	-jqvm!t!\0<7cut\hp=(3Yx1\\U-ň\# Ȅ\"~.QEp:\3g8i\$$⡷\m6\\x1\\n/1N:1#ޭ\	yjc*\z\)uĻ\D/`\\Z\\\>\\b<w4\Zc;3? \IL\UYU*\AoNC\0\Cmk(d\9A\>BL~s~Ȳ.\-KL\q\O+̞;\V&\\KWI)8e\s%1r\"\%y\Z\J\WT\\:&\xw\\\Čy2/Y|!G35V\\y*R\\\LV\\*\@A\ gt\9wG]5i@{\r0\\3\\\Pj R4g\h\ZOn1d\YÊn12x¬\\jƩ\@$Яۊf>H\"R\\S|g\n\\\/`bֹI:\i׷\\\P\0eY\18\\-MXP&\\\ǉfܼ{XJD\2\TXVh\"\!A$\|_GۃWKً\\\2;q\\s\'	܅~F~\\&\Y\9\"FEFD7ү\Y\2m\\HE\pR ;u\m\"L\\v\Z\n9(\j\,~\\,Yv.\'\"E-+\Z5\0ZY\\\c\GXgHR\r\u\\9)\\pb흅dzDU\Tčܹjc\WA]\Sg\HRqe\;f]@VStΕUs\.\l!n\\41!e\\\R{j׀\\\4c\\ʔ\m\\\ʅ\6N欗sK̻tzNV\ `\ \Z\\\%\q	Y&yrtʌ\?V,{\|Eujvi(h\"@ZI51bt\\\0#^9$8҅\([\;\ll\cK#AIܪ\EdJ먹\	Q\gs>\q\\"++xHql\g\V\+;eWGZP9ז\]yhɳ$vxȲ@[@\	\0\u:~L[Xh5?\ZL\Τb\G-UTM\03\>n *1\f63C\wP\c2\\\kJ\5v\n\\\&,#\\.*fX@\o\\np\}\o^\\\`B*P)f̳d]ʅ>n֖O$r\Aj!\yY\s/4uF\Z\qYn.G\ H\?8\!\\0TĤ\G\j5u&dT{\rk\ü\0\1c6Tt\@\UL\\0h v۠ޜSՋu\\ x\O&`{4>\AZw(uržsdB\ E\\$\\\CFV\^\)J HLm=M\V\[c`-ժt*5T-+\\0\}\wۦ\X\uR9sΜ;q*1\\li,h\W˶@\+PN5\]w9+9t\'Q\ h@d\.,-\\5̔o+^xc\n5\\\\\@#^#v,	\eS\\?8\Z\Sn\E&ݡ7EA\\ʉJ]\\UQ\>\?\Z\\_Ma8\"q\0x{\0\rEciz.\[-[uS\n^\n\	e;rټD%(x\:)\[دf\+6\oq\\uX\SIJh.\\w-e\Z\\\Z)L\3\ĭ\\Zxf 44\\)T?Rœʬҽ\4v}\#|\\\\\\n\"\o<\{ee\G$ӑp2$ں{$[i59\x\\dP<Q-Rk\ZB8}V\K 똆\7Ul\>m*\Iׇ^<*J.Upd\\00K\\th.%TXi&]\J(\\rx\҃ʙD3D\'TM&\ƌWĹr$͡7\wTǸ\\\S Wr5JzW\'\Uɺ1L\'\"\'0Gi.$\\~P5HQ\5;\TD\H\w\r\\-M\xʚJPuW1^\'<\\8*\\WI\\n\)\=Mc\"\\i\ۣ\"\(\"\n\`A\68]ir\'\p\}\t\h(ŅV&!\<H*\e\rSX\\5U\\JA\\?0:-^\=K\07mwi?\w\^Z\_k\~\=\r]Faƫc*fAa@0!KRPv\^ر47*_/c;]x\\\HB\"\\"\\O׸oFnLB0\\H\s5r\\\\"[N\0릚\u1I\O()nW\	,	OP0\\r;vuqصĀ\"o$QlH|\\Q\0ÿ\\EUSX|#0Yb1&\pB@wn\\\\":gLE\q\N\Z\3<\PRӆ.\{Q&\V1\r{PuLV5#&e\6j >\ *\pǷڶ\.zrO擑(\;qg\ʲU\Hnq&ui*&3V$p#f>B\m@\|P[{aIemv%\Y\$\\\rW\\'\\Z\T\YE>qTܘ\[r7Qy\'\	ʃW[ST\*k*t\S\)\Y\\\*\A\`\<%\\\'V-3ЋU\0\0\g2*\r1\\w\(g\J5R\t*BOvͽl`K29f\\-߆xp\TX\SY=@D\r&D{ \\jΈwi;i\jXי\+|ۓ̣!\˻̆)\0!\09eTQxLј\bz\Δpˌ\yP\\\\\P7\]\4:x>\]mUvM\$0s\,AĻ?\\0s_*+\'`jH\LiCŻ\ԓ^\,#;x\\MLe@=K~T\I\Z\lL}:iv\׸.}\P\"\Zj\1\.3#/\Nژ馾\n#@MkkZ>.L$-jH\%\\S\0\^lʖ̮A9$f͖\0夒\TZ\4|==w*	C\飜CQOJ\d?̸i$|\]\υ*=śg\0\Qb\O?o\݆,\Z\'\̈́b\]NM\6ƌ[\%;\671(r8Tc_Db؉\\Ckev]\\n#RW$\hE\skd4U.\َd9\\\)\f٬C@I\"M`ɑ-u\&CiDGRt;H򾦩83]v*QQ~\\A #\n\\Z񘣵Ut*hc\D\#\u\\aB\H m8}L!\qqc\C\9\\Z\Ex*8& u\D4\\nTMn$\Z\m\&P\P\\s(9r\"d3p\\\:}9V.\\0J\"\Sr5c$0!?\nc\\'ƻ_LSe\9mPC&\!\\"\0\Z \k\\b\]&$i\_\\\y\O\U9v\m*񡦡\JKQ	\\m\G`p|ʿ\,~\L;g\'s=J-16\8Ѣ9N_ffD)`b<2M\(J\nch@\+W\\\q$ؠ\"\A\:\Ko 9MDV5;bګ\h9f˷T\U8\\\.j?/ap\\rbaC\w$PYGU>6\\rAD\\YdP)\\0h\W]4С\G\\ \\њO#TA\Zk\\O5 ~Qʹ\\.+x\+iӾ\.]\btxwM9f\fnAD2cyTOv	lMmkio2\́S-\"g\\\ <\\wٟ\g]̣\b)u@\ZԍTѕTdȳyZ\ʭ\\(\\=\0To\K\mB\0`qS/ha\\0NoqOU_$\}\7X\SYt\Z>;b>LZ\H0C\RQ\ZvW0k\ncGi\\φ<\6f\\%NNc\\\LoD,,\GRnv	e\g\\jWIse}\Ԇ\\)\QZҟ\O!p`?\*\r1~]LHA9R%\m=2 \\jN\UbSi\Nm\\\n\;\T:NUk}\2\\D`\̆oFd9pǎb\Y\t\T\C2E7xx\R\P\N\g\H\UWYMm+.-\\\\jxjǄ8\VW\\,\,+JzP\s\3\7\ݾe\\kp\\\\cnz;7\aɬ\J5t>*/YL\M\\L\\	@\q;H8j\\wm\\\B2\:	\\HU\)35 \?o.3\\4\sȅYqK+RK*I/Sa$GQ\wu߷\\\\[[&18\0\\\=8_\{ӿ+i$n\`h+J\ZjdՑ\" մ\%MG*U)4\DK+\o\nDr\\\C\\Zs	\Yb\M>\Q7]\sjFY,ҠE*s\\\\lEn+ëibRK\go\Z\lJ\\c*\Ȭ\\\"yV\jac\7C\\上\5u0ȓ]t fr΂	گn\M\ZbyF*@\2kJ\O\S\ikq\^FfֺWPUG\\'YUaܥ]\ǨGiICEDQ9ˠC.6\ӽ^Yح[H@$eS\JP<i\0\\Z\umK5X*H\Z\ϝ;\+x\Q33X!\̛\\\1GXqG\'E6d\\ZGȦ\\:]%B\"m\l$\ro(KԱht\\eYd#VCSG#MpAk<2%\UXPJ\CNkφ&X\6^Q\"z}:\t.E܉fIԲ\\=S\HEU\0\DuP句[ɤOem:EMM(2(;1C\@\\`\W5<@\gA*aC4)¢\\\\"\"?{Tf\Z-}\Xl]/o\%\WSP\R\SHX~ʶx_XVf\ʨlb\\RO]W!\cL\r*ϔ~*4SPse\\\Ȟ\vgbP\T\0#S҄\\n)e\v}\X/DV|H\0bKWJn*q\^&Kܫ\Y\,\/d\"+DP`I<YOmc;&v\njB4L\:m\1^<1$ִPi@IE\(yi4^\0l\m+ԛN\y.\sn$\@啅C]`\r\O^\\\\#P\k5\N\:\Z-hn\rQɔQU\s	\\0#\r\u\[6$4ԳWB\Jˀ\]k\/-R7CGe\]`{j<\1\a=CSa^\\&1]N/Yqo\n\L^\ U\χ\{pf\KEs\o\Vfst\5\\W>4\\'}%\Q%(DOuBܥ\m`|䑀\矒(<LAB\\JHӧ)Xd*D[#\ZZ谪x$);\s\\\[w[V	RX\!\^J\gy\ON\[V1ʦUpa^wc\'\\z\VR\ZpP*\{z5\\Y;]gR~\uVQ`tjbT\Х.\S\\\\>U(;\'<ɭIƅmv߶NR!٤\\ԅ`\u1Nc\}Ԑ\#\0P\\w\Hk_I\0\0*|=;\0myz\?\\\\|)\\c\\\i\\\O\\uyi\\E5h\:AY+V\\Ɖi\\!iP!CuuPUT\v\{1K$V\"x~7\IȼA\6b\ \\ɇ̷\Z\'=>w\ǈ\gU\'*(\X\r;|zdSNd\I\<=)\zA$LAD:o66:P\Zy\AmcY(P1:\S@5\\/G`R3ֹ\Cr4\n*8!T~\\1-7\VUڂ&-\HUTQA\rv\ \Z\0Pgv5\n\DnD\n׆-\\\\e\0\\\$s\Gt\w\7[$v\Qw	Ys@ ( A\eu&\\<\0Q\4\r\8J^\'zU\6p<o$\;\WQ\>M(BP܉)C]1I26\0?O\v\d\\\\\\}8ߋ8Y\L\\c\(!\0,\\ܪ8#\O]:\o\\wls\\WB\J\ZDQ^\\-%3]xe[\\'UfeH*]\\nS\\\ &(TNvTT~\X;\i-I\թ\\?R\{x\r}ǧ_1\\\Z,_ \\r\\Z[i&g\\")5\1G\m`݌\2\Z\V:\bW\\%\JbܠJňD\8֡߮6\Ws5\8:F\nQ1\Mҗ5\ذ\\6\j\\\<)\\OovNV6YLC.n]E\S1\&Ѽ\\RQHɝ4j\\\r0]\\\\])eP*:t勇\sc\|H-\"a]$\\\\S\r6)f	\@wHZ\\0\'\bԭ\\<\L\09\\\\\\\(Uw/iɗi\鮠L\\7M&`.q\b\nc1S?n4;h^+u\%_hūC\9,;9\"\88\	~\\E\_R]$\\\"\n*\E\@TPR?pywy`:i\L{qjܬ\\m\\r:g!v*Oj\b\7Y\c\8B\aw$v\rsw)-GL*\0?hm$!I΀;;qTT\n\\\\\P_މ\d.\h\ۦҬHj	N\\\00f\(T@@D\">\+\/8	\BZ\\\r\E\}N]\x~˟8FrFpN-\Z\\\\n!`)UZ\;(v%\\G2ܘ\6UVa*͑_\\\\~y\\4SLR\kFUB+Pb*Kf-Z*p~\5\\\Ϸ6\a\\DJw\6:\8\*ZUE\\\nN\\wNgad4\dg[Z>K\\D¢v\]{\l\\\3yJT*IҬiZk\.m\\R!\	\ȚW\\KCe{\\wzT[2P\l`\\(\Fn[8l\d\\z7h}kW\02c	I[u\\&\\r\\SS\n\V$f\H\wIh\,¨i$Va\\ƃd\\Z6>\t*͢fa\\\3Y\\6sGo-뜤Eٮd\5U\"v\\{\j\\\$@5,?0aPA\\7Y԰!$\\nq`\s\[\Z\45u\\<T{1j\(X	\l))uJT-\ur\n\=-*\\+\rTS\{r冟\Ǎ\\H>r\dۊ┒K \?1\\\ADN\2\Z)\\\\\\\\nNx\7\rGS[\@\\v\;o\\+\\U\HƑX!!H*Ƹ)J\Z}D~9\:Vma\0j\&\QhP$W\ّ7ᐩ5rv\Z\:m\)\0R]\r7GA\~\r\Œ\i\\\<B3\\*\\	\>ˬ35V)D\,\29x\R\nC@Q%[\~/9sn\%WΌ4\Nd\\m0^\l\0V_wt\'\0.D\8\\Dǔ\}Qѥ\n\r3t\\\6\\0\:|\\;\=Q.Бr\0\kx;\\^ymiOUJ^-ZY2<j\n-Gȑ\\0 +DT	Ҭ38\Q<\c{%\W0eC\\=\F\]8\5\p6R\ρPI`ueǎJfl\\UWe~Z♄t]\((rU\8v\\ \\'\VU\'g̏{W\\\8\r%y޻>\\\Z~JK<\d]\\gуX\\'/S*gU!L&H\\\mQ]{g\j\H\	\"j\n\y\y\\\+8r\M嗻6h\&\+dkt2\/1\)Vl-I)#7@Pl]\fp\J\d|A\Z\uP ߋFuf\\\ry̌\n\rA9^\rJTq\Pp\\\\\\\\̨/V2~4Y\Fz5Jn\Mb\B0u~\Pp\\V\\nN\1\\Z^6˸\\n\a)QY(\n\2!M@c-E8\Z#ڴ\35\q]\\\c\\[K+43{RɔW\Ʈrrm\Z la!w\̺Gh(\\מ\s\'2\\Nb$<JM3<$4Ӌ\(\$i\"(UFB	4>/xφ+\\Ɋ\\\6\\1\\\rȞ,\\{A\N#ɶ6M\Rݪ\cQ$)\F\\\\3q\e\Z\\/j\QgU<nͦ&\=\u\&8&y\.<\r&6mD\d\0P\sNu\\Ō\˶w\<cw/Fʬ\/:\r2¯yS(f2\Ry=qC1MaLU\,L%\bN޷(l6VHH\\ƲJ-U&\<1eAe$\r\"$+F\*\ԁor\6#\\amϱ\\K\$!^IU\.l3\\\+6%(%\U\\/\.n\\'0\j@wU\\ \<qg~\C\\\hGU騀MEkN\\9`}]\\\a֡NrA\Y+K&\8\v1\+ʖ}[p\Ny`$-Q\\&r\\ܧSp\zW_y\\y\O>9TYZ\u\"琮@	\r\Ӑ\r\5Eϖ\Fd\<\+ā\N߱f=\|9}c\\9\I\\\r#fׅ!q\YȪ\\[49\\Z\X\@G;6ۍ\\fvrҐ\\!S#N\M\n\M\0Lki^\;\iz\F1ͣ	P^\0Tָ%\\9v\\؏xz\\\\ֺ\\\\\c굎U^\4<(dHs91O(qɩÈYܺ~\-\ľdcEW@\xf1ߕ\R-\)m.BՃU\jMp\\\%<\rtxZ#\7X2M=A[D[c\d\\*\{V+\Ʀ\n\&vʝs\R龍\\0=i\Zv\bJ2yˠf6\ipGx\\r+a\\02+ya|\XG\1\՟KP\"\\'\aY\_ֳOCGX\N@hI\}K+P|B$\0\z9\ɅnĘAO?*\i\\\1	\I觧꽄7\G<\nR\\D\̥	K#\k4m!B\|\	p7\\\S^0>>\fdk\gl\\KjJY&\,\UҐ!.ڢf*R;e\\~\\\r\V\C;0\$\J\VDI-] V.\?n\ô^Y\w9/$1)\\rHmX\CxbZ(\Wj\+s.\Q[΢p/\Z\)`w\O\g%\\5f(`Hg+$]bqM*Jp}v\W]\0QeX&1@\1\8gu}\Oug[\A\$֥F3\,\㔦\hrP\(\\\\5W\\<KEQ\yG\m\\&Y4A:\59\0+$\PD\\	\.\\\r9+i\nԕ\)R|&2=Q\\]r\Og/#,we[D\O\Җ1H$\Eeat\2dC\N\^i\H\E\#,\R1\o92 \uh(\.\쬑\Zt\"EZ\WֻgO\uaeeC?R\F$\'\0R50eu2\Omvm\^^)$\!2(SE\G\n)G\	aBN\0q{m՗/\J:U|sW}Ql/`EȆ\\"%+/52\3HP\\0_@\{-ơw;)5UlZQB\'/\3|wI-a\ۨt1\:0\AZQQ\\"1TFf`!}}\0-\+پmnKL}g\0\0I~\0\w?\6;\~f\0P|\k+\|\j榜s\\y~/?\R>g^\\x¹q\\nf6a*d7XD=;C\0&\\rO~u%\G\f<\uC|\"\U\\\\\\ZbkeS\0Hvm4\\:Zye-8ɯO\#\*Ǥtbu\\"55\\S!Gv\"r$AG\$1\0&\Aq\\j=\|u\9[PP\nQ\0\0=2\J\\\PUه\\\3f<yg\\\㨗)ZCt]{\\EU\n\#??裦%\0F]L\\\\>C\ۭ?\\\NKݫ?upW\Y܉\ÄX8X\W7\ڳK\ʅSaI\jkR`Mr\n7\lt\'jjwt=Tr\ǁT\^~e\Z}\\h\g-\\^Qci3:۴ҡG<G\+j\~\\_Z\YO\|\<ν*\u7Reݽ`\0c	mUT\I8-\Rw\,,\Zx\+8\nNE˿\"?I)pz2c[\\\\-\3C\LU\Cʔ\8	m\\άYu2ʸrft	z\!\=\l\&\\"X<\V\D2!@\U\$3\\mGvg\\\,̪n\n\\\޷\($>\<\ՙ ap\"\Md;\nCnӀ@v߉]U?l^ʨ21\0\\,gy\4:<\n\P\M\\n\7\\Y>7hhS\0_i\\Zq%\0Pgob\~\\j9\]\R\x`(U+s	7D\H\%\r\6uӒ݊OT83\A\'\\O\\,s\?1\95\STl\im߇~\Ԥj\0\\?n5~A0\b3A\\غ,@wTm*\\"CҨ}n嚥\ro1\IyQ\^\\7\m;+\u4w\"\JיcNXA8r}>ŋ`?\\#.w\w\,R`\U9֐؅43UY9	U\"\0z2X\rB3.g\nK$gZPCˬ\\ \	Wbsn5	\\0y=\X-	clupU<\r698:FQt\F<\Y\H5!m\1[\\\*\7X\\/^-md]?\\FH?a\aGՋ-ڑH\0Ot)\RG\\;39Q\_\P7\nuX]Med:Ngth\\\?NAzW[\n\"!\r\;\\6\33\nf\05pVEU?\$f0\<\r{U2UY\05\K[2/\"ZJnS\#m+\*\g3F1\tTYxDHeTI\/:eŢ1\ٔdwUBRRLhhN\\VKso\"S2*hMh;=myT\<Uzi\Z4\UW\mefNl\\,\Yϋ7/c\(:\"ivQ\tL\0*VK(7[t.v< \(\n$\n\0\\ZJq>P5#\ø\\k-\\Rp>\Z\XV)2Lf\=$\Q]l)4\2gY{\rع\\Bm\Da[U2*(u\'EIYf@# xj=3\0ƴ(\~[$1MGE(vʘ)4ObJ\7aSRC\@˨(\Y\x\r\,N\[k]\\\W˒RCP\NZ\'>8╕.]2zD\TiX\UUd!WJb$>\#\\x\b.\]_\X\0.\\L9\d\H\	1J\n\\*^\\Pu`0\\\\\dr\0a\\0ݩ\S`&\to	%g4\Z*\0\\rL]\\ߑ\\'\\\J\cR1Wd\W\MU4)u\zL0!\*\mooR\:H$\\\Z\\\\\~D~x\\"v\cX/#\Z.\v2\rX\Z	L\\cǷ:n\\X#\4\,O>\tg÷p8\\ӸA\,AݑUQ䁰\n\\C\0Bsp\5۲r^\k\~u<\\6\8\\9bH\Zi\Ą{%DH\\t\$\ՁVG\X\0D\\"\A\LO3>\sn(\\j\0בF\Üda+*-13L6%hg\IIHR\W>Ds~S	D\8|q\1Yb/z}Rӿʓ+e\J\\Hֱ,\|zKS\\\\\"d\E\$`2~\*t\?/s(L\Z\r\s\0S=\p>զ,\nf\94<;ZW\h=U\\x/\Rb,Qu\ZC\V`&\<`w{\r\Kk$}Ib):0Yp9SQ\Z12]\8[mA5b\UKfE\\$C\W;ZS\a2QSS\}.ۺ\g\,U0᪃Ff\,\\3)\\\\U\|<\=H9O\0(\VA<N\\"Վ\\0 \0[b\\98\\y:\u+T\.\U\_&\d\0Hpn\n\'!V\aӶ\\\UR\]- r.\80\B\52X%\\\Y\M}o[\Ց+<\\\*Bӕ+\)Ti`ac\yHwdv\bv\nXdC9,MET0R>U\"#nh7[\R&x\nr\\\\W\Hw+{X+ٞF\mSsJ<e\\D\\HF8\Y\"HWՅ4:\!H8(Wm	]d9ou\Y\\[[;-1qpu|MV\ZrZҵcӶ\WԦ{\nkv\JPA@8Tc\"\_x\g\\\\r~=2\Wk@d;M\\%E\\,M~uS\\\\wЦ\6ޜ\_1\4qF,GB+\2\v\\\nQC0\\Tn\0s\\\\KC\\lS#\?~9&\ZYu0\5;T\}\	ar]a\wU<i\r\o\\yor\+R=8\n	E)Ux\fI7ޚH$\gnGA\)ᨆ{)J\\0i\\X9կ!r\\0\[3b.dL/mw\6\Z\\"\f\0\.YB\;]w7q^7UnBk\H\L\n^##\\\\r`\(\\mMpL\%d-P:Њq\\Z/ۇӘq~\^.\\.8\\\\\M\.\5\z20\(X*Q\:q\\A1+\0(%ۺb\w\$vUK\ZjMMVUZ4k׾\V{V\\[\/Z\Z\\\ 4\%P\\ZB\Zi%(X\(\r3Y@\\\\^&\Pǰp\\\@\L\D\,\ɵnE\\j\׿- ukIP\\n(u$/\0\\ޯ\/{tt\\\\jFɚ\8\\\$r\B`젡RHMU\8XD\|f)Rb:/N\ѕl\\)E\\ݺ,\"-\*\\\>t\r\G\\\<i9pUTj:J$\(bH:P(\c\=\\e\(\0m\>)Y\\rH#P\r\0%\\&ޭ#\b\4\|\\PK#+\\rq\Kr\]\Z캧t\ꀗ\\0E<2M\ӛ\A\\i#vuH<A|:.9EHǒܬz$ITGu,aXsҼc\I\0\"\\Y\7%%8\3\\K%07cƓ\:Qv%$\Ue\]B(c7C*`d\=Kw\帵S*\TTf|)v\W$vC)\\A%{@\8-S\cȬ\x\+06K\'\\\\Z<{\땨frJ,͓p\s(\n8(ӧ:2IGD\\@\D\Uj25 .$\1\\oq\wq9-d9\PI\'V\0\Mm#/\x,\CY+1gC\rmJ\\"\Z.T0F3!*gi9\	3\-\W\\R\N{6\\b\|Š	J\ꨦxwmЛn\\O4&\\\#<<S\%ʌJDg\5\\\eKܔc3>h\^\\eLi m,{bZ#5H\(C\.GW\.=\I$IEZBCR-y\zt\\[ha\\oRIA,\\E@f4\0WŒt\u*\\`\Nz*\c\0F:ٹdMi$\\\>\0\O޿[?\\\x}\\/\?m\0\[tx~n\i\4>W\y/7\\\\x\^9\U_:kO\Zk]|\\Hss|UK_t+\'ch/P*\0EB&ӯuoY\fsWu\Ǐv${\0Sv\Z\MDծfnvY[t6\0`\\{=ķ\nP\1`\沖Uv>KA±\!\\&\0R/a6\O2r\B~\'ʄ\"xc]) T[\K8Xi\p.0=-\*HضKuw\n\0{A6Q\\+V1l#\^Zu\lM?9p!G9\Q\ܐ	ӥn\b<\2bs\#nV\>2\J\CbL~d\0Rg,݁u\'m%&Sn\	(ӡu\j~M\Z\\o5\W:Z>\\\jq\?^o/\F`6\Vz\wy4.h!IMG\no\r\\\P]\}8\\<B\b\h\\kJM:ߗԎP\rdy7\S\0g\xا\\\\\\Ŭ\\\L\\0\ma^9r\r!\q2zҩ\my\ZaCzf9oGdɋk^y\"\w0J7\\9~fy\\\Z쑅\.^lu\n\s*5r\\5\n3\l\r\Zk\\bq\┍di2s\%lW`*(\_\%`lS\\\0F.=\{4Mj\u/_\Z4ya\%`y(\\Z疔˺i=9_}o\on<R1qi},3f\Th\t\y9`\"\\ED\:j)\N\<\\q܎z^\b\0t\r\h\\:J\I(ݨ{\0T6\MO7\;x\0\آ0>\ns\'\o\'Gho\\W(\\s\Ou=3&*\}ˮc\"\.B]L%\0\zyӲ)\'x\n\E\\,<^\n:T*wJ^&\'g\"bw;&eЅ|l횸IÍ\./\\\%%i.䯖Հ,@\n	b2\1FHf\n*H\N~\8+CΙ\<)_;58\\\2)\x\\WM\"[CR:\0\"p=@iM\)3ɩyc\'Q\\0%~\\S\\\<A.H\7\!۷oGS[tՒ\\%@@\0Ũ9Srtģ6@{O\\\ed40\:ǰk\Lޤ+\\\/*d\TW%\l\aa\֚·Tq\ZCp\rD\;\0jn\0v\\\\\{\\\\HřO<DHGQ@8e\\^s\7sdp1Ŏ.\2 \\sc5]`S\5f\ɭ\lDwn\b{=\kur\\\$`<)\X\0(!G2r+	rA\	\d0\q\c\c#\\\a\\\qǰp\\0w\0{\\\}μʜ \\\c@\\0*\&Fs8+/\\"\\\\1\A5UڶVM\Sf:h6?;7[$\h +\!Oᗈ\\\\Z`qO\\rh}\ې=\m/8:\\0\\ܕ\\Vc]:ZgNcEF\#YؠD\v\U@\ֵF\\\5\"AB\U2h\={R0zϠ]1\\0\"	)@\r\n_\\}\|0b{SL2\\l:\0{x!?~A\\ս\\ơt!\\?	VXTl\\\QA\B*\\\'*fB\y\\Z\(SF\쎲#\F%\s\y.нMit)T+˄\1\%jsyTM\&X۔/\5\/RE5\F\\0\vTȼF+\L@>KM5*@gJ\-:,	KUT\+WNJJԧ*[酪|4q\Fn\T\$<䚽2\\<>.F5A&IeJ2斘>m1j\\S1\] I,]\|KÀGѿ\m2\&̏-MS\Kx9e\\\K\\\إkH=Qw^H\o)a\\\-G]CS\"Z\Zqhj|\\\Ҝ{k\\<T$McQhܯ&\gȳ1\հJ\ֈ\@06\[h\HF\J\\w\ѭ&].;;k\نW5Z6\\qg~/>4\M;m	T}.Z\r\n3\]c%P\&0\n\\qnӦR(QZ)\\n\}\뢺F\0O#\s$sTq\\\4\Eb,q$i.f+PR)(\W]	 `cvڮv=\}iN;CU=}\7\@kwW=\\tN蚇/7\(D0R\0t>=r\s\a\Cc\\\\\ϒ~T\\i_{\rjHpF2\1=iӤg-!\;IWM\\\0Izon\MjM\8}#&&]%J\\܁\0 inw۔Wiuy\"\\^\4#WV\\\xp#<1U{$\9Ʉ\\J\_\\\\=b4\6\d12\=1\\\U3e\\\}\huv\0qFg%R\\]:E\0,\Z\\F\7ȁr[[0\n\0Ly\0\{O!6^\-k15\\n\X2j\n\\S\Y\Ԗrj?\\n\S[6\\\w2\Yޕ}G\\4R8eJqm7;\f29YH\jA\a?8g,\Rpqe<Yjl\n\wT&\9Y\\Eyݷx#U9(@\CX=@\;\+\\O1X\\"Q\\\*TPp\\q\mSսI|\\\A*\lU\&ʆ<V2\\r@3$[sFB˪)-5Lm\7Y^\\\\q\6\ʃZ\\rg \l\\\sA,\Ǧ-h\yYy9U,\4j\"!hI58\\0/X\}Ku\ͷt6\\n\<y\cVmi\fUUҠfLo|\/\p쓑35k\Q\\\#Qrs_gq/J\\"ޢ͡#	Rj R\\Nm:\"{s\QeU\r)\ZI5@𓊟ܦ\\\>\ҷQ1BYwY*\nu*~%\\~I\2.[\\(㷑k/)kV~q.\qSďi5_|s;3vH$ۢT;Dl{%ô[m*f>\"8\\\Ո\8\\w>\ϭ7sqbh)<V$\Z\n\Ïx9\0>Ɯ\)\L\"o+\\{u\\?Ai\\3yu\G+	5S#aTLU\nE\0?뮳\ͺAQ$Wkx\0wr*!bZ\"A\Ų\w(\\ǢTK%QV\\璃gp\t!a(KG%b7\\|^Ay$mrH\m\.\L\IȦ]\(\n*z/:wm\\U(XP\\\)\\\\̒x\\Vb\\ڋ;\\93\Z֕#x\\k98\\\/\c\\Z-2Z^Wc\\{VZf_\λ\Zx\X\\Gh\K.\\>3\\\1E@r\Z\0SW_\nF6\od\\|)PU䢄\\+\i\\5\ܛQ\Z\ZWi\i\\Ŏ?^-UB\<Ӈ\\\.\PA5 LK؍\\\\\鴲\JԴ\@P\\̚&$nﾰsz}z^۲\\2䈱\n@\\)Eb<RX(.)\NFe/\,(\\\rS.3+*U\)x	@lD\"ggb\Pdb@\7\\Zt;\N\.p\Z\'FUtm,*\\Jԫ(A˫w=\&鮹m\ܜ\\N%2\"ڊx\\.Qd\!\4O/v?\\\\\0\?\0\uMS^\\!\\\_v~u\ߎzީ\#Qq0\b\I\\8\0(DR\0^܊\XDfB\:~m\.eTA\\"Of\H\(\\(X۰0{Qj\aM5@OQ\r	zoo}fD\T\A8[\w{u?\\'\\\g\M7QoL\7\/\\&T7\"}w~:=_\8tV1\\%\\\Q\w-@p\w\N|\$_\ʘBЏ\\}b>\\\!jv\]հ}K!\nm@Y\\"AU:/p1O\Z	]\.\\#..[O\|=%䜌\<̽ٛH8yx\լ;ۮ\ِl&\x?\\\n&ɵӡ\QSH\ml\#/.|oQZ\n-xӆ^\04W\Փ\0\r&[.ʦtD\gj\@*\^#\~\z:\'n\dĂ1P*߳߂W5-#~\)\\\`pU\_$Tn\\\'Q97g1Pɮ>ڀ9׮HbOAd׆\-ʢG!O\&9\\\0\8\0cgꜾ	w\^]2\\n\X\r\\\\@\\[vlY\q&;>\\n2Ojm9BV\RJ\I>!L\<\Cy\2t9b\\\n\G\DP/m\0\\ۅFp-X\\A\Yb<<\"\\0\\*6צ\\ALXN\9\'\\'^Vw`\n\rE\jkeC\\{Z!TxQ\"\'td\jS\\0\0zq\c$v\^\-\qMrGsp\\'TH\na2\LˬU(j\=탐\(\\\\\\,c\\\\\e\rnX	K\\(FqK\\E]\)!uL\0P\0~\\\╿\%\\ns@3R(>X0s\vxA\[\ШiE1\Z~i\\"\t\;\"S-[֦\"ɹUu)tU\\*t\Q˞	_˺m;\aVTl+RA<@\Ep\9\c\KI׫ُ+6{D\L\_\\Iş)ZQl\-4$SUQb\\"Y#m \\s\r\OSh,\򪁙fl$\`NǶ%\\\/gP\+gRMX֠g%kSk^oc\r%W\)͍fGV\ZqUdʔbD \nYDM\=c۞\64[L77w+P\n\*\KL_lvk{;5N\Ğᐯ*a\\YAܴ.*_m^N\\\Yl\YL)GA\\񣊂v\\UW_\&LB\ۦ\#\\\9\"\\B|\\YdZ&xE+PqH\3\\"4`355υ><4\0\\n\"8Pe\tt\"\[\>*M\aK}VzF1\I	%°55^&\\2\\ckͷR\r\\gvɱ\Ȣtui HdP#\\'Y\b>[P\jr\#\݃5\Ys\\n.B\0\!i&cЋ(\9\EEӋqUl\D\\0*RukA\=්\\	%RAVdg\H\\C\\ބs~\`g\,\0``q\\\Ӓ\\ZY\Z掳\\*2\*iu!WAbW\x\h5|\0\wݖk\\\0ˑRꩩ\0\5\AA\/l\\F,6G\`ǔ\6\\\\\g`!MzMV^%\,Ւ3&ʼ\\\#\0\0@@C\\\t\!_6q\Z)>!I)Q)\ ևۘ\_8wF\Qk0|_+\T:Yi)d|\NI\c\0\rE~EevӯSE4W0͹\ro\"R8aP~~f-o\\0\ِ{ժ\5.\c\%\(\0\\0Q\|L;@?,>:\\~SX/\\$\\qќ\C\&,̤caCr\\|g\Z~\\\rbO1\z<U\坹\!dp\wb\IdQhA\\.\\u\\\&\rKmt\E\y>㻸\g)\x\D\\|\uوLbCŮ*kv:\nP\r\.\\\\+\<\R\A\0sg( \Ƿ=ói:j\\eHel+H\\(\Z\\\cȫ\\0b\0nBE8DLαiZ\K9\\S\1\0$ŷ\\w$\f4βH\23W^\0OYeށٮqt\a0!Դ<F%\ڝ\lxո/\Je\ϻ\r\?.2VO\\Z\\t\騯m\4\c(\T\rDI2w\R\\0o\4[\\\Rv9{s!FX;]B\\bݘ\0\%ME4t\\݈\01b5S\W\;L?\6Dr)R\\lD;2}\\ G\ȊeJ7\\yd\0\@B?z\oj\v\0y;=GH\\\\Xny\8\"\\dF~r\\Z.\-\WfD\^魮\t\_odr\#EWec\\\Q_\r2\l\\r\s\{G%\\CeF2P䂠\(8y\N.t\<\c6sc\\n~T\Ô~v\\n	\TAF\Fn\\\\f@U8\1D\0Bs6\c\{Ѵ\p\Z#8V@VF*\hE2*A4m\\~\/綸I\ZơFbi\\\O>CW^xY<Yf$lij塡Y5S)\\mG\\nݷ&*\"(DVC\J\ǅIRt\״]K1\\]f*´\\\c*I\!Ge~)\B-٨s-(YTATܒ=-PQc$)\	P\0ƛ\ܰ\S\r\j\,\˧?\Z\3le\i⾴˕5,R~Z\\{e^/c3J׬y7\\'=\'\26&Wh0.\Z.Ʊ\0^a(T霺\\'vH\}@\ϛol_YF\fhd\\)BiC\\\\ѽ9\v\9}D\\Q.m-\@Yb[m%\]GM\`\\\6\\)\e3.T\vĒRcv픆v̚蒮ŗQ:ЩQ0zߩ:Wn\\\o$YSHU2FIҺk \iJ\\z#u\\\5\L-̳<rG%mB\R\Z\\+`ȹs\\'͊D$kXIQ)\t\x\/\wMLml6Q\r\V[Y\\d\\n \pUc\.w|jMyw4͙9\+Hs0v$xfK\"G\\n\>\\!\z\4+$RhUm\0\Z=\Q6\\Xz\W\+\m\0\6\n\ۢ}ʬwKYZyQzƈ9HH\\9%ɶE\w\*-\D\\nO*I!\if \eQOn\U4#\A:s~\\\3~4\g\Z1Zĕ*T\\\~8R\l.\"\m\&,|u7 \\4\~\/}rq%\u\0\n1\n~SQ+i\v\톘p\ üϞ#9t\\'`bM[i*\\U.\\Xx&NQ\j\Qk{2\j8ӝM\ t\ťR)m,,\^r\0f\0|(\\Z<I\\QngKZ{,\O6\K\Lcy˜\JZSےYR\=RX\\\1\9v\zR\(2\H%810RDo\u\ո\b\\X\Q˦[Hcqʲu\\-1{0\\\k&f\xP\#j`\\Z4kM*\WMEx\sw)ꆁ/R[bv!\3\rЍ1`fR:jT\"	x@MC\n>\ϕ6\d\Q8.-e21IA\P6k﫺y\\>{\\'F[yY[I\Zv0(X(aB\YY~\@t*\\^#yvq\mg*\K5a0f\7na[Oo\=}\vqU3B\ΪB!K\S0	B\\\\_z\\u\mFt(y]$\:\\\ʱ~$\YV:\♿\b\ŷ\<r?>\}\\޳=n\w?\0\M\0\v\Zkoo\i\O\Zc\֮ykO|i\\՝{9c`٤ko-ȉ8\n|\'[\\u\rE\'#c\o#\"4\WJKZXɷG13WkQ5!*@\\ޛUybXr\'ˏ዆\quo`)[wj\l_tI\e*,\8*m(\\ѝ\\C\n\<kt^\- W\ns/\\<vE]\07l>\\Ӣ_\'t/vI;@\݇.M\.K\L&E\*-3VD*n\Z>g5MSY7Y\@\\\0\5\Zd\\\\\G\c\Rõ\0\\Zx\\@<mr\9V\X\VQEWs`l\wYC\m$@\0?[&0YSw`\\\\qA\\~5kFmq\\˛\TB}\"\y\Zc\4@Kl[H=c#ڛQ\\\0\\\oe\'4>߇\V!.I]-ې)\d{\\'\0\\\*tJ\"\\0UM\0\'nSN\\<\0/oܟp\}pb\\Ѿ\\+p*E]D;\-ս]T\G@t(\\\0.$K\٥}Сc\\_<\\a}bb\\\ܳfA\0\\\U\" \H;^ɏ:b\'N{\\\rXşG\ȗw\\\:!aNk9\J4\"*\l\iDT\r7)Q\C\(ur(o\෉\Hi8,旞\\l\S\\J\'\BXѮ\+|*?s>q7o]\i\\rJ\0摏\\\~=ڬ2._jBE\'p\r.9	HY&\n8\\dH\1J!\D:TbӋ\\y\\1]}O0ͼ9\C̯VFq\EN4G\{4e~R\\ :^5)8tA\\Cy@@D\0\[\\RT6R+\0 \Bh{hp{\\Wȕ{te\P\x\-2H5sQqfb\A[-Uzxi\g<Vm\f\\0=M\(Fnq\Hn\Ӧ\|,;A\4ʘo̕Þ\\̔v˵J>:PL\"\\1Q\PJ\\c\ܹ\%IAf0?U\pGޓo-\\q\\\h\\\nэWk\\\\5GO\0\lݾ\;\\)$\\Ojδ4\AhՁ@\ROE\Q$R­_`^8T\\4\Z,\'&\M\Ψ9CJ8ҙ\5lA,E/9lvҫSq+%\\|K\\o#)\\8aV^\OI,\zdD<T!wc-\u%,4Ǡ\XPu5hF\\AKWbMzջ\nt\\	9h\\]ɂðT\u\\\\Zμp!\r)L,\6lOT\2~N\V+\Gp\Z\U\\\%IiV\D@H&9@O\[=0Q7L*\,j\\\05ҧ%& 1.\WR@I4\\+]tZ\nO\o4\0v\nj\\Cϛ1eh\\\5\\0	\c\͢̮\\\H%\#*|U\\)0d\'\;񒱵?3c\9\0\r\\6b\ eJH\+\Z\\\;\'2b&Y#(\\P2ז{UEo\0ҲxٍcH\T\{|Z!\'a\\Esd\"F\P\rA\&%}{\V\\\c\\㘃\FB41\\m-FE*$jwD\\6!o-\/=\r\"Ǧ\h\&БAJdG\Zk?&9\Z|`a\=A1&(<\\9\=QԹ:\\"6\\ر-:\kT{ty\\\HǶ\\nH1\:at\RlV{|K\÷\Z\\n\\xJU|d TTp\\v\[\ć\\)I45g*7XM\x\T4酓*W \\\e-(}\\h\m8\o(	B\mygw\\ʏj\P`E҂\4\6\Y^[ɸG0|\I\nj@\<V.?\\.b\s)n=RYÞEJQ\"\\V:\XF&`>2R.\"c&T\\2\61ڮ\<ѥI҇ UO1Ö.r\vǹO\n*\j5\Z<9v\&⻎\'r;k\1*\;eA<-/\r٬e\\!gK%\\[\\R{\Z+3\\6$`\\u\\&\6\ibe4lG3\09\Z)\6md\v\D\\U\Z5\L@\\"M8W1G\\63NW$\_ShM[Pw𤿉\\\0 F\lCc:P]t\0Y]҉bƎA H\0 \)ٌ\\\ۻ-lYu\'ڼGXvOen\\z\)\\L#}\V޳\\>OAH9xK/o(*JqMT\\Z\PT\:\Ld\tiSTb#r\0夫as\\5i\\MU\neY\rg\"\ᨑ\c\Ȳf\\Z|G\Ƶ#a\fс\0`\\[rGϤ$yI\#p3I3\n\qB\,\PU\\ȴ\L\%\\\AA\B$fK{Vr\oj\UeQ\\㫾G\+Nʶ\'2\Gt`\TRTH\%VL\(A\\\nuS+\ư\	tZwe\*R\s͌\f\fD*:{\0)~pKGu8f\2v\'\x]v̒=\41LC>aȃ\5ē<S\e(FJMݓv\\YB\\\kS\JCU,!1\?\H\nh`}\'c;HH]\R\\\;\G4WR>\)\"\' H\"\\ji8צ[*[$~{2W,\\vb)\:\\S`^\n6\\.\\\la\\q\P_CK\\0	>`.c\,\O\F\'=H%Y1\tJj\N\\]q>8\\W	+Ū\m1D\;V1k\2p\K\T\6M2梅uתݕV%R1\\\\Ŏwy3O\U>\݉\Ň+B\0L!8ټ\\Sid\\\3;?\Z\DhtuJC,_]H\\_\n\0U:I\nq5$Cr\\O\rϬk\fRܩWȔ	2O<\I<HU&\Zf˅\\R㵃\i<Lّ).\^+FFRjs֠\{aX\\"\\(\0#v\Tܠ\\,d\t\'&E+L7\t\Gz\%w_\\X[yr_I\Kn$MfBUUj@\0\`\ZT4PFqW3/~\k}\\)TcJe^\b]262\b\1Pq(\"AU$RD\eE0\/{\r\\"1LHm.82ׁ\\.k\݌w\\&\\>%\\Jh\n%I\e\\z\\yk\k\wҙWr!!h:MU\'`v\S)Mi̬W\58T\Zj\\'stCwl\GZ8\Q\.\bE\k=\ii\\dd\JU\u\\\D\UX\\\^c\\yw{;\p\\˜%M̷[c\\\\k4bfB͐\\<T[C\\Cˁ\{I\\k\6e[\\"?\*@\*AŧvKm\\\y(+	mS?ਡm\r*	\!ddr-XAǶ(F`\\"]\6\I>\\0D\R\ZB\Jǵ\?Y8\B,kE\n*\0sLO&2h\V3V$rX6ji\ma,ZWU\Z>|\gez0ET\eT)w[[\'\\\d1I\P[\,5f>JJk6noR\wr\Q$/\!\2%#:Ň\OƎ; \5\+T\9BVb,g3ZG>\ \8\\.\\ڑmJ\!-ߩY\\\R\\\-XO<.\Y\rT\Z\rJSTJ.\\n-[\#\\ש+\\<Ȉg\$\L\L\\\n]\0\o<t\\p\9c#\nC\+,\q/!va<cFc9*\X\\\\䜪\ӢI\a\c\k~꾬	m\(TA,dKY\	U\T3\5\\n6cXv뻙$c.Ȳ\PcZF $\/B\D_k5v\ע!\TRŻHkE1\0GH頲ɔ\$\6\0ˈnGy\\\\ZJ\$Pr4\:wzڛѮۮ\\[kx C\4IĦ\"ɔ9w\]~y~z6_S>m=\'\=j_)=8e×\n~<pv}=&\k\L 9@\\Z~hB\A\0\֧<Q̀\\ǟީ\9\\-y\rץr+t#\%c6bWXQ\s^\nꏾ캝\\\4\׻}\\-Y\<\F\s^QWg\ŋr\nDW^\\v@S8$1dx\\\m.Q\,\G#EAc\F\\0r\DN\+8<;r\00\:tj\\9l\=\8\\\oX\gS[;`b\\5*رbZ[|hlѹU*\+\ʍDPD\D_{\Lt\'(N_^+8ΰ]o+q3_i\H\"\VY}@\;#{m1n(	|}t\\@\\\"/kS\#\\2|wQ9\,y9q&\E\0$t\t̙Eb	s|: \%9\}\\ l\L\P\\I*N\\W\͕RZ~\$\J?\11J\K\nGvҀ\SiMV\\̳kU\}b\/Fܳ\\\S9iy\3٢Z<ͷ\6Ƙ\\\( U\\6QB|\K\'iY6{\\ODU\05]\g\瑊^0\\i0\\Te{&y\r\\A\٢j&Qت\\PmΔ\p_i6m[AX\@N\cR{Voc\J\5LnZi_XJY(4rKwЖY\\t}Ȃ/m0W߉S+\\WVp\֧	S\\pa\Hx_b\*\.8\f3VYxz\\\\Sf\Y\'+0Dj\(jur\.2ɴ̒TB\j\Q\\0\r3+\uM*\\\wy#Go\J_]\H\IAH\(\2\Z|\"\8lR\,-]q\0у]Ö/Oq\N>bBsZĄ%\:VT\\\=\!Uw\\uHO6\\!ZS\\G+̞mꦡ\O*\xVZWVdm\:\ޢ\\'[f\lLA\[HI>N B7>\"`!\;֋=\P!T\nSr\<sj\&\n0KmcJBd\nJwӗW\(\;l\\`oY\_\\\\U\.UW\7I7M\:\R-QQ\r@@ƨMw%ፚI]/cp<\Xh5\"\kS\xS)m\$ӗJn\㛂H(i\󚕚\gpR\P\N4o(&(>:sx7\\\\y\K\zYãL\r富\9\!Fjh\'\rj;\\1VZ\\J\\£\\\/3\YrʃRdM\@\)m7p\t#\\\SI	\\nѪ8ֽ؎S5A\ZXUs(\!p\\Z\y&56H)v\<U\\j\S\T}!vQBc\"\<93yw@^\\\\\0Q\"\\ S[Χ2T\˅0\'pJ\9̄܊\@&`T\ۀ\i%rr5ufP]J%\~3\,{afՑ\T\Z;nSL0\N6k\\;|	 bUAx\*\S\,ⷛnJ\\7IZVCR\NU>)Q\\r\\rmǔGYk\OY[\r2A\\ј\r\\'.x\Sy`\]Ao[ٹWH6\"JTVbF:h	\nQM\olO5ܲg:Τ\()Y?1\\}\\T{@qI?*Rx\\r+#?JB\\K=D<N\\\J,I\t\\(6V}\'_\\0ʅY%W\iz(i[\؁,Q\MM8\\\,pw&\~/\h&=i\gl|\Uiw\%\+gMIol+wQ!L\\\n\f7~\'[if2\QgPWªhגҕ*\nUo\\\k\%\s ~fXk#\f\+\[r%rHy\u\'cN<5H\P#\1LP\o/(\w>{#mi\K\\\RU#2H;CWH\r\0\3\aF\|f\C\\8љ\\2,-^\Z\}\/!\ZG/e\Ld\1\j͎.\\,A/vu(\\"\w1\N\0=V[CXﭵ62hYYT$ш\\\&5$\\\*\ِ\\\q=W\fE\6Nù5\\\r\~ΔQ\Ӗ\E\(咡&GK=J\0\9\\׾dcn\,f\".#\*.Ln\\\4\6P\M R`\\:d\\\\Z\\\nUyQ\8%\&c[LE\0OIRKLob\\}c\#\nM\\\\7|\wCDusD\\&\h(Ѣ\\-ARUf7\H>`EJFZfi^Pqǯ!W\vնKdN7d>DM\\,zO-7hE\X(\N3A\\r\Z\r:y\c{\\x.,\w1!Zy=Qdu\\0h\jY`H\%\5z\Z\sp\1\r\U\\>Tp}y\k\3K7{BY\\\#V*[J\l^]qY\s`\`v\\aI,FMKT\Pf\y⯵mכFi,*\n\0W*2\\Z\O\\\\T#-+1V\C(\\'h\\\@=p\5Q\uN\,Dm6\\0@\0.+\2А\ȡX\\\Z\Q\0\0z\0OfQ\^\\\}?tDkIag\=Y Ns\\QQ\0ԠcR\~\\Pع\\\'!0#?\ZvP\fk4\Gb|\D\V\\ˌ\\0C\\ZA2dCjSZ5z؂\0)\@\\iG~\\"i^\\|rY?\oH4\\j[`=?i\\\B5\\n?<\r$\\Ea\@!c\0\6J\͹5\{u\k{6\'9)<ƳԻ\\l\\\$rf^ƨ\p\qq2V|\\\N.\5~S)c\Y-$\͛ܙ\.pQ6\rhH6\Q\"FMM>}:|Q,\t\}4uFVO>5О\/:\3Xʸ\\\˧e@.ӔI\>]\\K{\c&\\'`\rwYS\B\\YFC\nِ\0\MA@\'8H]J\"\\e\0H\Ps\pf&H\\NG\g\Z\0W#\󂖷&2\r\"n]\,\EP2)\#{K{l\ŭںc <<\1\':[Y_mP\'P5຀ (\M82?Yxp$ȸ\.\kt)\\_\ulnMFy\l4D\y\Z5C9G\$UsNT\=\\֛kR\\UF\\\\\j}ǫ\0\uguꫦ2G\YcQR\"\\RY@8E.輐\\"2ի)Z\H\V=\3]P$_1m\bk5\ v^\"T[T\r\{-\\#X\ T\0\#~*yǏ=D\_z\\\w\K\\u4\Br\*@b\%~\؇M\\ϼ;o\b[Ɍܻ\,R$5\&&*D\qL?\\T#/\Z\TO\\݁l2k\BDPpp䔤=ShJ_TEހ\\\G`\\@\rG\\n\2n7Ё_TybL677\\Y(O\\~\y!s~v\"H\מA\\c*\A/1\{c\JE1D@?(})XZ\Z|0!n\\PWݵ0zϤ\Ь\ns{|\"b\p\dkn}\~?\Q!X\L>\B\q\\;\w\XN﹂\/!BFD\$dJJs1\n\Qm\V/e+MN	y茻\$j5\Z\'*b\\=4\\wy$\Z)Tx(f&P~*7|=qzo܈_\̱iyrW#X\m%\*R`\H$\T~\D2@H\w\-Gblmd8+%\p\\UrQ8\P	I0{-=\\ɑ7{\$B$Z\T?ʫ7\r.HS{nuˋ:&<\S\(\n:\+\n;K(B\dK\[yeyZ,j\\"	I(\\8z=E\\\J\v\&_.h\&R\\04%BG\0]\\r\K8c\eP7hRX+iVZ*vx\މ#l#\Rc\di77y%aN[*Ԧ\3q_&\HM\\"\Uq0m\}ݶ\\:k\a\\\0,\7Y*t\4꬛l\7\LNC:\BC]DhĂpݹ\"\\"\1^=\o<^\,#qŵ\\rkeShRI\R2G%j\%\\\L\"P@x~΀*3,*!w/Vɜ\\Svc\(+	\aQ1\ֆ#LS &m \y\e\RX\\t̆;<B0Ki\:Y*@`9\П\\\\t;/v\u\\Z+\0vA\ej	!D`j>/\#GxK\\0._;\\f\=\E\0_\\\0֎\/;\|\\\\kΜ\\0\0\I~k̥\\\0X>dG\麫M7}<\0\'jb\WpjgN\l\\0\:JD\\"]C޿At\r^\\\+i>_\8\7uE\iR\fF:=$W1HE\Q\r<E\_t>\;kfw]sA۟?fkeq}|\\\y{X3nѹF,|\E3ln\ԩ\)L\\5\rz\\c#6jg[/f\Y\/\O\Ul.K62tIX|]_e\0n\jm2\k-\P+\\˕\wn\Go EmHTr\kx\\R\/\g,i&Q\7&;\r\0b\\vC\r\\_:΂\\9Ki\ZF̍\\\Lb\\dڶƗbbB6H\"\"\@\1cۇ1FDY<\\0K}CS>ȃƌjT4)NM\\҄ ]-|~\m0\\\\\\\\G*$\Cc\n\\\;e:l#\\VfigdWIeYCq\D\t\0\JW>\M\\Y$Lls%\np~Q\#JL#\'1C`)BHf\WM\Tdl>\\n)ܥy\n`\,\Z$Ғ~#%tp\Aߊi4{\]\橫7\0p\\w/ \\rpLT1\)EA94\ptܹ\bز,6Kg\4~1 \I<\X|d-ᰪe\AQ\\"\Gޞ\j5eM\H\\0?Qt\\3.߶_Tq/c\Lv몟\"7ixVAa>;t$,\mXR̫\D\kȷI&b\0\ _C\L\vPA>*Ӂ`\\o\[\\|Qq\Z\&bNSw\p\B.Ndr\۸\'	f\\#\\2⡈!\HFzH_/2>;\\\K\0&ͤT͙\'nɳ$\} \\Ђf\[\	^\gPT,\\0}\0\\wF*\ʣ\xwF7ByUi\1\fB閴hXJJɫ՚בMS8\`hJy\}r\!H\\@~\Zy\5K;Qga	1F\4\Zl_g\дL$7|{\\\Ub\\\i\6	%d\Dɪų34I%\0\\r\\o\\dP\p\\U, q-\\\r(E16DMKAP\\\nMmŷ\\Y.I\\\r\'_V=\YLM\DGF\ʷxtۤD\%\6Ә\ZY7+K+T.!\僧\U9\"\n\BVU\08?gdR\1cDΰ\\pZ\5EV.sT\&.R:qRHKn\\VWreLN	}\\ C\]tuDseM\0\Zt\\B}\\m\Yֺ>\\w\\R\X\\t\\\(\k\\R\/Q$\\\\[l\D\\o{U;em,?\>\9wBHm27\9\rS\,\[\V\n}Y\\2a\O\bY+3qsln}\7C\0<\\x\\]K#P\r5\0JZ\Z`=엚&\+,㚯X\UɦT4ʀ\\3]㽂K$\\4\\T`d#A\\eHõՀ]P\]\I<sH,\ZC<z\r*zaLM\\I#mLu\Z)P|-Z\Z~m\\"Y,|E\<L\c\Z\E\\j[IV\-\28E\:H6N\J4Q\\"IR<\\i*\>;u\$!Ȫz\Z\	q\0\0sȎo\\o\"u \Gmx\(?\\"\j\NbSkHeDڐȌ6\\\*TR\@\\,\".\\\2`\\%;j\\\҄\n\F\Z\A\oqM\\mI\0ӇOgno\\lQn\\\\\E\9U\$:\\vy\J\hz\gux\%IW(\l\}Gi)\\k0\B\&4K$R\rtkK\v\Z,YZߗUqo3Ta\\^C1\4\n9/\n\Wy:\:\bjC0Q#H\0lDp{@\qk\\6\]4\2VHB3)<@\ͬ\QLuY\*vS\\\K$\!\\\n}\x\n\\\9szƠ[D\t\m125Ϊtd!h\rۧmv]\yooA\AH\H\$V1N@S<rڷ,\t?Z\E=ծ!!M\vk2_\ad$B9u\ό\	\\jk\yd\#m\ M\0C憮d@\x!\	\?\\n\ߙqL\\\V@F]r\rYǈ\\UČus,S]\GA\#h;[\;~GP\\(\0\$\\0\\\\@^\S.v\UTog\ox\\~ӑh3ɮ ;5\Ą\j\Z78\+\#\B-\̭\\PZ$o1rܪN-\ \r\|SnkJfjan$WRT\r\Iʃ\Z,;\\\#|,\\bd[pV\zĨ\jOU2CCdE\\TaeO:\\h\G?1PPj1\\\e\0\\GZ֚\P\2,<*f\\5uJt9\8g\!\"x\ilX-6\',\J\\n7A]\'\r\0zv^H3QHtp\H\`\\L4\wGIRt\\"(H_,P\)ǌ9\8$m:|[*$b=)Na9- [\P\Lт2=`Q\lK\\5\>ԙ(B\0\\vۦһ\0&e3\\"q瀻\[\i\Z*o\\*\*\Z2\nVX1y\x\7Jo!q\"R129ipF\\eke\3`\k\Ь!&܂!DS3\6?=S\q\\"\\BAHIz_CYY_ɴE̩&\\\(b\\iTaw\ncq\\l1\J\'&\\\e$T֗IզDܪ\n4t\\\0\&d㩄X\0.\N*;ggWm\w4$\\<^\\\0\VJ\\K\\\z5\\r\\);\nD}Vghn=Xb\\UΈ(\\\jR\\i.\"[hH\@bPJ\\n8l%\-g\֥a2I&,ƈY\Z)$15\\r. \X\Vɸ;V\\ds-d\"U!dAU$@^\\\^\O+ny$GA .\hW\*8\hq\/\sT9\&\vw)3D\\~5\	\\؛e(.GHK\ZWPNb\#\]f\Ϫx\=\^%\'.AWeA!Nq(n!C9\=&\\re\V9R\"(+S,Q\PN=q\?ݿ\\Q҉:\\A\\, \]Ǝ;᷒Be#L.\>T\'y5`\uV8<\آ\5bw*r\Z\Vrt@ɲ~1\M\\]C4(XQk/:cgM\o.EYʤ \\"!\\n\Zc9\~\גL\ZAgucPQ<~tkQ\9\>\"Mm\Z=Y{奼\'\ \7c\\,J\0eV]\.\\\qb\0\DA\DZvPfIk\ilvt\0`\0yd\:ap`{E\Rq\"l؋$\v(\j\ZVF\xY:\8\\I֎\02FY )*g=7\Ž\ח1\6<\l$\'\U \ZеI}\'Zm^%\#kT|D5;|4\\\̫re\S\}\8)X\Ă\W\'\\\\IVt\\Xd|Nr8\C\Q\GWT>\ݶXYF\Zv-\mv4P5˹J\\Zư\\gZH	:D٭3݁G\x\LK\s)\sYEnZ\KM\5%N6\1\3\%#\;g5h)9tr\P9z%u\\i\w;E͵;HVx&_`.\D\@\}iI4*ct> R40 2w\Ud<ANNb*P\73\kϬ~\\~m7ɥ*/Z\Za\GǁY6\֤\r]sogϡZK-\\\\07\\\b\K-THS\\'.\\Knb\o\FUO}8&v	_\y\*q#k	aiأ/\\ҪOkv\\}\\RZ\3+PnE\H\1VHD\\\Kz\{\u4W;$Ҵ\G\cJQAʠ\'AG6\C\\CmjiQQ:_\\`M\`&9\[D_$:Xg\v741U@JLD4jYElb\14!I\M\d[-ౌQQ\0\n;y\n\\'3\\.kw\,Ƥ\\T\\ \S \'/ZƶI[vU\\uݦ=Pu{.\\lhAY\\\0db}\"2rπ\\K$\\'1N\'	\Ư#8b\\\n5}@d9i[;2i\\ʾh*\st0N<\\\E*`k\ACJa\KٶFY\УjVR3R\8`1}f?]\\0S\?Z_{\\ߧGg\\Oԟ\\\\O\\\0\_ӣ\\\\WUk.5\\|8ܿ+gIw\ǝ[\W\|>N>^z)_\\\\\\ZSl\V!w\\xS\19T)\hïEA!d]R\\q\I7\配i\\Ɔvj\>3b9~\l̫\06\h\\aWaˇ)%m1\\?&Rl(MsH:+\R3\c\!Q\{\\nS\\8;^\Y\>#\\\\\\kI\^Yzae\\H6Nz*%\PE\Z셺\r\Qf\\ۡ\Ϋ!W\0\Sy\mQ\$1FA8cTqv\YJ-uUUA}\QYy\\L:_P;~\\\CM\8\"\Vn	O[\X\Im+\AǕ0dL\l2&\\\\\h(P`\a7a\\bCKʭ\Yf-N1D\!\U}\'\\Fм֔\Gm2B\\&<\'P^ť\c!ZID\Cj5jMaj\\$/\ӷa\\J^\U:p\Z\7\\\0\ϖ91`utgǎښ3LżUY|	r\\#蛹r\\mJ+**r}FC\2\0gwl\\(kNL\:ASAZ`q\\A+اV()&jYI~{\\T8=z\Z\cJ\!\\\hr\\2(p	\!GR&*T\¤kZ5\3\A\\-ٳS6zD\ϐ\GjH?\Bl\m\_<@@zp (iXf\kީankE\8л*x\\0a\\0;ƖuN~\/\*beWpiDm;@3T\_߀\@u^y\ʤ}t=\\0썖!W\tmQb;ĸ>\\'KaA{e\Ѥ\cc\#\(D)T0\92USI	X\ɴ\\-0\\\jW%_i5>À6[׭Y\\r\[ٶ\)\*\UTi\'yd]0)NUP:\" ?(źxfP 0k	\nA!_,qӟ,1gJ\q\\_1X:?\Hҭk\rjjmfX\\\,\Z\]\rWYSPT)\\"m\9m 6ȴ\MLeNnTъ\P$\\^\+\"t@P\\@\T\\Z\#\Ь\'G\EV\r>3ŷh\s;*\&Rr\nx\\\\ɈDARL\"eGo\Y_͖HFɉ\C*҄֔B^V}i38:\\1\}G56\&!\\\\'(\m%\Vɚ\Z\Z\J\@ND\\r\\sڥۆ7-As<\i2\>$ңĦ\A[5q^\1#הlS\\F\H!\\=΢Ș:E4T\	\\]\B\E\ͅ\,j2U\r9q&3\d\\d8\F\*c\MfЋ\rYdVJZhlv E\rR!\(\\\0t\T#ugMoPO`E9eMO\08\%ĂEbbQ\\rNFtd\,y[a\2.\\\0\:Yf\%RثU$bwI3,S\"S\n\0A-n\\\BKBVH+^\'~\`t\\\ir#d`d]y5$\r4Ϸg9AYa\ 9\\\ghM1M54\\\@ĕ\PUnH\n\#u޻2d\r@|$\\\L\kj)oՍ\kW\\n\0i\is+2\V\\\\'+ERR\;3B\#[+;9PC\j\\6\33J$դ\Lߌv\'\\gX\%s\f8\ȌDכ=\\\\q3H\cBh\4%\+xa\\\'>p%գV\\6*y2\l\`m-\"}h}d\Ejs\"8\'L\n8o~8\ZI:BuT\\r=ԯ-\\;;I\Ƞj8t.x\+PcAhyʩ\Tz\-\F3L7ʵ<{hRn$\堳4A\'ˋ@@H嶉&(\\g\Mɡ)\r\L\=\47\\\c(Vy\0׃9{b9\\)I|0e6q=q5/66\nƷ.yIt_\b(@!\<jR/E\\aݶ\	t\?j>%j\n\\r0\k\' \Ʃtג\\r?:NV*F\\O\^ML/\r%\MSG(BE\0mK6ۺy0ʛ$\,̈PI#\Zɠ\\h<\\iBb\cqIs\\\2|q|_\9-\n\jA[Y\g]x7\n\W6a1?fX+\/uTp\\4X:\zm\\_r@BA{\0g\/\\v\\\\u\Cf,\L]\&֩w\n\\\\T)\3.5\YĜM\\!SlVEô\q5偑:H\]\(F\\\\$\'KDuU\'\\rog˜\\R^%Yd4\\ظ\	^XL505y:|w2Z\>\[bEl֏\n-JzT\\0M\,Ws~[Hg:gEZHPҊ\ʼ?ۍ\\"\Y֋͍6\w6PW\\\r.\2	5)8\/Z\\\8I\v\Z\\]L\9i\(A\iAFAs\[!\"&\n\\sĺ\8\ȺE[Z\\BX\Z~@Fd\:k\+J\\;Y\"\\0zeLȉ\)L\"Z\}C\\\tVPĮa)L˫A\	uA\F\m%c\r\0\܀\)r\%\"\c1\r(u\9DTĹM\!R^]M\0S\'\\"Rq?~I\ڵpt`,-\\B\r\CLɧ,ۙAb46J\\0xh$s9\Z`Fi\sՓ<0\1\ri9	eȉ\nif\\\i5)\bfe#\6MFj*ttY,n\\T\kw@H\r\jcqP\(⺅\rj\Z[Kb=\=p,\rh{hAy!B^Չ\\r<dn\켼M\9\\\^\2JN\U\/Y?9S\"$v\JdA0\=Lo	\{;\\\Z2Eo&B(k&Ǥx\vD\Z5duiNfN\\[\h\LzDMreY\)\\>@c\Fets\r\Y~u< ~v&\\PXGodV\h.m\Ffi XĒ\H\'b\\h\͸&&9B\0\n\0J6t{8	q%?q+\0\sY\3\tWHX\_Y\h+B\0a(SU`\w-6\\i\\n65\Z\\QT\TpOIw;}Y#*\9ԅ\"\>ٴk\e\\Z\n1qj5]\"g\bWՉvDGTV>p\0\0}B\v\\jɼVs:]zKx\Z\Z^:j{^\\\\\݆\$\c+!\Q\'\y׎dxr\\e{D$b^8dVY}uIR\\\'mnєا	Tf0\*qEm\\i\W²\\+TD@\B?()9f\[z\xdk\9iuv.\S3V5j\'<pU{\yOxS6s[.G\y30[R\"\\\\zkSwY\lSkHMwn\"o}\[^ڶnQ4frr=Pt30V\uE͏l[y\\0\\"xMjhq4\\s\Y\ٜN:CpڀE\\jVUs°nmI\\ȹAɊ8iz\]ѷmGqܼ<aeQP\n\u\\rۨ]\\T\[	5\V+\\mS\ɠ<\Wr[\ZP2\\٤Vĵp4I3L\d\CVqpZ!îH\I$y\>\]\=\0W1PNyf+s\˵Y ǋ2\y\	\Xk\b{\\"m)\X]\$孵BlS~F\\v\\r\+-\\Mpb2Y*\eFP!C~l\9\lW\Ȳ@È!Hǚ2\AǘS&d\Uu1H\P#aY&M~\u٠3\oz~n\"a=*sk}\,e\WS\2)\EoG6U%s\\\e/!kO<N|=qՌ&\0\9\?t}]}PJg&?ڣ\Z^fWD\jm 2(I btOh\6b`hWSDNF i\׆L\e$.#h\f\0\\WR\<\\ÿcb\\"Z\ٿ\Y\nh[FFQNN\׶J;\Z1OWjRt&a\\;\i\P\\\Z(\0\\SZ6\˙on\f-#5\\0yҙ/\n\n:\hbƖ\\Q\vpl=nF鉜&\2UTQ\'D\C&\"\;u&\w}q\ƬF`րҴ\2<\_I`2ʆsG\GnXH}+\\щc\#a|\LȵJw,N~#+Xo V\i\eO$P\"SM$KDk\\\w@5Q\ng\+q\'Z\P\\ec\\nX\L\2۬DSiHfj$\(-WQe9`\=W\z\\\k\h\'\a;F (\Z61&\C\\0\{o۫V\\?Ḱ\=,%UQ@,\8)~a]\׈oI\[1f\\\0/}	\>\\]6\6\\0Eu?\:\o\z\<t|ϋ݀\\\\\0D_/\0R\\'\_\03\j˿\㱽\\\\\͒N\Z\W\QāQ\\0:h~=z2\\\\\3H@\\\\\N\uP\0ް\!ی5\\\Y	\ZWr\S\P2kܢr\\\MzfM:\0\MOmpȸr@|\Ӗ Q2YLG\Wl\uL@\$V\\G\!Ж\I P\҃\n%\\5\v\@\";\0pZ\mPx	l\K\{\\ͻEf\vPVO1*BAz\Җd\\E\n؀`)t\jgφ,6Enz\0p\BxE;F\0\LO\$2V\6\ڻn\U\'\y64\\WBS0x\Fέ}i\{zr\Zn:\q6ԎFMc3#T\UeM\1G^G\02־\rnb\n\0w\\{I,\\\\6L2*ReeHdNP\r\rDD\B\4\\b\\i\U\\\8\9$ɪd\6zڙ$06\!\ 7-#\P\\QMt\]0G\xb\8DPoXIt\o\"\/	Tԁ\S=CCIu>}\05\5SvQ(_o*\m\\Ci\p\?Gc}:}\`\.g\AV\\\\Gh\Q\;&\,\Nhr\Z\N\3bZ\\0bɶr\$sjQ\p\<5\bx\n\85b\;\"HM\M(\\$)\"\Y\*\&c\nԣ%8\rԶ\\qb\\Ѻ`AĐ|QZ=A\\Rϲ^F;Ii4Mr\)[vHb*t\\84T+t\\\0#j.iq$r	TjQ\Z6C+N{4\Qثѽ\j7%\ʏ+\\og3Q\]\nc\0`1\n\"H\"g\\:[\E\A]2/#di\\r=D\W\>y5g\VRXk\d$\N\UsZfQ̺p!&G@D_\[Kmn;R|bj*i4xҼ+/żs@Ie\\}\Ǆl+QI\\"hrREt\a\'WucQ\\\1.\LI3% \Wsa[װ2SJU45\x5\<ֿ_\\\[4\7\\oWř9\\(\i\&?\Z\\U&\"\G($!@ \Z\Em\gpXB\Wf9e\,\Ybݹ[譔ar*\\})y\r\wt\\\~\)!b\٣&WKYܴF<U\\\\7Jd\\\,[^hm\'\"u\Bj| [\Ё$:BI\t\\)ְ\\\U0\\\zf#bFO\\\N\\_-ah\1*\nР]YO\Χ\"8H\{)\\rY\gp\\\0Mt5\05\0b\}ω\s\7Q\̠v\\^d\J$\rP\\0T\\rZp8\Z!\\C;P7}I\<v\\FB\0+L\Ek\2x\\؊?\C\\G\if\7o\Z9rK*SYS\\0*:h\0\0KV\kI\rZ\0˕2\\4\0\@׷}?zO8μ񯈋F*UHq1,z-ڑUV9q\"#<QukH\$Wbe̚yN`eߊ\c\{%HU\Nk\ͳ\ѤYkOy`口^2TI\v|H,qL\(u\c1(xB\\0\'<l7ԱnYsFS\##\"\Q\\1<]뙔\6Q\s?1h^]q\\\7Hk\&\b\\\&[E\\Cba[\	wlm\0H#&0E(M)\/\rDmw \<F`\ÇՅO>c\PV%mׇg\W\"ꑈK6`\2\Z\vեK K\!N\Hu4\A\A&\:j$$\r\\Z	 7IU%E+N\rZTv{1ߙLOrjQMCW\^\"P\WaWDk\'P+#r1*ȴk\N\\\\'\(*JNl\W\\Ŧ(GL*2%{鑮\\\\"mqɨG#%\jD&?ęR6bmo\u;\wdZ嵛Qg=b5M\eNb9g&)\0Jb\?\ʗ\\ɡ\2I@l\Uly\\54V\Y{<\ZɇЪ]>\7O[U\\-fx\,_z\clR}=]N\\XYw\L Bp\'\5^\wSp\"\莺d-`C%*\\Z\\\*\0\}\9cOVN5g+C\\v\l\\[<\~Wju\\\\&\nHYG\74LW1\@YoV\\s\\nͽX\Tޒ<h	4\0 6T\'7\\0V\g~\Z\f]\n^\߾\D@e\s\i\\YDFAl\\pM	_p)VjOy\R\"j\gQ\6\0.\g\0e\X\Q\\\"\j\ycBz:p]\\\~\X%F\m\3\ZP\r:/V|^\\:I7u}M\fD-Sf9K@r\[ͩ\\c\0`@4\֊3\\p.r?\y\w,\ِ\NZkdky$#͜<eko5<\"i<A_ ]!!\ST6jY6~oي\U@\09\AY-kR\r]\\\r<<Vd\\[Ȝ\\\Z\T\&\ZȘ.Z9E\-׈|\̥\"\݊\kIct@\_3\q\n#b`FA55.!6\\\\\Jk>paQ\%\`\n>c\Y\\/\/\\\\*X\ܪsI7IK\k$\$\'\n9p\nc\"\\06\\icK\]HE\Zt4rбZ5\\\\\d\nK\\T4`F\΍ơ[پ\+\y\\yJ\y^g>J.JB-\\(*Tu\ZL\<k \y&n*kT@\r*^o,Lv`\rnC2(LcKq\jU@oq=\\	3Bx Ջ50VxE5a\\\;\%Rq.d:+p9\\\Q\\\\w+y^>k+d;\\Φ\O0\\\1\<8`\\\E\?c\Z\7s[E9f\ܬ;Ǫ>s8\\\JB(\T\)R\o믙\n\Uu;@(3\y牓iԖ\\+HBM$W	V\YT3/kc-V/:Tft\n>!Qk\\UNU\ZHK\\\I\\\0U\\\˕4\"{\[u\0Lɳ\%\G	uG9\\\Fd\\\"\\\P1\\\Y\@s5ŚD\Uk\\*F\Z\r\W;\\Z\fQRBr]\X\i6\\GM{\\y\\$2)j^G=V2ƽҽ$,\\\$Wjgj,a\:A&#,ibq\t+&pO#(r\oi`/Mx\qǬHu\E5\n2\'\ 76\77\C\\DђT\nk\06dV[Wd\\x\\'5pȌ\#?,c\՛Ezq\n\_õ4PS \\C\\\r\\\yae!\EjU`\?\X!\-l/\s+z-\ڊSZ7z3]K\Y/(\k\06\0A$ViyG\\.\wr#5Z\\\\8brSiiV\b\\\3\?lUS}\TT*O\6\\\Lt\\\ۑ eR\<G\rCP\n\&\\r><kI\Ii.ݔZ\Z\n\\0\\0\]\nC\Jm\|Vc3F%\t%#6*㠦;\^K\Xe\'a \2<v\$NuJ%Q3CIQc\\\\\0#H\rflx\7\e25B+vUjι2\\b;3ep\6^PI\fW|\\\n\n\g7P\w\>X\\Z\K\]>bPr##\T`\_\zf\6h\5\\p4\\\<hwՑx\B=7q\r,\ce:\'FE;\'q\!U#u)o:v\k\m\w\=\}\l{\\'\rM#H፤IX\Π\n\)l[w}\P{M\8\'|EA4\'a)\73\\\\0ҞՔj\aulG\4j\a`\\(_\0m2(Q\:\'ԛ>\7N\7\xέqn	Pd\Z3-*{w	O\.\\}\D\%\'fD:<\呢Hԕ,#8Y4\|cq\f\=\\xڻ٣c]B\\\	P\7ybQ\M&\5JP\@@H>հ\\]\q@մs(9\ p	˅xӿ,x\We\\\x\\/&gOeFA\"_\M\x\\g\\\Q\k\"cn<Z}g\\?O\^\?\t\^t~>T\^\\\rҴ\+Ç:\PR\4\y1Y\u\>hU̘\0ʝ0(\G@\\[\lC\n\\rX\\m6+\R\s`.I\Υ\L\fEXZ\\X\"\S\_8&\Qb~!M\:\\\\ZF?=M\\\@ued\~\8\\\6\\ >:J5r\!\m&&9W\(A.\(%\r+C1\KuG\\rZp\	\\aGL2\"pZҋ\0+TZ\n!\cJ\\\$\=V\\\*ΪOF%t\WK\G\ny)5\\\rD\\9wЉlg8|\0#ө3\\y=A\ٟۋH\#p	\01Ոǿ9kcr\hwI\'rn1L\'kE\Zi\0x\\Z\\b̑0|\\n\8\(q:\\\8Ӕe9\ԹQ\\#q\\e{H\#aF{kln{\q\\\\=\\W3R1\JHz~\z#s`~?@\n\|4\\o-iM }Yb\?%\0/\pF,tLMF\6\Z)\Aa!vluh#\\\Ƨ{\QQ%|ɐRC(\\0+:0w\\94Oj}KMU89[R\M߉\\[\\J{\&q.K\v\_kKX\&!\%\p0\0.?T-8oz\G=\$^$:݆\r_+\[6n\\Y5L\\$^8tqQd2\0OJ\' h.@D,\ \/:V?{`g\lg{ec\0i&D\/@ȋUۺР\n\"aJH+\\b~\ao@r\;G\N\\#\\ZjlV^jb6{Й;x\6\M\\-\C̢br\Pos\\\\>KJrIε)ٕpgo\c\2X\vDbE;\|Ws\\\!\V\9V*\"A)%\r\n\0\	\r#jU\E\Yb}\\\\\n\Z\6v\\	l\\kp:K\r`\=ÿ[hREGE#\@ƀe1\2\\)0v!8h\\l\+s\qY5]>m\Z\ь\\F\	\Z$綱& DS\0փ>yW2\\r\0j&g:gSbJZ\\Õ͞\jg[M\5\\V5L/4pTkPM\\!$m7U\`%\Zrqw\\v.\\\0u4`\N\Iq\ӦR$Z\\fSK\"\\r\"u͊fZ\\b<\HpkU4K\\VHl\)QP@h\}{\D\F*\fZbBZ\V\\#\;immbgޥO1\'V0\ZT&B	cP+tp5\u\\BD\<tٻ\'SNX7d\]\6\5s$\"\\rCa %q$ ]!vT֞\ldt{#\G_N\6H˹\n\dR@u;a\P\ v˗i\\3(\dsquak0_\\B\Iا ZM5$\"\ʳ0Rje[	V)|cvEO,J\n\(T1\\\0ӆ]\hO\!X\vb\a\7H|.\ER*\\$b,\dʡ(|1mq5\qn\fLr1\\NC柶O\^/`iPeU\X6Ѣ\Pwb\">\%\**e\\"\$\0d\CȌu%C!cc鮢\-\t\\\a\\\\.q\MW5\T\K!b\KWFCcY\l\s`_r\\Hc\\\9w\\v\DXD<\reXLP\\rcA\P@MJ\Otby/\\^{W\&\^\\ל\ΡdbOܦ\\\=\·DK\Z˖]?\C&N>aN׈7vj+!\|.V\`9D|\e\(:Ca=\5\Cm/҇\0}\mlXbп8/\ng2|N\p0rj\e^\R=0x	DUDHQ6\\6\Z)}JLF;>\jJ=p3\O2%qǫ\Rͤ\8AIn\Y{Fh\\-R\YzF&Ii\\!n\\1\nQ)	Jض\K$$F+=#I5\J\JTԜ\\>\{׌\n\9TV\\\\\\\0\\K<r\7~TZ:d\LhY`:\\\gFZW(]\FI jPܻ U$*gm<B\2X\gtj\}ت[&\\\3w\\|\\*i<l,\QF)!,rN\\.\Y\"wΊĪ\Wsw\˪\:Iͤ\%Q\qNABHቱ+\\19JٻY\\nXᮕ/5mn9f<\\D\\a\\`J4㖐\y\biRۧſM\t\\y\n\'\d-U\U\AL:NًЁ^8|qVg1\|Θ\6V\"\"Ik8\^Jr\\@w Xf\\&\\\Z\2|\v\BTw+鮬K\r\{I\\`u\4hV@)DJ\"03pL&M.c\0+\I\c,]\\\xh\\R\djD-`>=L\(c\0*\^\<9Q9#!Q\rw`\\\\Gx\\x|A&\\4sK\8H\\x _oۋ#LGq*\	s\\>*D;8u\OX\\"\\oIy::\"ot\z\\\Go\\XHUkE4R֍L~鞠L4>m\Z\/f4КgPNC3\>\\ɩF}k\_\%9`N92$f%`\"*J{vW>\0[\0k\5\s\%dvM3o\\Y\>\a r}\C\\}_Y\\ӬI fJ*T\\9	 \:\$\M\;\0Eh VHN9&c\:a1\>\#\7\Z\vPE{\I=eꦐ<qY\\R\*mr#\\f\l\%\n(V\We\\r\\Z8\K¬-FJ\(\d\#DD6\:\\5\{\d\\d\rMM\\n1U<H,+^u&\v\\\U#P\̒H\\a\	\/r?ێG`H\\dG\\eZ~ϙJ\+Ae\'Z\,r;y\\U+f.\zӋ>dr\\\n6KT{H%#\Vi \"Hܖ]-u\P\\$\\\nK\hH\<qƁm:$R\\\1x֌OZ_\\\\\&\\ߍ\a\Z\U\\\:8\\L\.mYPG\nr\nM㧡鞨߮9\W\eQ GHn!WHu \pqݦ\)7m{\\Z:gB;>u\}1C8c\^ sI\rrs6QZ\\a\0&e\i?cU\\4l,\ɦ\51\)\\\\X s\0\2hg\\H,\\\@3\.ʞ]\0\\"\3cpAy\qy{~\l\De|\۷\c\T|1\h\X\nCIR̓P\P\0(Yfx\\\(\9G\0Tra/(&Eė&2J\Y%\\ &3\7X\\)}%䎢 e\0\lv;9\h-cZ%p\s~\ZƊ38~\\k\RH\v4\nk\P\4#u\3(\>\y\y拂1;?Y4.g,{\;vYc\\\pQ٫-+\<tc3p\Iz\\{0\L%\\2\mJ3~\ Ҽ\Z\n1\0M\,5lQ$\fpXJ!$K]JX@\\\\\Eq\\ܨ\7\9R4Q5^?L\k\nD\\\\5\\&1xV\0*\>\Wt_\}egwIc2~\R\\\H\\\ñR(\9 _vN\k&\漖\\7ͺ#\r\nk&bW1\\-\\*Rtݦ\\\'\8DhIt\rVH\	G2bQ/\!\\uD\mv[\\\-nTm	,\\\_f\X\V\{\\\\\_6\.\n\Jc\>d\j4*N4£\\\\1b\\\\i8hZuyvь94͎=!\<eR\n\=}rH\(r7.$]cj*_J\#!wv2\vA@H/\0\{^]\\$|>ڼ݌E?/}O\{\F\0V\\\a\0\\\0w\05?q\\NpI\\ɶYv\\HV\)\p&\0	\O\\,<(r\ی1E	׸{>\i\\\\\\5q7\5NbDHM\򂨤B^\\0ۉ?-w`.{;+\C8(\\˔=Jri\0<feQ\hJQ\\\nɓr\\[3\)QE?E\S9Qep=\	T2)!\"Q8\Lt\MBTl+3\Z˴j\0Pb\\\ZՔ3LhhCn\J\\\m\\\050(\OM@NCt\QQ\1q74ʵق!&U賠u.@ p)L\0jEC\\r=Y\\Xi \\\9q{\R\-\ll*}\r8`Qes9\+#\QQ\\^\"Y\.Ӫ\QQ\U\%Gn\l\\\CW,<yG۸\Є.iK\ZX\niN\9\^\\K̊\gf\\O\*\\\"r\0>\0\\5wHD\\[\̈́ƺV{ֿ\p\Wg3\PQ\\1bWG&bS\\\8\\0:KO\$dpV#OR}\\X$A8Q*\\\"-RWyLz*&$\_La髄\(nUׇ.\"-SP~\8䭒\{K\\2?eW赡`.lg)0MV6\\	Œ)St\qy\bXSي\0NX//:y\n\MOq~\n.Ma,\\ګn\\Z,\6>@΢\\\Tz޳\d\h\ mwt\\HT\"\݋gP\Iki9^?q	.I\F%wc\\\cDq\\`]@]cγU\o|\SuY\f\m ]\桃%)\"\Fa}l\70FAN\iM#G\܅\6YY25\Qw4썮3:*(оt\>EGpz\^Ew\o`bI\tj\Ei^\\0Cr}r0H<#0<\B0gʫG\\\'T Jc\m^\RE=A\5\Mg*ۣ6nC\9\jg6	y@ N*AQ˖,\]d\( e\\\\\`jZ\0\\\Si3#/:Re2|\j\:J\nx\\jwJfi\=η\YZ9B\\0i*\AΤÎ\Y\\'!a\'\0\0E\0Ԏ#\t\n\9\3QV\s-Kf111mUp\ʦn6,zs\nH\"v*)	\\B\0\Lى<IkBMr\bq4\"Gq\ZF:\\02\0\#Q\_/\\0/\rKV87ae\,q攌o5Z\uY\'nCJ\Se[y뾋\Sx\,\1R`y_gNF)\\\_]\"{+	\W\\g:P\\~\\\\no9O#fokq6u:\4\x]\]\\\m,\\'\\G6z-7M\@Q2IR\I׌\ʔH\J\\t@9zo\oFڭ\r\(d%I(T\n,a\nm \\\0q\|m\Pi?\Ox3\rBzZ*c\#SѪ*隨\Zĸ*.[q\O\>ܬ&7St[M\2U%\#g>\n1Fغ>\Ս˦7bR͂RPj\Zxg/U<\¾By%R\\(1o)\\E\ET\ۤ:N:s\0I4a]6r\\UHLeJ&5\Z\\McAoېZҼ$&6ΜԂM*\/U,\\[1\m\j*¹\"I$%@aR\0*˕p\e+0~b4Ұ\zb$pkDa՚%\t\bɷsu\\+tbs&bS\4\00HV\1&:\8\І\7wx+	/\\\O\ݹRkVxg\\k1)\lS&n\LX\1.Ī#Yu\0:\Rl+@:ۥ\C\0vҽlD3I\I_H~\\rv/\^8i<f\/F\mg\ZM\"C\eY\[\*U\"%\nwMsdZm+P\9j\Q\\n\\\k!]\rJ\6^\&Θ7\\\ѵv9h\\?\VwVt\Z\NLW&R4$\/0#\,m\\Q\2,(Vԓ\S\^9\\\\F\[\vU\d+\|_XF\x\Q$\Hb߉\077DP7\Ė\MJ~\5k8\\ȖS\-yp3<\d\\n\K*#rԴAX\f\\ \cFTe\nTK\"\\TA\\CQ0=ծ\$I\ZK5\ZjENU΢9WoR.Prsj\\\\\qo\\|\>LF?p\$충\h\|\f:\V\/PtЄ\0\\-%N\,ݕ \03\( 0\ncWm}\?f)\	/3\\)\\\5|k\Q4W\٪ͅJ\I xI׹\nq4h\n\\ 6\j\'J\DGR3<S8z\ȶi\Ms\0\'\=\zD\^Z\jvhv\\^\[h\+뮔\\\@\m,0XU89n܇*aϕO5߽\^E\"\myj\_@V֬D@2H\\n\^-!P\\ӟntHRrU\0\nK\:\lfZ\ee.\0&\$\<Vbo<wToq\"A0!3S\'\\\?a\r\Z\kT`\0j\0\ǍpLhT\Þx\Zx\l)\k\mϧgfDN5i\1\d\\OD\jDPe!2\w\\'\k]u-u\"U\n$ \0\gR8µ\M..qHf#!ʔW?\\ajX\jϓ<\)4\<V\*iKV\Ehk\1O\<\~dNp $\O\"CO}\ndIv\'s4*3fU^qź\K\ZW1_C~\9\\Ɏ5\\\=.8\0$i\"B\VY\\E4\7x|\\\Q!:\s&BR7\pj\"\M~\²Y&x\,m\+b\܂\梢;--EHXTZ,\tB\0\\"-I9>\\s7\\~^\q\G\Q˕o\[\' \\\\N]*\\#\|#u\\\\6;1\'d@r\\J\.i\Ke\7yw cV\\\*K\%H\".,;L#ɼK&j_Y^`<(DٜkZf.\/\\\#ڱ&5a\\Ȝsd\\\\ \{\\3\\_ϙ\'\'\KMW14I7x,t\$L\'\0Qu7\\\0}oka$f\"\\h\ ,HY\nSw\,\\\sgw\"9\&5\ns\\\W<\0$s_@\nU\7 .qBW\.\'ei,	T1O `6b_\9b\W\b\ZH½1A4)M\ݙM\gC--!w2I.Gfr\\\]0Mk\\y\.w5]@P\@\0\0\\L/5CƜ~\o\\qAd\Q\\ј\\\\41ʆ\\V\^\R\c\\\yd*Yʿb\Z\9}\Y\Z8\c#7[͑. \Wl\\͹\ZW\|{w\b\󺛗\"ק?Qt\Q4\0\*\{H{)JOi\\\^T\\\%\\ B}sg/	\\*-4.;p\%JebP12-Q\\y%R\\r\Χ1bcFA\]yC^YWLuVyQN\\\	o+\Zn)z0˂Yn\Xv^<`\O@}\3.Z\5\\1OG\,Z s\0\YEU\,\\6\Rt˸c\Q@2\\_qp_io\b\Y	\1^\h\<\=ZM3Z\\n\\mS!@\ln\0B$\ޓxvyzj\8\\\m\\nYQ%}B%j\\'<{\\\}@\,\(4\EP9\\B97t(5Lz\\\2]\\8ZnCBNVZi$0IH\jЌf\3J^QbfU?*hc~qXKӾG\nd;$PXyCP4\\\8\"\]z}\\\\'\^]\\F|\ZL\\"2EP\~8\0{99\a\]Sӎ\`%cpqK+^\\,JoF#\n\e@;aO5|\Z},(@< ˏ\\qG~\n/\\0F\ԝ_~W\\2ݪ=ZUjJ>J\rd\t\h;4@7\%\r=n\p:\ob\6v\Mu6\w\a`W\%c\\w1\\)ɴ\M]\\\	E_\+k\R\0k\9n\\\YĺY\',c\8vdBb=s(tnLG\3Kʡ[H\\,-`ޠ[g.О\	pd\\\\ơ\Id\apv+Vq!Ǚx\V\\\h\P\\\}47\.T%pҒv;y\O̱2䧳%j{t0׫el6\IR{\\$> };tעsZZ\\h\Xei),AX\ӾIB\ɐtM.T6i\@D;\{c\0{0Ol\\/\\\up\sF\K_\2eߗ\ \L\0Q5aBf\(j\"G\u\n3q\8\\\\\-8\&+BM!8\r)vR4\\?Ň8d|\\\"1<xhٶآ\\ˌ\A2$xU\\81 y\j@{\\\r\M\T	={\\\;#5;3d[8&\\0QOL\0aQ\݇Zg\\s`8|!\\\aS\<n._Vٚ|m8ښ\\Sy\\YO/\Zx\hPX@/D@6H\A	\nJ)Q_v\rmV@\EJRn~\8:!~޹A4-\LLf\\0wr\\\$D\\[gf0\QV\r\M/\07:E0@Ҽ>\\6\zoH\¤Ӎ*|\[\\\\r\ZpsDJ\퉓MIha\ㅳ膒\U\r\񀘢%\w{8jH5-\0q㘮u<H\\nt\C\s\e\\GUF`V9p\J\,܃gb\Ȁ:\\\:>ILeM\N-\\!\\%h\16]\O\\6m\F\PA\;F,w\\QsS\z%q~X\\l\x҃iVy5k\\\ܣ*h|ZӠIaka\T\c\cq\2\\E%jXd\nT\Z\2ԯ\`\\>fۙ\\ZWYS\/O,`8fH¥\f%\xdB;\n%Tk\TkO߶h\#%΂̈\Rė\V8\C\r\ɷaWRiU<gT\Z\\1Eapmg]-nf\k.\6V6iMXy0;\<RUS!$dq\\0N_Z^v=uF\\ifB\0 \i$֢\kgI]\\&dߤ	\<L\tb3;Ue2\u\θ\\\ZaE\n\ZvT[\9\\xc~\Z k2gg\]y#X^\\\\Ph\\\#\v\RHpr\n{\\\](w/2\eT1;_0\#4\!X\4\0z3\;n\!ܞD,Rv	S\\O\j	QA\\ZsrRɌ[\w\2>\'R0\~)e\n\\Iٛ\:!	>\~틨\\\"bX\rt\Oo=;tŻ\ߟ+\\yl2Ui5 2*%\\\!zSu,\\^6^Ee}\5\ZW\r.7dJFW\C\\}R\\\Zq2yȂTq.&Y\jY\/w\\\mO/hF&Et=\N-DʯOu\'@z_\E\.\,\4-2\\hֲ\\"̈́\\ڵ( c=\NX]\n\;\\\)]S\\Uu\0\A$W\'\",w\ˬW9IȻ{\-\\)Rp\\\'xә\P%vu`aW\x\\Sc[h\i)\'+n*\'@\m}_Ko\rk\\3%\b%i5J\Q4QړRXyu|\3MD\\:ca*\(4F]\\\i\Wh\=?<\nZI_2U86vP\\tVI{r\zifFQ;ҦhDQD \P[;\\5\m\7\\:\Em\45\Z<\\Q\\EGS\\\\\6\mJJ\Z4ײ¬\\'\\&V\q\Y\0\\㱵C)#!R_rg6ui/Z\\RQӍ\\\ψP\:`$1U8ү3!fUEZQ]F\f?>zN\^or;DЖO\\Z\04\1Ĥ.(LhsR\!\\p\+\\Yst%T#pN\U\<\S2r\5oXʩ@58~\M\~h7ܧ\mQR\)/\0iW\=%\M{\NYI\(R\\Z\신Iip\\\ZIc+V\n\D \\q\0*\^8\[d\±QtV2C-?\a.fY\'\:*i\L\\eޭ-#1q\Ǭt?\i=\Z\Z\Jew[A}v\:{\\ڬ󅹐J\\A#UhHŽP&2W\;*#\1UǙa>\Tvr\Gb\\&\11R\0[d\h\!I\\¼9\\)\'DT\݃K\"jo 申\01\>\gȵ\'/YX*b.A\sE1\\t	\zIc*|ȣ\aL\$\\;-⡕h6_PG\Nq^n\\O\?7^M\d̙$2VC\&2ٞJa|IG,\\'P)v\6y&\\%J\nlC\}C\\˸ٽ\j\-\P\H\P-`֤\莞蝃p\طn\ˋ\-\\3\rI\`D\4woE7D\\'\=|2M\'\DD\s`zc$IU\\J[.ިB\b\%\ն\\O$3\s\zbo\:\nxMs\Ad\\/~Վ\WG\W\&\; *\M<\o2-\\0\;݉ @v;<)ʐL\P\\\\\\0n%SH\)A6\+\Pʴ:ө\cKG`\K7\/`\\i\%\\:hhH\Bb\>\?SZ\\#92*[ua8\k\Ö*\U]j\\"\Cd\>{efӹǊ\"*Wj\\.3\\\-)5\Z\w$Ep\I2\b\7C=\d_7fգ~td	\"לm\-\\SZc@Gߖ\ZK-b^$\nǣR\UgPQ\Z\\rI\ZP(@#2UQs/\N\run[1\jo\q_&\Zs9`m\ɸ7jS\xW\]\i\0\r_\8[	\rW$鴵K<m76OBV\V3hT\9z\\\v\\\[^Gu\0byJY]cU T\EteL\)>dX]\l0³]\tJ\\]ws0\\	8nVFR@\::~-:@Q}L\_b0kH!s]}\0%Q\~\'\neJZY[>űl \4\m%*LmόUdAw\ZBSA\DLS34y19ewa\4¼*\\ظG\o\\'&Yr\\\\J֬*\츅x\NS_dHU\\\qDNAmʴH\eXMp@6\lӿLg\y\w:ȸ \bd)EG\0W<bߺ7ǊV	\"]L1 PxM<9\a9jٟ\\k\r_YΠ\\k\\r\p\wZSi`\NC\\\\ӭԏT\<\\(eQ0&\R\_YZ;\^\AqT¤i\T;\$ɴ=[2O3@\n9\Ƙd\n,G\nW@jJUl\[eJL\%Lʩ.V\6Ⱚ\e]3#4\1Y*$))9\\u1ʹ\=}mP遘\ɻ\Z@\Q2u{\--\%[/7BnvNT,ΝGAcSdRA\A\\|ā\0\\1\<ϵO!\\5|\0qm\'q.`\ᕸq\Ò	+S\j\SQ\'%ݚ5\n\R\\z3luo\\\XQ>2\\\omMfT\\$\%۷\Wc\\\u\3hl_pD?\w)&ᨤD\n܍sU|\\\@$\\$U7\qSL\@fxq?nYp\5m\\\\c\\\/5\+9ʮ\ՃxvO\r7\\r#IVj&{&nEsX\Z	e_ߏH5!C~|\\F|m\R7*~Qr2\\Vy\8&\\8%C8Z\FLݧ(\d?)tL~0\'.5\ٗdq\CM\ZXS\_YD\\\";)ٹO\VT m\\\\\I\\jSkq4\$+	TL\\\1D<e\\']9_l;|vvc4d\\2$\EQR~g֝\K\=ֈ=d$F\,Q\SԲ!pV۲U>\1$\OR5\vّe\^)\\\,ȭ\HtLW@Ae\nˇ\mw\'=N\\\\YˍI\\gTl\u\^\@po&WP\9S\5\\_\o=v?\\0wEu}\\C\~\O1m\nGQ(,jsp\{;\նI\&4#ٌ\P1+AE!\\\\\r6\\Z\\,\0_\'Gy\P@q\\!\\fR1j\\S&\8sF5gMT@7z\0k\\	#c+\\-eZv\P\Ofr_\+$K]*C1\\\ )-!ڀ\©C@\08w\@,,0\d\Z\P\ZeL\,Y\N\gq\f\dj01\q \HѳB`\L6SCMCA\\ȆzB劂Q\\5	\a\\"Z[*]z܅1=r)DK蠁\0p\zݤVLZ.;Mپ/\r\xҹl{Uq\o\8\E*ن\n\'&WEd̚^[`-R(TtQ5՞\'\!tn>}1\04d\\x8]b_fgD;TQ7:\H1Sv1\P\Hԥ\\\ۆ>SS\\rL\0(vp\=JjnlHmI\(]\Aq2pe?^\")(\n\\1>\8ι~\uɸ\o߹G+aɖT\ø\\\Zv\@\8\ì\3_ a٘\\\ܶ@\J\zb1\-SёQQofPd\<ePAL\nd`\r\ܷ\%4u`\\\\\r=7%\x\*kJ\\#Ǎkg5#\\[\\ZW][\$+A92NgZ\"H+8;QA\0\Lqp<TΝO߇:\ab\D\PG&\N\~\cb,..f\7\\\\\-byI7i3r\Z^6\AfQl\;O\\rTPӪoPnT\\Y\#\,h\v\]? z-\7\\A04\aۍNCcB\7,*y\Z\\,k<\V+i\#b\gv$\hy,VI\"#A\s7D\k\u\rH\n\> S\3!X&<\ξ\t\E/֡\(\W6\݆u8/\|ه\\\FHf\ė<\Ö鮁\G)>F)V+];+1\n0H@\Q\\Q\\\"uݭ\\6R\\rE=T\\'M/ZW\߅3ı\m\ZT\=U٫k\n˞t\\"\&Ȑ\ԃIB\ڧ71\̄~\\I(Gv{8r\\k7Pk\xNKQ\yT\Fd[\ӁYyv\r1w\*\\_\̟.@\\ShSV\\\U̟\0y\0*Ouk\݇ `1N9D\"0\0@@DSj !z\\mXc~kp\\Wb\hW\'oh\:R\\JLB\WsI(\\\+tTTA3	j=wKt\+</]H\0QL\2@\}5\|\!P\\SV`x\\n\\\0.g;\\v^U6WesKK$d}gc\\*AQl))u\\6\t\\r\̡PEu3\\\m*֛4G.dTIa04	A0`EX\S\X*]\\7~\=y+\";\4WTPNTϜ\(l&%y-	[\G\n\\M8ע\Fn#@N-ιt\~\z_\}ն\\[R)yM\'&+\yzX6\\\El\\>\6}{yX5\>\\kJg0\\r\o\bi\ț2jV\X(`\\\\Y9qm+0İ\	\E3.\n\Pktϩl\uẗ́[QSL\mkieh\3a\\t{\F\\\"\n\-X\Iybi@\\-Dk\Î<Y\<]Y\rH\b\'\p8*r\[\\rʇr=\9u\OEjQ\cdQ\l:\'ono\\n])}kQKs\\\\\\\H֑J](%\du\\\f\}\0f\Q䎳D\"x<&\gH\`3SZWKV\o\#l\\Ÿo \˷0\R2\VȐ<\\Yu0̒ɺJ``\"n(? \͈Fk\^?g\\1oM\-|.\; =\nDי<!W2\%\0^J bE¬H:F0\8i\-5:\\W߰\\|*T\6\x.K\-|\7w?mr>\k4LOѝ5AO~Ia\KX\-ȓ\\Ka\_@BͷY\l\uNFNMj̦M\]	b\\E!`s>\G,| 3\X\n+\p\\\\h\,\r՘A%]	7\ \0j\¥\J\"\Zj;z5eg͵&\1R\0(A\Zom0N8C\KV\A\\Sۈ\/1գ*%\\f^>vzT&^\\5r.\'l\5LG\dW>2\P$\\&\\\"O\"\0\ODgN98sk$qEQV5.w\\\'q~C\\^^I\J̻|\REU\ƪ>gqAǩH0lݳd\9f\\@TiTQ_)¨-kP@@Ob~)s8w\r*\\0c|\,ɹS\Q̌d\\Ŏ#ٮ\\NS\n\YZV&g؛\\|\.P\n\lN_q\nn@IJk\\\\s\<}\6d\]de~:\77\jJZf)LUK,RԚAR;\\W\(Rw\w\fƬ+\IZPi\RF\|A\)^т}x9G¸NJ\\'Q.\"\Ze\UZ\"\vR#[ѓ6 Ċe!\n?6\{z]\rUHeM\0\C\R\Zj$⾷f\%\nVqu\'=r#\0Py,X*\1l\\-\"Y*^%\Ͱx\reT\h$Or\٬zc@.#WҥA\V2\\\v$;03\'5E=gW۟1\ȋ\)\\H\\	W\l\5\H&P>YE\Kh\RF)$L:e\bVGm\igl\H8UŒ\O2gR\hr=\?%د \ 2F\\$}{+,D+\x>:^A\ԋ\MUPD5,\>\d\j\f>Z8\G @2R*\kJaϵ1\܍\YQm#R\D\\\e\n\;R\DہI)͸={e	mN\rBg߆`5<\\r>\{Mi:b\9b\\Wj3\,β\\\A\Z\"`{%1AQ1|?\4\'\\\PG#\a\\<\o-iv,a\\Z.CKQa(r2SR05\Sԫ\\\r6\$*~2\n\0pjrԖPy\r*$q\'\\\m\\-\ұ\n3\2\\#\\\\&q\Ta^hɒ\\\t׮\\Hg7U_\\\\GUޘ,~\\)\4m|\H;\'&b#F\Z\\&]f:e Ƿ\n\\6\F\̦Mi\rȀEi\݃W!;x\.\mNKh\\\qc2>5]\\x\\iMs\(G\M>wh	\"A`Ei\\O\0*M\0\1\A\@bFא\:㦟I\0N8\\L⥩{-\U\kvL\dxYU\oaim\\\Q\5eL\"lW%\S\tͧ<Py\,rchKRƈC3\\ZUYE,JI\\\"-=\9#>V],$\0*\nB*A#:gLs%\\`}\3.Z\˾\8\YKrArEv\َOk37I*ܽujAnBVo\`u\\'\,Ii\n,\"\\E\̙fZ[^O\\,\\W\V#(&T@9x\ۓ<q\\//aě*0\	eL\|f\ fbKpAΕiIGF:d\*\0\\E\\\\6d0\w\0,V\\0[$`ѱ*FDҹۺ~\0k\\ۯ\݈`\\eWejEaC΄T\8\\bȼ5I\d\\)yɸ\\|\AfF;\[-^6\t$\rr0l7_QX\UO\ޝ\\\\\\6ΦRF\\dZ\%\c\Lڴ\-\@!\\20:H\xJ\\ϼy\9晕\uez\jyDɥB,vCqRƑ9:^6\\\VH\IWj6h*QUMŌS\Z\r\\\ب\	dRÿ\nY\*R\\Ò3\r2\\\\\n-\Z\b\"\U\i0\֥G&c\e\#8\$\QϴQP#i\V[Tk[-uԒij\ZSsëRK]\Xw=K٠D\\H\N\\D2)\rBTF-7c(y\\\v?\g%\\(\%:\"\K\MK\Z9.΅[\,*.O\Ve,\j\\~8U\0\0\0\\\\0\\_Rj?b\0\\Y{\0Td\\QsbJn\\Dz?>\0goʧݧO_\\iA\&3 \**Tٮt!chrp\\\ru\|۱iМ\\\\gԤ\9\ T}\3\'\n\jb\H\\t:3ኔ:\v+3G\rƧ\ʣ݈H\=\\<1b\\\|Kf[\6,\0E\"(	HL`!\n\0:\0t9$h&@U>\ęDSBn\\UhMI8{y\\z\Vu6&Q@:\r(@G\۩_88b2A-\&=\]PE\}@8hJ\\\R1}R(H\p\ATGimV[Ŏ\\\049q9\( {\amJ\\[grX\cST=Vb\uKGwq\h.8ex\P\W\\)\`5;\[ߚg4G\NL\UX\\\\\'\0h\06,`\14Kp.7\y\3\\e\Z5RQ/czr1QS \&.\[L\\'ۡ@\\\\\5h>|\\\\ԁ%\W\B+1,\o\ Dy}r\˦5\]]&1\\A\",*\Sclդ5SW\"4bgn \cZp\{EyBR\Z\\\p\Ҍpaq{hBu\A/2a҃&1ޢ\\nMy;n6\Gl*\S\:$)4%kM@V.V]5\"C+\t\F\B\f;@\Zf_~5\ZR͆P8\c\6\"A\*/TX\#e\0o!\?-Cܦ!\\PCɁݕ3\\mVEI,\Ԭй\$\Sk6d^4e\UVx\<o1JͼR,\&\Q5&\dF1ۚv<.B\̙:u>\d\t#R!\\r# j\n\æ/\0\*\\Z\[*\5`	\^	qs\\\;\\>Ddܡ%F^3<\f5lf)\7ܬqn\'ԧ9M\\iۣRDJ\\FOp\1\kaML\N\Dﮙ\9yJv\Fo\a	w3,KS&pfQue_?\K`uN\^	U6)\nr\D)\M;\&Wo\M)gNyY$\c|x\'1\\\z\\\\&l	\\.{\R3&\#ps.\uѭDB\Z?IN\(h\\-m`lj(A$ҜZӁ.T6\+EO0\{>g~;xxcr6\!\S/LԆK\*/RjA\%DMt[)\k\\|Yn\XԱ\\=au*\\s16#5Pa\ka\n\\٨Բx\\Z\H>!Z\+Ye\Z\\swAs\\"۶s(S\'b\UJ\\0AL\)P^9;xeu(\[O\+B\Ċ\04jH˴\\\\\01Ֆy\t\0Mѵמ\\\&c\nq.\\nMDϳ\'\^ߺga,<\ĎfB\\\\MJHe kt\պI+n\iuRH!P\r\8ՆO[\yd\\C\~JgY\8KBla\=9\"2VqMe?bl3M\\\6&&P\z[G7[x%ܷ\Z\\m	\r+ )*\hk|\)e\lfeV\[ɤ\ԊҤ#*\$\\\C\\\";\/\Z}rM\'3_\\\"\j\X&\\\\"fHz{j\zhB/q\\\TT\Z\#\=PI!cg՛\&\{\go)U\"IS\\1Ɉ\\}\Z{;;\\%\\2m\'\	\\\;lO\$\\UL&xOG\6\F9%p82Juj\\vݶ\Nk(\XnR2\Uu\"\)\\\4\=IK}Sa45=a\ͪC1^0\ԥtTNK\\3sj\-c\\P\\\\\"x\yd1\9\E:?m.DX2$!tO\1ik#*bP\\Fc\4Ԓ\Ԍz\\S^L\b2ŨUf*SBV>\OCr7b\w8kVTS\fR5i\ ʄ\ND٘ή鈤K6~Ԣe)0\P}\G\(F#\\>׶\\-\BW=KJ\Z\\\9\\\\?\~`\o#1y)C5bm,≇\[~e0\ԭG_V\_\\\E\\\\;\\T,\Df>ϻ^{q\ۉr\[\-\2\n۳\9YWٺ\&ʩ#SS\c\\\\"vMA߉ @Bj\|.ګ\\\SbEfbBfI\4\\,\wk\\,\E4B.\.G:\9\|e3J[)\8\n\\\cs\yZVJ\\n/\\G~\'.\\nQq6~\\En\@ѺUI*\NPG5uH\\;nwD-Q3J7\,5S1\\.ϕNr?\\NC\q\r>\"vhS\"l0O?	\3r\r?ud\HPLPH/Y[Ͷ?\0N2HR\ͤ.$zA\niLFYWPSX3ei\\vE[\0ۯp\d\riwPH!\'\Qdɛ\DWTtb|5lSE4I2)@Ȱ$eJ\n\E;=\qW98(e\s\0IIw`\"ݶD\\@YAbcnhͯd>rQ\y~\|s\z\6\PͩJJ\\N\<\nH.H\Eb\W9n\\"u\A⑎&6\\\\\0a\&=LmC6\59\P\W.n\'`I*Ѫ3,YNE\|/1Bx\G\t1n\m\8\UddS)&ƭZj\\\PP\/\j&\me\\\\\2O&FB5nx.\bVYL\$3\\\\4\\N`\ʒ6ԭ\sVTZL\ZAZBF\\؝]#46q(k}]imte\_\L\g<MY5-҂\$;L\%+Os\XbH7j\r FQIVmIF\ۦDPjջr&V\!HD\R(\0\0\0\0(bKXx\{I\^u)T\\8k`.A\\\\\\\OZI\E|4%*\T\D[<ngr%XTo\HOOgK>\kƱT%\\nDQ\RP\\\0 :\\\&\b\\\\\\9\\iV\u\Y8y\')jt3dZF\(T<wL`ɲJl!W9\\O\3\1&kI\0\cRruhyPq\UF6fo?\<8k\֮:\\O*k;tqDbX?5`\\R\4Řw`ĲE0\>*fU3\"y\\h`<$@FhpZfr|9\LJduWƕj\\3HYh\\\IC1ju\,H<	3\2t/ܼ:ʘ\\(\\ɭ.\-\"6>S\ofJ\\m1o\W\]L	\\nx#\\"If\\\\h͠9\rD\0\r\JV\%#	V\\y_ȹr5\e\Gu\CG,=)$\\1*mALNQ聻fy%Y\fh&h#X\\Uթ\=l\q*hx\\ΈeSW4\\\}cs.\<ی\r\6\rE_H\mQ\\\O\ӑ.v,->j\\{xՔI5\"D\rp\uoA-\oգ\륔ӓ)<9\qQWL,U&SR=:`_y@\)dL\\\0ʰt\؞EԸ73snureZ\SRx)TEX30ʷUdDtD[\o\\|6&Pa@\\N\n\\\ԩ*\0\r\wܷM\\\)ZBO\0s\P3p\\o4p\^?9O6\\\\'\D\9\;=`ɏ%\\kϦqHh(ۮ1\\\\\ξwt\XճE[&5^|\0$Akp-\\\q)\Qb\@P2iNu\\^8`j~|y\lE\Ix\n\=\\\V\\K>9\Wb\F)|Q|EDLD\nd\\׻wR\\\rK|\WE\"\j5|\"\\ԟN-:\bEyc_\"\\}\(3T4f\\؊Wf\\\ZB\>\69\\m.3yOӲ&{OA@VVaMPw\\ʞ1=\\\\"rI\:\N=?aow?H\\\U\-F\nZeՍ\ӎ\zOm\.\ \chdAb\r\\5d\\Z\\$\$\\X\\)N\F\Td)\Ud2D\mvK1EN&dS@̙ܮ\ё\0\[\zޅ\:\\\𘎶0*9\W\<5<1\\Y=\'֛bݺVK%\U.\\\\Y$Z%hЄbԨ\\\+M7$\S\Sұ\\\l]!\\SR`\jv\\0Wfq鮲\$qL!N\6\-\为e2H\BWHU(I93\\|\O\\+\\\lےAmm;iy$k#dP.d32=s\\\;\nb\\\S	\\rs+\\\\:W(OFD.\n\1\\\\Wj`\n@ТBd\rđ\Z\8r\OM>\\}+Ӌngv\4\{\\߯g}\F\\\\\\:ɒf\;*9)\|q2&S\ծ\$\e\\\\\\U rg`#˩\a:Rj\1$~ڈu.+)X(\{~\\\ob4\\z\C9u8\U\\HH]zQ0\r\R\\\Ʃ\A\mO$ƥ$5\Q_\\ۆ\0r]աf\\4]|HD\r|\OA/\Si\ž{>\0Cq#ۦl!\\~l\h\j\bȁLT\n*)\%\\)<7v\0\n\URs\~\9l\o*\\96i\\\v\\<r6\g$!\yj`$6\\\r\u$Y\Nd\\rMRtҜ1-ev\&T0TZ	\mQp\@]=Q\gr\C\$\Q\"\\\83`Ut\SWR\\&\0\C\_L\Xg:\\\r KI\0in6F\òU\\'H\U04XMv&/-J<iqt綘\\iif$\=MۙڞE\I\r_@\Z$AnC*s6*D)K =\.a\\\\\\\n#3VA<Xӷm\.\;\"\Z/\M@\V-Y\\ȚP\'VXXYQ\\;5\+U^\	8&USv\ \H-LXң3TrhOA\qg\"\	Q}qCӡVL\gP2Zs#DM\3ʀ3@\\r\\\l\9[Md\$]I\\ƈUg\XNR\\W\0dH\\0)\j\\nu^$1\#:T\z\k^ƀ<YԾyjs\k\ly\\wU,A}^`F\vubA\\\JEBA\9Y։t)L\M\TU%dV\ijπ\\rKcn|1@xj\p\\\rzz{se\T3S\I|[㡊\\pң\*\\'o.œQ\AE\\7\\nc\wKY<l\\\		\nTV\00$FQLF9 Dc:J[\\\\Cz(p}U -\[y\\\f\\\Gk|9FGn\K3]$]t\ITw0c*{\\\\쯿Uִn\/\\\<c\08qbJV\)ZA\W~>Egs*-_ \v\TD\!\\\0.hT:\Zq\\y\\A\f3C>\\\0\`Sn\&:\mBL\H(PVet\b\\e\)\[:ԠC\-տg\r0=CA{8\\$~\;\\+|	\u^N\Z\\K܊ըKv\#uPn\(q>6@n6mcv\3^#r2\ը\?\k\>S1\\!x1ͨ\I\\J\\'\\qf.\\p\\i%\+\r0|\C=|\\$SXHT}\TRP@z\\'z:mL\HIɛ\:iCZ%V$\\E\k\\\\W\X*-ύM34@H2\7XI\VT\K\"\rd\q\\\W˳ުYX!^ <j\rh\*g)՟QǸlr^\\\p\YE5>\"ňSL[!oq\rۋ\RbeYP*9\0\A>@\\Լs1!Kn\\\\hp\w`E$2\JBݖ.p\G2Ϟ\Ȁt\:EC\`KbP\s\ph\rtD6\ \0\sg\pv\K\˫I4͍++\'|9PD.;\	㍟\L^\8\'+J4\gJR&\T:ɦ\\\\8Jb~\1w}g\\[ /fPB\ZT\0J\n*A$\\1\n\GPl\\1\B\\5F<1^\΋sʭ0hax\n4ζhuc!\$\\$Qћ:[2FGpuHFl\0d\kqWF@hČ\(\0#0\sworİB<DP5kT\@r\\\i&v\X#5\"-YU\K\r\\Kk\\圙\\\ȡ\\ȶAuS\HEO\\nxPv\0\\0\0w)EFrs=8\\¼\d\EfZ%Qi\Iu*Fk6ު(	\݊UtGG\0o	\0L=]l\rS\"Td\r\r*;	\b\er%U\˟\\,9\*!r(򲳗	hi8y\+f\bbc$\\,[6mX+R9\"1\\\ B6\M\\}uraցxs4?\\.\\\1ՔjA˅{僃\n\\]57\[\\\8\C\.nƖ:\Jj\0u|iFX)x8R{9\"\\\\"\JUnY\@y&\yB?ןy`s\\\\1\R\9_29j9O)D^\[\\l\\F,X\-.TI3n\f2G~mWnP)$E*Vi7ZI#h$\n\Bٕl2r\0R\\rsdhY &\ba!\r\MdB#a\0 m(Ox@,Dh]TA\8\WVL\\riV}\F \\sV2\\$tSg\&\>NG\\0$X\\\3\9f9f\z\Os83\7\yZq\\u\Zq\e8*k\\@/\'vro\gJ\0A2n\:-qAq}DF]\n9b\)\\)bdf\\C\bʮuk\۶s$\"Փ\F\'	\\q+WU Oڱ^uR\0Q+j[tr|\"&\(B\!W\RWO\u~{69<\\MV\\Sϱ|-\\Mp!_,˨\E\\}\Zḣ\nb\"Sྲྀ蛘Y\JnuatiaP\n\\r.\rjYME2\\.z\\H\4\jP-l\\OP\\,CUB(t\\0!2\'cR,&)P&d\\\><ks\8W\\NL\\\BL\N\\vMR\I\\\o.Pji(ruZ\\0i\\a\\&UsW,\@I3\\\\\\"\8<iۊMWO;ccnD c\(\J]+vɷN\-Ek,D֒l\lE*\ߵD\\M\s=\\n\#^b5 \f\j$L*\\\Qy{{=\\Frn\z2	\\\;]Ԫ\_@vk`6b\QM0nT8\\MUr;\_\Zr\}\\'\w\\Eb\'\k7	_q5,E\9\),\YE\nn\ \1\npr\0j\ݵ\np!yVIq\"\e\ZQX+GJ\\c\4=\\C\c\r\Rr.R&qS#فͶ\ȼa=?,\+]\טj\\e*Ux\nDJ2\"ң`E1@\\Lb\\\"\\"aKo\*s5L4\\\r\\\\ܒd5$J$/H\8ƹ@pRe\'Utr\\=婥\*<y,΋/\"H\ZybjB\>\5̅GmK_e8\#\'6\up`\<zؖs#\>\-\\\lgYN.k\s\\ǵ]y&V\ґ\+\&E[\N\v:a\r\'\P^\\Er\Z\\r4PE\0Lvdg\4\.q\ǒ<偸\\y.0\1R[\Zn]k\ԛ+{\"\\=Qs#F15\#\nlåm=H%{k\\0\3	n{H\U:Ѝ\C\]-\[?U[A\\mۥPhO%а)R\M*\\\r(V\n\\nQ\V=!@\\_\p4S\\94#\\M\\Q$\GkoR}L6G,\'r٧\\\ֱ>1\͌zTD5Q%fⴷ\0q>\\ϥm\-˨E\G{>&jP.\\m|da\\0{+\dIDF\se4l-2\jI5\2MѼ\&M\\r\\H\P2P\0\0e\\nR\\M4IZB\jMx\\ybl\k8\!V\6\'^Wo\a\\\7\"\:P\r\J9\\D\+%\\"hDP:r2(\ZDV\P\ʪI\q\䈺jsbӿ OOr\\k|mgĦ\ɨv\\\\\rrA%WHs\\\NdG1DB\\\\Z\\\d\\\\Z\\^(ٔ\#\{+\VA$Uȅ+_sx\;\\\?YF\3ekQH\ZFri\IْE)Hk^d5jJH\Dj\0\ٿ\\+T\0c\zsÈt?ۉ\U\ՄK$%\%6}\~;Ln\f\\u(\#褘jyT_0\d\\0E gU\ W-ʒ.ߨU _0=7/r|\\:\b\kImR\s1<\T\m\e_R\@c@6Y2|9\0V]G]uuyYMnhF\Ў\\,C\0\n\<+2iY\\\)\\_J#\\\"P\r9N߷vț\2i\09wveN?wq\f\@h\\\\>\\rr}4Y\\R$}\I@P\0X\\QG\S\Ji)S\C߉(i\\\K5\%	߾YJգ&\0)IwB\Ї h=\\\(˷⡵i\\sY9\nϛnv\R\$8/t6\xw\JdFxP\on\h\Ϊ	\b`\"=\0i2Wʮy~8\rq(\n2\,>\\"8Ms.!DR\ \0\S#\O\\\.@2[4}\\5shZHXҜ?~54\1\\o\\"\tIL;Vfb^5lب@#S\"CA\J>\\\B|\V|>\\\\r1r\\[[\\zI\'\0W6\I\\\.-\v/\GZ/\n\Z	\\5\ⲋ*Џb)JT)B\In\Ql剏dS\\RS\jW<iW]\p@fZ$Vuq\\'ܿ\VW\\\ǜd\5Ey6\xZ\X\0 J\	h\\\|\v,DaPF$P\\r9\}q\D̒&\5:i9veXƓw\^\\]g0\\+;\L,SBd+kiLV\\X\\(\N\\آMȉ|=+6\$6o59f$E5{kOg8$\ֈ1Idj@i\r$pφ\\\ʾL\=W37|Ȍjǘ8\1euo2kz\p\\MfXULDD2]\m\0mK?;F\0B@WU\\Պ\#qu.uj\Z;~X2\*|O\#}i\+]\\\/|h͑\7j#?Q8	4}BW\Zm/b\\KvT)\'\\N:4Օ8D4\0r}c<1!\"Q@v\\\06k۩BÞ\ZO\\c8\:¨\\y\Zc=\c$Gkұ\YZF#S\)%\RH\\SUrbY;s=\M4\O\\0t\;>\4\zeS\Y\\|\0kV\W\\z\"ʔYT\\3Ab7 U?qEٌ\\dS\<\\\\/\jq\qcs͓\W\rn\ma\\0JT\8\W2T\\tF\Ed\'\*Rނm#CMK\_\:\'0G\;0Ń1B\2myƑ\\Kʹ-Hze\)D\*P6k%.\̓d)Us)8՞F*zb 7\:G|\`K%\F\5\0.\ȒH\$pU:j\\\Zܷ\\\\[\&DYfVBT\nx$J\\p#\\>M˵.@_\\Ikk\d01)=i\\\/hj\)6P\o\vZ\\\@-\B54J{\b\\\\K,\I9p\ׇ\݋\h?i\\Ԛg߉(.(\Z\"\" RbG\y\9p5mڌgXk~\\p\#\0c;\ \\\8ҘI\b؊\D$&V\\,-l\li)؟}\Mωq;X\nR=\\+\\\\]Dʵ=\:\t\tG\"Щ\\5V+-V6dDԱDvEFO0Re\97c&SZ\Gm+c3~+TaL\H-@R1-\\7/ ]@Z\]ۅ.V({r\\ɜsu\+\\ӏy=붬\mpbzsOыɢ\\\;O\097vT\XQo5 )\4B(}57\rpV\"\	4#vgRy\}`g\rg\\Th\\0[܂\\\7chA\<+\#\nCn\VPg9\.\M1\"I\Zہ\\\\\\`\H\Fr1\\U6M\R8C$\`)\\ЊPGb\v4\\\\Ymy\c\N@b\\bk9\Qm\f1\+WIhl3MBQL\Trn5y\";\(M5P\JFZf3p\9sFL\>\ҳ7JNT\\\\[ly\nʽ]\g,\H(ba)\:YORtĻýq&&F\0lĀ4ִ\2\/,\\T\"x\<]Se\\M\\n\%hv\wi\4;2V\f;V!\O\Z]JoT\u\:ce\\\\\*Y8\\8\>.梢v\$C\\=\ܱTu6Y⌈\\\k-n\puOubk\_fu{l^(\"\H\U\G&\\!l#  \\۝=$Df/) d\\X\\͛hծ!F\\a!ИJ\ox\Da\\g`\Z\Η|Cqx\|<vZ\5\'kp\,OR\\\f\E\勑x\=A\\GĂ&\oކimt\0mͅ	ˁ\O,A\0\0\0\\?\heņ\jc\b\\"_\fy4\}VR\'\\\ͣB@PU(\>\\g7ҵ5(mHJ\'\5 \\<E\\~\x\\\\\n߲\ܳ^s:	,lj\\\\z\F jq3\\t216u%D\9\*(\Ԗ\n+SC[\'M\[\-bHZWzКSjF*\+M_qȵU>^\q\&oWڀ1Z\\Neb2I\\|<ʍdeސ\MĦ\0H\.!e\7rnUԖ\_\j0\9AT\|t?\-\\핮^m\+hV]m#	V;F.HX\BV\"J=gf\\|klTr\\e\ʗC\<\m!iziR\!EbbW\dv^\\ \,L#G\iڶ;o>4\ZBc<ApH+J<\G%#\;\t^\\4\\Fb1\\mBEzVJ\\nO\r\\:tJ\݌\R\ZrtE\fj|Ԟ?*iV53\!tglW\\\<1\\dѩ:BF\n\\X\6ʻO[\Ymi[\2\\\D\D\QF8t`A\B8w]ȗ8fy\n\\ \\;et\Hdjd\\\\̉v\C\".VT{\\\\r\v5\Z*į#x H,z\+?\oqX:\F\docRBD~@8X,ync/4JFFYh\!|\Ie71\ACLK&+<֚0\p8IT:ePECKl\ϵ5\74\WèQP\eNEX8m\]Eu\0m$\7_@2E\\\m%x5VL=qA\Z\\\0\\"\XEJ^sñkeiXg\7RS0d$\bS\>uyu\A,}´j$F`H-%rҹiFC:P\na\\\\L\ڽ/\\	\±aQm\WF\\\\\B\ƭrK\\F51]\m\}\Z2R\+Z\1eil[\\O\\5\%/b]\hEx\vF$`\C2ޚ\Z&xwR]c0%GpCe3G\F]\\c%%d\g\d݃\"M\\*1p͒jѹj($R\DI-|\!\0f*3jj#\;wi\\f9\N81B$èx\R\\\0\Np\r*8ڤ\hpX\5\\}\n\Z`ݝ\v^BhRb\+)LAF\"ݲi9f\\\*`Y\c\\P\DL6q`\(s:ŏs0n\"©#3%	&.FhE0_\G_\I~o\u\>=f\\r\z<\w|\@\Z|G4k\|_\O\ӏ.\\hbp\qn\JL\Coxj@8D\]t\\h\G.\,-qVJ׳\\\]\Z]VYU\\\ԥ\"\'\\\p?\\\Ky:Ip\ݿ\\Pi9s#\r\p_nnbTm^l3\n\0\"\	Ā\0q.\0:ߛ\GG{۬dip\J +S\c\M\MaJU5>(ت&Q\\Z\0Q%\2\\E+ =,i<3\\bq\gX0j&\vH|\eJ\\=9y\p*{E3\"\q-\:\*r\>\n\7\X׊U\hc\0.m\Q0\5zE\\G\ni]ŭ\ОH)E\'\8\ns\nh\N4b!QJ&)ę&h4\v2͗P\Qa&Q\0j3zh\f9s4.:p\Wq4l&Be\nbS6E]\\\4\`[iJ\ߋEI& \_\b\v\DQ<Up\ܪ\)o\\(\0 \ɆK}H|J\rr\Sb\j\n\\01hؚ\\DMC[+\,c)\\nBbEdah淗\\\F\2%!S\u\:*\n{O;q۷_\Z\I\[Y8y7*\\\\ʑ\0G*k\Kwqt\0́h1ϟ1q宅S\\v5y7\|	\\\<ixGչ6vE٘þv\7\\&Te\HNUVK=0\d\!\\yE͓*=ᮥe\"JRx\/Xm\d^r\T 04媼x`Wx#\8{|\u\"Ǐȹ\l<\2(\"\\\Z\X*\m\\\n`K\ۧ&ܰ\\(\0AE\nI	`(rʙglED-өr\0<J\M0\\"*QyVۙ2=\0z, E3^\\61pQUB:J7Լ\r]BR{\\G˕P\<kZ4#>8pFYj`4\m\\bk\0x\p\f\\/\.ɫ\Ic\4)@(ƨq59֦kƴx\V5xW#\S(e:Ƃ%QuE*`#\=v6]\\0nP@Zҹo\1\3	[\\e\\.^\*N2-j\Z\lFGa&\\r((\)L2\'ڟO\\ķ-H5s\\\¸̈%[oP+\\\d}eq\*l;%b\\};O^aZ\"sq \r\D\rɉr\vl}*4yPO\9vv\\`s\\>J\\2\ \hqY8\Q\C\wP!,+:63uV\5gE`\$\@YU\nU\n\\\\\	iBZ\)\5p\I(d\\0$ן\2yĊȋ\'Fl\8agy\&\W{(>\G\mYHf\HX=Iv|&\4\E\](NTc*\ۼoIx5h/J\rGמOa|J\\\.zRR_6x/kx\.B5Ja02/\2\\U4\N\Z\\Lb4:\֙S\HQEhE\\O3ZW\#cNYJ~\ !\r4\D@{=/\~=\\\\\K\1L\8\0\1SczY96L)Tqkb\j \4u*Z6Mf\UK\\Ght\+W\\\eUz!\0eN*QѤe\SĲ3F-g~ow\\\Ka&)YJ\Z\nsw.JĊVFmy\'\R\nv}!qooRidO\n	\yQ<e%\ZX\\4\sGR\6E0jlղXz\\)\\\0%`\"JDPx\\k^Yp\c\\jt\-8\\~X\G\+f\\q\c7t\)\\z\oj\rbI*A72\"D\\0Q\"a\\\7E[bkOB59S\(b\]\r&\\=Î-\q\\\\,0Gu\b-h9\\N1\\roZ,rp)R\d|\>҂\&R.G\\Y<|d.\v\r]\A[¹\v	b/km\\8H\HZt\Z/[mQOjw@t*Ԋ\iNy\35WW\\\q델Aĸ\}\Z+<KXzv\2\8!\.\f.9T\)J\0P&n.\\TzØ\Z(*y\w1{;q\\|ەc<9+/g2Df%֩u76m\\yv\\"aL\\03	e\\TEt\'GX\\o4fҢ\Q<xb|c\fpg_xiNAJ-|z\\7wp;)M\Ǘc՗{s\b\2\\M7L\h&\F:~\姾[\"X*\0͑pW:5\\\'<\f9#<\k)\\0-\\\"}]cSc]crN\ZV)\oQ|\Zxݲ?u\uWpea鎹UV,H\\"\\A,\'\\n=\n-\(J#saC\۩K\\\Yz\qȖ\\v\\l$	\0&\QXDAAE^\n\r)\/nek70\\Q<\R0NJ(cN\n\#<I\y+[2=\bYHt4\"\2lգ9\\\;x\.%=Yb]הzO۽_\i:\km\[Iumm$\)\".1@tԬ\b&5 s>ޟlC	b뙮]]\͸D\X¼\jZ\0MX\j\4\d\\\[=\\\\,yV\n5;֏b\UX:QA	F\0։\|=qXu\q$\"_0D\0\ni*jGAۨϰ\;-\\\\r;9Zj̑U`~KWYsR2\f\^\r_\r]X\U\*\ᆩy&jNom\h\%\(r\e)HeS6\4\"_\2}\\`$\n\Q\&!`Lc:\bT\\j\>ҕK\VI8\n<G\Z\\g̚_\ZB܈:aI\'_#\\X\\gٛ3R\N\H\رwLj\\C)=\rcnF.\Z9}鐐\nS3\n\\[\f%\Q%Q:\u.Y\59bZ\\0h8l\騡\=c\~\\0i%:ϷL%\Dso\\\\Ky\nEa\v\\qUh\3\n\\r\:\9\\r\p[^\i\n۴H_\n\rg`8a\,dN\'%RN\S,\Ĝnt\\{HJ\4Y39\0\)Rh\\\6\wxZX\g\"\\0{*@q\)2M\"\\Wv\\=\Xw\q\\]/]}|{\	u\7\\B!$UDQ\Qʼ+`Q\P  V,no7}wv\ju|.\\N\c\nAC\\myVr̀WsQ;\Q)J\R\\WQ7NY&X\\\ئȞ\\&1\c(0\e:!l\&\\>\L9A\g\kVbFe@H\\\>\Q9e\%==\*\\\7LT3[fa}\\q<CJx\MgN\l\"z\6	h\i<[ 8|T\\\4-ӹn\ry>]\rRUEVr\fFc\uh$)NČfcc4(3!Ŭnl\_\+TɼLU}]sF9s㎪\U	\0R\%\?Xc\y諛\Y\\\g)RAg\rFD͕+jʻ#W\3~F5!*R \sQYȹd\]fi\r_IEx	mQ\Z\ɩ·*St\M]m2Cu~ܤTR!\_\ r\V>\\bzjn\~\\\ߦ\?\?gӻ\:\\5x\ZiOe?/v2h7\dGL)$ܳnBH\\0v@uj\FKm>gJ{v<Ya\wD֊} ώїR\,\\"Q\\w\\&/\\z\@8ǻO\\,Љ\0[FK\nʥp\UgϠPݍ\d\|\}3d_3Ue9`BbF8vd.*⃄\j(\0D3\02\وWGpQ3eN\xb\\`\\-+\=[\\nB\0\0B\Ri\Z\4`^l(\t#09\YNlcE3zN\\9f\j:iЛ\\li\\\\H.\h\SOՉ\Z8|e\!16\'HЂp?LB2\2<Q)Cُ\\<h\rMҁk\0\vW8LjK\*Q\O 쒢s0HA0xO\r\0Gv\\Ы{D\\0\?߂{e\\\G6\\q\\\\.\Ǡ\^G\\*Q\J6\\*\?*\8Dp(\Ma\R}MٶyQ7liM1t\\wK\w_(\'\_>\\B\\c4Y٭U\e>\Z\g\8JAW\\\ 2nQ\λb\A\,\I\\\Qcq6\\#ܝ\EbY!A \4\0X\֊7W,\0\Ю,\FF\Tň}2M\nKyZ\u\/Ë\7.\+a\'\ᑯWkؚI0p\$\[{SYr̎.\\\FU!\kY{@\H\0\oU5\]\\,\\a?\d1Dji+. xeL_u\\!>\%2\û\\]\10f\\\+#\=e\eV9\0\0  :uԦ)@j}\W<\\\\s:J]\\\DH[P.j%AVE)\cHʜo|\')H&!?P\Z;jKV\E<Ï.8\\LΡǎb5ZG\0\6HXRtݺ*H;0$\ _!\*zU\\a\.\[km\\n\ZRըYf\r)J\-\\e\d$qˉ*2n*OQ-P\cpum\	|OLbL\P:Jb݄\\\/\k%Bp\L\\\@\\\ZA녱Hf\I\Z~҄Ӽp\=%J̖w\S\~[ū\8\\\\ȼr0p5Np/\k$@WMt\\"\\,`GF\9?ʪ\R9ЎXV\*s\t\G7w\NC\J.\<\l8y\š	\'d9X\\\v2	<uq\M~a\_.\2/j*\,jYB%\Z/n\L̮AS\ZG\\n%U+\"\\SAU*\5ňuL\\8YRh#\n#O7Z\цY\ʼ@\\1`tO2eըR\\\dP\|\39n\X\rVnp\,qW\\\uiEbG3NUԔ0\  J\"]Лrd\\\JL:Z9I\\^\\4F`\ᑥr\\ẞ$\&+r/dkn\K#\"\"Vl\\g`nEIUlBB5N\x\\ 7y-2T\"ƿ\i_\u.x%\\0P\ \0e\ˉ\n,\"\o\\FSd[[M1\\D\\ғ\\\t\\\h\F\\T\\0*R;^[Vb)-hG\\'8\\RW\P2#\k\Mx;\'EtM\,Q\\0L8\\\r\\n\ZfT\McR\\+\R\\@~\cEX\ӊY\uLV:1\r,T@P\\"*`c}\Z\&;\'4H\ȃ.\\\C\4(\\"\UI<{\/\\13;\=rf6\\\YפYy\Il\a6%;\\^\MER\"KP>Àm\n\X8\\@#\*0\$29	yʼiSia -ئ\ FgZS#Cx]Q\\\neMUR@\Qޡ\ID\-MFt\~?~7n#uSq%żqP\fGyś\\D[ָs\'N\"\"\ѭ\k\\@jZQVjNӐ\*vLn\].+*֜kϿ\ۈ\\ \rlia\~\p\)\[\\/J-\<\p҈Q]L;Q.o)[\\Acn:\\]B(0\խ#\Ҫ~*\Z-\Ε叮.8\Gp\;\Fd\4jy{:\\\\\T\\\\Za\	#{\/\#a[bUB\"aOR\\Vq\0\G;\0\\cRs-Exq4\\\yƊ4\\\h\0ZוX\1q;\ZB\\\r\P^\UMWթY z\Vp\L\?h&Itu\'{\\\\,\j\\/onf\{1\|\\'h\9a\sF\~rG`,Ó\r2\*2,\3\uk.\r\\Sa!O]\GO[GwЉ]x\\{$	\4eR\nR~ MpӞhdGnc\^L\NDr\Jk\Nx\\ӏrgS\7i/\9\Zzɱ5V\"+S$\\%;\Igvͧk\Ŷ[El(cD`\\\Z\o\tܻpԎ+Ι\k\sXmw\\^rI\WDd\\"+_v\\r=;(\Ug\\FMܲ\\\\0tr\ƠәtA+*5&r$ϷEܨ|\$^o8\=\)\:V\yz\\\\E۱~Ws=\nnM\\!EH#\oV6\6\Hb<>t%Mi\ASd8aI(PTsŪ}%\=3n+&\\\H\+\]\_1Y\\\%\P\r\n\Ӫ\{bZ8E[>T{a\4`ӡx\n\{\FX;eŨ!,~C<\\mH6\'m\+\Z\\Z|7T\luCM7P\rDuD\\S\nA\\0/O\r̝\[U`]R\Rj\\"*K(9\0w\\\[\\#m\bb\Fp`\2̺.I\(<Doyg}\\4r?(7\T&;s- \{\\5\V\\\,\A\\QȔ0&CbN]\ݏϨ\xA\>Yg\\{+N7qVNWT\\p\\	~Q֢g׏I\\n)I*\)JZ\{q\cl+\&\0\)\ne\1u\$\P\/j̋\0\آIWsh67)\\	\Y\n4AQE9r_1\9rtkQ\\'ŜEV\}Z&e\@\\W\|Qj\*g\rȻ\0`\\\\\\dr@j. \ZG\;xqnaGV\T\ZTs25\nq\=9[!X6T\\\.>ѕ\֜?\>Z\,\QC,NPYq*EUuR\0\0\01io%	\J;SSŎ@LG\ftP\\ wfI\=\\0\8tME ܢPd\UUC\ZD\0^(Bᄍ\}(\r~kt\3ϼ؃-8j\emmm\\Hx\]<mȧp\"SS \߿C\G\'˵\_3	jυEk~\nñn\"\b8\0㒩\'*3-p_\o!(u\\vU-f\gkVQZ \\\DHeD7+\I,\\0\Zv4=\\v\jڮ7\D%\\\&j\	:F`@oY-\^,\\$H臘3Vwi\nN3OcZ`>t>EUv\\d\rB\Ik-1\C\\\\W\\\1}]+Z\HMAQTs.\\0re<I3\\Uk\'ceRFT\?km6\wHZ\\&U\(,lTGѺ\q\0\n}㊟O^YY;۸m\YJg]U\6xg~@\\<\\Z%eªzeCd1qnR@\v\nT<\rŒ\\<:\'Eܙ]\\fs\n\\`-\0S\2[XȲ\*2\\ni4\E\rW\+QÆ!\#\\\\']\\wꗗ\;it\01|\\\\lzWyO~-5\k\}\>\3S\\M\r]\\>_ᮊNqK\=UCþI\	3ہg\=h?]\7P\"+<)*\L\L3`\Jê:-S3n\\jinlzLcNu\\0*V4R_o,Zz;lYg?UՅ\5\r\\\nРMA\D@9&\\0m\Z@|\\nMFC/\\5\x\ᛒ\5VV-\\\yʡ_PGE\)tO\0 \imd\\Z3\F&1-\"]Va\nP)rȎL\0}iԛ	̺A<\\^Vi?S 9\0{cph\\1\j\&\noX(awKCf<h\c\iW\:\E1p\\\P!\0\\A\3\'\j5S_n5\\\ 2\m\0P\`*B:ͨm]H-_:(RCi\n\Zx	),Af\\p@\0\0j^\0][\\"敠Ö\\H\\\j8\C\"%_\kt<e\T))BΧ%Ua#_U\+0\̧C\1!N\"b	&\n\\"p3\rD58\N|\c}\'\\dE.H<\P\r=#1\P1xx\sǐ\-\\\\;]\+]\+\\\\<N\n65&am\BF6.A\Gf\"`S\O\6\\ҧ\%]K1`8\YE~3Z\r#;ݕQկ틆jU@ \r9l{=\ƯSQ`XU(\2#[\V`c\0+8hF\|(|`\0\\\\\\\*\g~\ܡ\\\Ř⵲:b\/E埔,ɪS\L[aDH(\\eX+\y+\\n9\a\\֭`NLdGbL+\0E9\'\\\yχyZJCTTu\p쾐c,	V\\0m\"-r5H\Z\ĴmI4aD]s\\ir\\)\\'ٳdй\\	I\rq\er\qҮ\\ԋ*\\uZcd4E¢KMM\D\)\AB\1t\\=\$C.k\<d\\mP-K~k\\Ĉuf#ڝ \L\ʡ[\K\s\m´R\\\ң<  \\E\\6M\b}R$L\0\Z\n/UhI&2燭\g$\rm\1w``i%#\ \\\'\}UyE[Ȯ\ȘI=ƭmSXW]9\$W*IB\*\Z,q\4\7\\Roa[tq$\\ӧª\\0\\,yPq\3My&eAC\	<kֳUјs\\l]JƦTAA\\"\Z\r\$gS.^ڎ<]%AT\ZC\N0ix(\\\\r.\"T\ŭtr\*N]`\aM}<B\Eh^]̖ms\"\m/\\@HE+Q\Gsv\Zȥ\lMk,\ʟ^SA`\z3\'\*\>!\r\\!\y]%\Bv>\\\?\ruV\\Z\-\$*+u\ML-Mơ和i5\r aڧV\'PpM2\\Nrܖs7\!Ųc\\\I\M\0r\R;)LC ZH\W>\"Q&L\dA$],	&Vэ~TOF5\Pr(8ϻU4\Zײi\\>\ω\!x\y6\wX!7HdZ\\Tun\OkR\Yx\i\\\E*Ei!D\\"!R\>\jMi\\\Yc,Pv\^\n-fw\PBmK\BHOf`L.L&\ uM\\E\\+ if:Ir\xJS\ZDo!=*UQiF呧x\':)VU6k\\_|\n$P;5||\nK&\)gl\\~sO$UX\jjSS),\ye\\{\ܥ\<qHt\eRN\	\\r5\^\J\5t\]$\aY\\\\ &\ ~\PښEI\G\"K `\rq<\Ö2\\+8r	)\\˶\8a դ\\h\\<|\]pEZnF1C\4עq\Z\O~ؓwM]q}W\\\\rA7Ξ0fّYL7P\\ҫx&͠&D\EHܳ\QI+Ƹy蜐\xΞe+\SH<fv\ʸ08[\,#JMS\"u\r;Cw\͹9@CMY\nI4\\i\\nw\"\\6r8f;\"\\or]	۳9D}qFJbL\n$)I\\\?VmŨ\\#?	qReyg\\HfV R\I\0\?نk\9\\\\8\"ZQZ+$\RUϽ	ۤTV	\\D\q\\6J\H7c|\Rn8HSV`3(\!=]\r\|S\Z$%`h\Bs8X#8a\9-qT\\\\\@0a\'cD\?<JX^;dU\5\\jb:\0Uα4$^n==l\'qJ2R*N\"@$㚾jD2lA5PT9T\0\7\0\\CQ\\bPt9{k0Wr7$\2T\\1\\/cK$5FV\G1\Sקju$Z\r)lWn4\iDdH\JAjj@ZTbˆmq~\1~W\OƘV\\L\\\[ɪ:\l϶\\Ⱛ8Wy	Ic\k\\*JU\;v\ೳ@ ҽF髾\\qYBFrMhP j$\\r\Z\n}2\\;\^%V 朇~kPt\\\V{\^;vtPmQP\6#i\\>\Gӻ<Kn2\\1V	P\\>fQ\\\ۧ\2\0{AoOhξ Hl><}\_q]Ԣ\$\x\ə\.λӲ\\3n\	!Hs4D\\\|K[qY-RJaziiжB{m\\p\rpbUvQ%R	\6-\\\yC8\\I\r1{:E\0\ݳ-? 11Q\S-YPzC\\F@8\\˔\\ԲK\ͦӑ\3v\r\\D+\!`9}xn\*\F\S!\1q!G@\h~:\0T3\nl1\ZM1\&7鮻\06\qۑ\Z\RfXh\܄\Dd{\9\\NE\\i6jT)Ȃ\TSRkC@\.0MiA\\dT̞\\nŊ%\*.6H$VΘ\01]\\-\\\\\,D\i	֬\?\;\G\n\$R3j]\io#\0k,27a\א:qƟ\eH\W\0\\\!V4\R\g\\1vX\1^\\3I\\c*$\Z\V\VU C8n\!\Bj\:e6N1P\\3Ő\Zf{q$[\V)&8?D.\xHY\He[c=\\Xy\;D\\\'\W/\/\(\\ ۦG\nd\-J:ƿ~@~\qQr\}\ԥ΍%%K:TDtԌ,I+,j9ku\\}ǺB,ϟKd̻\r%#*\b4E֫+.cѢ\0e4dmGع~\yo[\ڦ\!Uf\\W>\\[?=y/\cn\'SS3\\U.2\\A1\M\"\\Ss6F\ʲPH>UC\0E\1J\\\'\\]#]H-ۂUSPˏ\<\F\F\\i\g\ԜӇ0w\[4x?BrT\\\K\X.\0-T\D\j\Γ\*\n~\Zg\f$\d!><\hOäV\\0\\\W\y\\\0\N*\{\'\7\\\\K{oQ\䟪\~\0!\]_\WMEk\_V\L\\\qZW?\^\׏\Z~n\7I\n\Y\\G=T\Jd\8&4\`~S?\\y\?_%\\%OJ9\9Ȼy˘[=A	~WaI0Xvc8]o@\>M\h\W\\\\\HA5̑ꦏ.Mjͥ\\9P[c\rm(\M\`Ѭ\0-4/L\Uā\:\_bMW1|E\0)D\0\0\0`\In]\PL)\GL\\\0T]w\u~\*	@@DzICh\',\0p\a\\\(J&\\z\05&\!&0\\\\\ۣUMxa\yGP%9ƕ\\jP\nt\\\6\!\=\Pk\]DǓf(*/((n0𛾺\0\u%-!\Z^\!\w:iO\Z\\&y\ \!fC\rwn){\\\0\F\\Rp\\~S7\\\ߟJʺ	\\'6lL<dH\1\04*`&\\"\:dI*Ji\\ǗXa8\\J1Yw\2WniQ\\\H|{tH3%.ݓr\e!#\H\͕yBV\ǉ$\r\"(\fG<^\gQ\\\P5\'\O_IHb(#	Lr %\"\`Ԣ\O\\0S7Ys\N娒f\žܞ\ʳZ#q\Ħ\x2\AsaSRAAQEU\'G\\n\XQ\0yK\A\\#\NSd\Z}\y#\[J\c\\Z\#[gr\#0$+=;\ESG\P\1\"b\EEk@?\"J\Eʙ\Uww+6\qX6ϸ6B \J\8o{\Kd{SR}U\\ln\IME\@\cO\$%@\09\\\\\"\\\k\~Ae!cc(q%\$\d\p\ux%M$.\y4@\pBT;y\\"VK_`\\:I!Ub$\i\ei\I0ܺ\J\'!]GQ\QAQpr\,\r$\r\\}9i]%s@+\䜶bI	&.űdYz`.\\\͛\\ejY\WÛa<\|\n&AWV|dMq\/ǵ|)@\%e(2G~\NF\QEbDSzeq3~t\'\\B\a\هn_\=rrfd\m68 C\ݖcG`\Ao`rF [\4p\Y-y>\FVx\=/grFB\:]b\Ei+09gR1\4? \\CI\"\\prz@뢑ĢQIEUj}uI|\\$[5\m\.i\\GhUJ\ZB\hg*)%Q4\\0꯿MԲ\	c\C\\\\Z`ń{\\@\\ӿ\\~]N \1+F\SX\izuCh8@@4Fvit%]#e6i$u$\n\\GdRY&c	Z\4\r\p\c<ad\ˎ[\)1\\#rs/0ź\4\\"lY\p[\~\A\\4\F۵7\uhn7kvc@\0+P\Rp\\^\[&\\"\\0X:P\\"h÷?*\\\qܢx-yxG\-N6\"%S\B=\b\0& noJvٍ\\M Ҡ\\\p\\>\K\]?Om\z\!Z\frcʢĎ*F\\\0k\h	HGJ\E\\\]O\"N!RLH\M:l;TCw5\yiX¨\\tUPLA#\"G\\rM{\?E\\+2u*(,ܕӤT\nW\Z&\'\g\&h2H\;Tr\][}JM\0\ZǪM\\vW\\\+͌\"FDQdjP4*¿P\\\\m\\'*\\}oA\[{{$),\{x\3$WզscIbf]!qz\0\h8g4\-%\(\V\<%\5@\\u\o\"m\\0:;g}{\\n\tlDѥe>Z\#\nP&\\Q\0b\٢U?pI\0O#Gk\+JSL/m8d%g\Q0MV\lY3Ƶ:.+(f\Ttݲ\K99H\&7}{D&\\P.g\K\rc\ZR1bX΀B\[\zkhkޫ\\1W\\MI~t\"5r$\i\Z\r9kj\aVHCR8U\$:oV)S)M#>߂m7\C\\3[NE%J\ j()]7zs\?LUoX\\\]-{w<6;B\6#\6yd}DU6<ـ,\u2^\0IL\BD9`\\6gcg\@U\\.\Z\t\IheLRktWV\\}?sn{ٽbʪJF\IZ\07!\[!\:\=:[}\D#Y\j\L\"D7x\\ru\Z|,׶&;\"@0(!iD\"\'@\z\\DA1jE@\#`uH\\\z^\\0Ԇ\_p\\ʳ\`A\\X<\Z\+LDX\\'\\\/c,h<U\\\\*\ZYNWdP\\\!o\X\]Uc&\"N%6\mn\y\_\A%\LVSF# @\SLx_s\}MNN\dew[\rKJ11s]1j\H*Ip\q\]H\\\53lV\SYfb\\Q\Db\p+1M\x\"u\S`#z\v+=63.52o$\\\\0I@?R4ǸzP\oM\\kA-D0=\d=ْ\\%;cf4@%3f:\-\\n\3\\\F2|\>V\\)]er\p0\"\\2G-ʩN:\Nzm\\ ϹJ\9Wu\\\0CNj5m<\;\\v\k\/ǧYhV*\\&Bsi%G(e\\\\ޠQܼ\]Fyc\rG?\2j\\\XdPC>]oFW\tT?\'HvO\L-ی\\hY\\\\]Ը\\k:<r[Y(\4dY.*\\\+vj\g%*16	\n\BԢ	.qLC&a+`U\6\ypt\H{g\>\-%\#\ZΝ\Nbe\B\t\c\"F\t\!r(`\\ԦʁԊ\0.9<g*\\\rE1EdA1P]jr\\\+\.jp\K\2?b4PҲu[u\;ND{%	NZCV\\llR\6\rE*dE\(0Kz\j\\$D\\ɨ V \i0cc\\\\\\E\N4S&@\\\Z\s\ZjLYqHR3V\\\&#ݡ\JҋȏplXjT\c$\\wH\\ku\#-&GWN:T\I\rV\ӗM\K|&K@ ֮*yB\>5=\ed\J\͉j<;c\\LuM8\-֛\\[,2\0O\C]4\0[1!4$0+8iڪ!CȬq\v8ҽ1Oߚ\,H\\\q\E-ǒ\\n\,Y\\\ngxS\z\(&\hpp\T,l(I\+\Ǉ\ī\h\wF\wC:\xRc\{?FTb\\\A\X\\\l5\rUTMR(ݠ\}	&9\A7RA.x\"\0\c\q\nZ\\\\r\X\rE~\ƃ>:\H\\\\\\;\*O<dZ`\;*EΤ5\\*(u\I5SMª\L\0v\\\"\`<GٙN\\C\\]:yDTGJ\0߂W\"\)X\4\h⛔el\\\\zH\Z\\VǶ\\\K\\hѴ*c 	\jI\\01A)5\Z=G\\\x\~\0wQL\"Ag@\fl\\"k=ƹ^\]Uq+-8\H\/$aVt	\n\n<B\)a\Oʟvg\r\<.UΣ*E)N?һ\\\\\\\Oq_V_r~\0~/\Rg\/\45?uW\0L~;\.:\\ǿ\0˦]\ \ן<\LH\\D\\"@ |݇qz0`%\nҾy\\\\,\Z\yp\m\BS\罾4g VQ2\0t(	u꧸\\%\\\\\`\VV,Vu\\\\;jA\s\.<Nr\Sp@9$,\OiHB >B\5\wG\"+\=uR^\܅>x	_9Q\\گ\0m\r\0>\0m{R\TS\"qKY<\ǒ-0#\n|\]?\鮽CTb3a]a*\=xreeS\=GAv{t\*\};pJH8ظh\9	G\-؉!\Sj ]znxH*W\r\\x:\&RerM\؆\\\ic4\c21]K#aE;qr\\T\\Z\\]^\\\0u\)-ߦG~$V!7`W\\"h+Tu\]Dt\Oǡ\\	HxrŚ\\\Xp\C\01)\VZ\Yk.z\Rf\\ғARxFʨ\'LjRD@\0G^Yw\\'.u\\\0\esH9pv,\0\sFnU\\fKuʢ\dL[\j\]xZF\"@$dn\\Oefp\,/d\0\\\9Y篸=œ\O\Ym>\JXq\6XWo^\(\I.*ڨtw\r,S=I\"\P^(\L}~\\:$\Z#\O<%8\eSx)\/=Xnc(\\Xy\	Kx\\\Cy\$34`\S\{\\4,2\N\\l\0\\ɹS`\6gri\e=f9mM) l%\ZSAu!v«\[.\*}#*)ʧ }\{\\o\*\,3\Cʼ\Tx7\q5j^\Z\P\Uq19[ռ\0k\0|iRATz\\<55ů\3uf$AJ\"1d>t\\;Ik	Ld\(\ =.\\Fd\$\n{~Qo\\'M9Pp|\\0[0Qư\2r͙*0Ec*鄤\PJ?$\LPPLr1M!\:\ )?\s\ĊӾW%\"\\]f> _rD3N%\xk<K\aʋ(?JPf\N72R!kzN[$ɦ\\A%\\f-\8\"(k\\A[X\r_\%K\]NU}\e\4z\Q䭘\\vN&*S\\$zp\8\Bpˤ5\r\Z}xvd%5\b۸n?\n5\\9\U6mN\\E岪\QӶgR\ecZIZ\\3\@)\\1\o\ֽ Qv\"\\\rL\\\\S$\~\^MʹդZf,p\U\"ۃoI0>4?ۅ<\I\\Of<\\\7\H<\r:\"f<ܜ\kc#/\ZgE`\qJ5\AҪ:1NC@ۮ\wu6\Q\vIA\ҤH3̞\[\]k;\\\\4\F\n\RJ	 f3L+Ct	nUrZ2p	Ԛ>q|oe\\\\+\㳡\6Wt\\*\4Rf!\"T8 \@\r\R}\'e3KS{h+\\\r]vjv\k;\ݟۏV\U88\a쎑,s\\`\NF\MzH\hkAD5\^\Fح!{\\Ci\0P\r+R\\U\֘\\\\Վ\\I\0L\O\"QF-\'(ar\0\0\0\\9k\\Z\pdXF\\\9_\ӕ\\USJ!F*4rm)(n.\Qzs\Cu=\K\!EGe\Z\\\ISP\rrΣ<JK\􏨷-\a\z\ݢ\cx%x\\@*\\4>*8\\5\G@e\'yKt4tKFiԎE\u9\֑\}\\%Wjasw0m (A\\2\^m\\0WGU\\n\d\xG2ygp\0iTT^,%=VVD$nd![hjUA6\L\Z\n!>=^\\'\M=U\'\n&v\|V9ZF\\mÖ\ӎg:Żgm\\0Lʺe@\]\\ \\$>Q%p\1p_9\0\\\r\UG6o\ZM^,e\\v\BS\"\k[ɷAS\bʋ\C\h\*[q\\nf\ӬCK(\JZ/\Z8\x\A\\\|\X3S<z\~\A\I\e۷\E<8\r\Z,D~ep\5Yƶm1B>\8\">Z.>P\E*f\\(ٹl<3\-cl/MƜ\\9b\P#>Qg\T zA\"\ȷ?\\\I\ù\<\\PJ\s\ņ}6>ߗx\\J\zuY\g\nO<>\\\[`Pn\Р\\HuB\\ٻEE\0\)T)vH\ԁgdzkTŌ}\\qYLƋ4vɊ\3~cI[\^\4j\lJMؙxɹ8\<]EQ6A\\\mkhf5bX\0k\\M\\z\}q<\\4Gq\Z f!Fg%9\r\\Sm\|w9`\\0\M1\{8t\oie\\v\.q5vFwB\T,\4Jg\ÆRae^_wn\r|:39d|\E\X%\6!\7֕xQ\V[j\_pz7\\9T3F\2btb|\\\3\\\bX@͘Ě\|pdyDKH\QNd\0ٞ+[\WG\Z\\veĦ5\V?\\\\$o\\V\\7ZZr\UQi|0\#D\*>2Ԯ\m\s]\kۢR\֊>*f4\\M@(Z\ܦ1ҠU5\G:^\{1W\9h\(tzAG\eH;]TH_\aԽ\r\\oO:c\n~\\U/Op\0X\\\\\_6P\0\Էi\)@߇\u\"7\ׁD\A\u[\0N\\Y2&]\.j\\\'FG+\;jʎHUWm)l.\_õ(A:)^d\\}\Ppj\ZTVMΞ*Td\\qp\Z;F#\.\E3>\A^\>뭟Ȝ/&i\wo&MS#\r+_SC\Z\\ \\uJ \\\\\Ek+1q`VW\g}nv\\\\^/~LEG~)q\CoݓP~\@^>ڎ¹dvH\\KRiWq\0>LZF\"_}\4h(c9/e\nԚHϿ\0\g\\i\u&L\5I\O\\@pWΥ\\#TrD7!L(ky\쒢xԦ+\\%\y5Xg\q50\dYrg\թ\f<jO%\\\Ye\nCj\Z*\\,\0\hQFN<\H\=]\T1yYL`\\\r\p\9\$\RQ\zgV_dU4!WX\O\CҀ$\?_UC-n*\okuAK<\V\Z>DG\nuYq\u\6n=e$\Y\aLI\\Y5mY\\"\I Y4\"sz\*eT@\'ңZy\T}n\dd\\\\[\\.\0]Q2)\(\0\s\:\aIuɸ(\\7\CXD{r\n\j\Zn<\iFD\R\Rjqd\p\nL.\x\c[\0\rYȨ4\\\g\s4J\,gEt\وU\'Lc,Gd\]#}ba|\<f@ʹ/c\FQ\6[^D}]iDO\\ʹJ94|\9\ \\jP\r:K^]HZs\n(\C\v\k[UU\\O}\\ҧ(\9\0U7\\\(~g\w}r\޿\)egߤ\G\\oQ\\\ɯ\}WMK\O\Z\\՟ƹVb?ϯ\r13Ut\\\~\\s.q`\\\>\ȾQE3\C\\p(Y7\Y\B\)=\m͹{L\_b.2rw\EB&qOjO`	D\rN\0:)\\Twe\\۟<K\\r\k(Cy\ـgvYvȸ!\=\]	Cw!tz댆U>\Y\\6FSLZ#,h\z5S$\ZJL\nR\0W\dY\\Jc.\]Mo-h}\0Nx:JQ\\#D2\<rm5ê\\lN\\-$RBH1m4\\FAUq\\)MH\"#\wQW\v̜IxcO+\V9F͚($1\D\ wvh\\\َ\$\{D\PBqP1P6\\\P(|:\V ~9\e\,9c˅\PL\\2\\ܥᦠ?o\(VTj\'!\\|\\Q\*GPI.\%\r\~\G6h!\L/\h,y\h\t?	D\nSn\0c];wAf1J\n~\\u:x\\󅐫T\0O\\\A\D\>=>.`\/˞]\+\0Cw\\k_\ۆߏܻ\oj\.3\9KX\\\*>\n6\1dh\0\\֪YE\\x\ƹ\6\\<<\m \.-\\&\ZO`\חv|u\\xۜ9%$e\\n>eIJH\4GSL\ok2u&j2Yô/4\"Hx$8iN\'\n\P\Çӆ:\2N\"\x\0\1Sw\;+=T\\cb\\\ǯ_/r褑z%T\\ncA\$\n~:b<dp\\\Y\r\neN*A\\c\V3yJ\Yj^r\\6\r\nm#-8 \\5MRW(*pl(sM\"$\@x`\)<p8\\x+s\r\hN\Z\\rj<\\Z6a47IWeN\ٞM\$3\0PI%\0k(>;hH#_!Z\\Y(\\-\Qn\\%\\\nL\0F){4\\\'-\7M6\(\&×ht\\Q\$9G\ja7\֕kIwl	5\D\U\\!m80/MۨBʜIN\NT\Z5=ds?1nmnErWDc\L$#֍N\Hcdň\R9$\\@[C\\\\\ƾR T\02G\[2|V|ǘ\HL_c!\BZp0G`\̔dJ\\?YdĦcģF\>CBj\,\'\0Y/\'yW=\9a()PVB`#mH(ܺ0&\n7mL*>\"ᴔ6_Hp\\\M#X\\XVG\r\W\kJ3* &\ZGe]\0M¡\8bZ\T2KxR\~`>2w~,\UԻ\\{OӒWdˇÖ99\<\0ȴݒ*[\n,\#\M\fI\0A7o#OCC*\AW%2NVA3L@,\\nj\0\0\nyP$\\\\x\-Q底\F3(Y\0E8\\Z\$.r\<Ĝ\u-\.\˖b/˝[s=^=	Y\0%ȓGǙ\\AZu\]?q^C!.0\VE,n\Fhsث׾\rtg췰\\\\r*\\α;F\4у\rJU\T\0\v;lZ\0\M;z̦ju|sB\WNeelk)4\8\\\0\"n\!\۫\%q\\dLgZ-v\ꞿ\EOmW\sXcLj\\PJb.\\O[aV\9\\{al#\,q\rs\Znw%*.\Z*\dA3i@Gim{%\\-Sŉ\FUΧ.\c=c׻\\*gTU\֚\\sCQ\Z\\翸=\Y]\q\-\d.r\X\\SmkѪRj0FUڒ]]3\f\\N)>@\M\ՆS9I\L(-hlxZ\1e\Uzl\vDMk\@\\9hV\5\9N2m\\M/<h㎅\\\)\2\\_\1\nǌG4\\\\r\N\'ֻ\"\\R\\\ںp\J\/\"\\L\B\3\˻\ rϿ\\R(\rO˘rz.71N%#mM\剔mP0(\ \\0D\`$ac1f\z9<\\xi\nF^ב-\8d\\5m9\\\\2k\\p\j\\%IH\"C\stHFYv{ꍋ!]\':\\n\r\߸\\"!\X?$?\fx+h^p]\\\PN\سP(\"U\'M\\03\\0\2\'\'WAmu{.h\S4\\\^}\\\\\\s\3Jc[U4\4Ս\d<bKVRMݙA\	\Q\UtDD*BꝂ8\%[I\$r\{Er\Lغ+\\ӧ\\˫;vuv\\\0HPH\<\\0 \:p;\7ÔkŉrYSY&\C9X\s\+tzD\9Ef)SX\Lh\b\\\0\ʤW\<9s-d\\\ND\ܢ\>Pr,\Kz\\CGg+$5J\pA(\V\\Z6?eԨV\vX!ʃgQ\'vXH3I/\r9\r׈$Ȋ§\\\\w3\ \\ĖCp\[ǵ3\Tj}a\'R+ܦ\r8MM\0wm%\~F\sb0.j\\01 q>\n*Ƭ\b檊Y.d\x\logL\uJ㍯:1^_{QYY)$ȃ>D\Sn0+Pئ\ɥ0pkZ,\r\PeCOf\"\t\Z˸#\,\nF+Pt\\\\\E0\W,Pz,_\b\\֚Ù[8zh\\9ddL\%%\G\D\hε\Μ\<^\\eЎyRub\rs\\KnzFU%V(\5\ZP:?5TAɹve#8s5l:\@\4\\\"Q׬\ǚ\͛$\e\P\~\qt\\P\3a\)j\ý\ӑ\zM\̜tE\'*vfƣ\'*t\&ɚnw\rJgUdFfҪX\t*I:\np\0$,/HfrG~*4}M\\\ֱ\W\"q\n8\X\\~Rm\\1.\\ڽO\FN\e#&á[#\\\JLJTf@0C\"x\kk-ȸe9U\'S\?\v\\LWɜ>\^Qe,Y\\\ϩ\k\܅yVZe\Q\U\YUV\\\'8p\\$C.Ӿ0x\\v\ڈ\ie\b\h׶-^\CaU-\*\U/Pܒ\0h\\5\\Edz*\r!\sxrm\}\\'D\\YE\jV,o\\ZI\\EW嫹mTtR:EL\"g\"q,J\\k+RG\Z}of6]\\n\i\ţ B,\t4jMh!T#	\ґ\ى ͏xm6|u\\Kt)\\WL?\rz\C^\0֣\%\\<\\\~Y;ӎe6ҧ\\/2|e\\g)\[on\y͉r}p&qu\Y\"\R\^\NmTP j8[s\ʎ\\0-NDLҤf+{΅7ŧ\IX[.^\ZO0F:u\7ܣ5+Vg]*\ڶ7\O\Q\|\ \PMs|%\%mlBIJ?(s\\"e)֠\8\\P\~\>\Ϭ\0S_Nm\?T5\?}A\~\0\OGh\N]9>>\g\\s[>\\_K\0\\0\\\ͷG\/)\\)\'Ū\ʞ\Xe׃\\=]\>\M\4;iՖ侊W?\{9\ʘ\gۅ \k\_M\\\?[\ϗ5\v\	\\\,YMw\n\.ſ\\x\-zqǏ]\\g;\01j}ቿ\0a#\\\\\0WN~΄\\*p\מG\b8wu\?\\{t>/w\\q1\\c%O6MM?\\R\ϗ\ن}><$w{-</_\\{u\0_\\Aw\K\'!n\4\OU\ץI\O*wVx\\]\\\]\[>\ͽsg\\O1~\\=\3o\0<\\\0y\\;&hkNU\_\0(\\D۳]\\\i\0\^_\\\b\\\\4f\6?K:\ө\:֘7u)\^]\\]~W\0݇M|Zo\'\N?\׾\z\'\ݿOvi=\\Z/\0);4\0\\\\ӡG\\aJo~*\_뽂\\?\h\nG=\\\7\~{m\M}ݿ6\~\?w㈷5u>\\o}<Z\w\\M<z?^ע\8}?wv+\֧>\\c~?\=?8~%};\t}_\Zy\\G\\0\>\\[\\?\\r|_\\g\uz\<4\q\^<2\\N\\\V\爻?M\m>;\?\߾r:\0\~\Jo:\\0\\Ŀ}4\0O\N2쯿_\\\ϗ\\\ͦ\_\\u\o^\\\\O\\z~g\|r~qrn/M\uU9\|F{\\l\g?鎻\e\|{l\<\\0*柘Tk6*\0\\v\<8a\}A\\\\\Zz\\o\\\0M\\\?Sz\0\T۳:}8cSkW\0_5|\nח鎐\\0~e\{;mO\Nݾ\ml\0nڿ\ۅ|\?:iPx\]|:tiθw\0P/\0Qv\n|J\_\dZTM^va&ݣf\\\|}~\:Z\n\\\\<\0kA\\\Z}L刺A\ſ\?\G}\\0[g\\ߛ\\\\㜼\\v\>\\0՗-<~\\[\wow{\~O6/oB%cq\\Zs\\\/^~q\\o޾\O\\\\0.\\=Ym!9v\p\[\\?I{7*ר0o5\\\0\\0\P\\0z_\ӯ\\r\#\r)\LQ^\\ս\0\\}\]\k\'\\fU\W3Pi_\\x)8/\9uxs\\\0,2K\\1\\0\0>?R~?rY}^@~\0\O\\M=#\\\|Gc\'\?y4\0\?h?\5\\-W\\0\xK?\	?^b??k\\/\\=w\w\?_7\0#\~\~^J\+J\n|t\\W<\_?v7m\0l~!?\ӟe~Ugۗ\l\\_R_\\g\\\Zn\k\\0Q\C\n\\oXO\0L\W\|\\ʭ?~\Zej1\\\\\\M)Muv\T5~\\?U~\\-\;|\\\Ɵ\'5Sɏ\ƿ</\\0\\\.W\\0\r0\\7ԑ^oW\})5?C\j;=W\0x\r;\0\?~\0\⧐\\'\_fxc\0h+\0}\\g>_=W\ߺO\c\?w\0&\\\>\\\\zu\\i+ɥZ+\\_3\_3W\\O\\M5\=i_3\0>S×\O͋\Z\^\hs3_?&\ޏ\|~\mض=Ow_SG\\0\0m\Z\Z\T˪\\\\ZeU\0K\qɽ5p=?zTs\0LiUN%\\o\0\=W\0쏤|:g\\0\}?ݽ\\0pu%)MW\0+\R\_E?6Ya\\iQ\0G\0p\~\0x\}b;}\l\}\\\m\\G\ZP\\O}x\\\#\V?{v\Op\*{闢13\\0G\Nzm# ^\\\\'\\nz+_\\\0ঞ)\zʸֺ?\'\\=T\kxJ\zuii\\z\\kE\?\\0V\0\\0_\0Y\|_o\0mo\\\5Ɵ4\0\\\Ο+\Jk\NX\ng\r\ӧ^g}Q4\}%\me\0\\\\\\0}a\\\\\\͝(iҟU9\0t\\|\0\\\r}ԧ,Q\\\\?X=봟\0\'՟P\7~ğ[oۻ\\0-\[IO\0/\ο\\\\0S!~8\k\0\Z\0Fze\\S\/\0ue\^\(x\ꝟ\\?\\_\\E\<\\%|\\P\J|wou1J,\\\06\0\Қ\+Wn^\naȞ\pw\\`ߩ?NM\K\\\P\\\徏\\\?d\kֿyv\\J\~~R\W̽5y-\?\3kt0\qp\\\\'_\0\G\\}\\~\Ym\0μ垏OKiՋ\SN\\\1u\nv}O\0\\0oh\0oA\0oo\\0\\0\\0\?d\0oJ\\0yû\OG\Wo}?\n\\'),(50,900000029,'tumblr_static_tumblr_static_5krkycdvgigws8wk48gosgc4k_640.jpg','\\\0JFIF\0XX\0\0\#vPhotoshop 3.0\08BIM\0\0\0\0\0Z\0%GZ\0%G\0\0Gl\08BIM%\0\0\0\0\0e^/+]rQ7\\Z%\\(8BIM:\0\0\0\0\0{\0\0\0\0\0\0\0\0\0\0\0printOutput\0\0\0\0\0\0\0ClrSenum\0\0\0\0ClrS\0\0\0\0RGBC\0\0\0\0Inteenum\0\0\0\0Inte\0\0\0\0Clrm\0\0\0\0MpBlbool\0\0\0printerNameTEXT\0\0\0\0\0\08BIM;\0\0\0\0\0\0\0\0\0\0\0\0\0\0\0printOutputOptions\0\0\0\0\0\0\0Cptnbool\0\0\0\0\0Clbrbool\0\0\0\0\0RgsMbool\0\0\0\0\0CrnCbool\0\0\0\0\0CntCbool\0\0\0\0\0Lblsbool\0\0\0\0\0Ngtvbool\0\0\0\0\0EmlDbool\0\0\0\0\0Intrbool\0\0\0\0\0BckgObjc\0\0\0\0\0\0\0\0\0RGBC\0\0\0\0\0\0\0Rd  doub@o\\0\0\0\0\0\0\0\0\0Grn doub@o\\0\0\0\0\0\0\0\0\0Bl  doub@o\\0\0\0\0\0\0\0\0\0BrdTUntF#Rlt\0\0\0\0\0\0\0\0\0\0\0\0Bld UntF#Rlt\0\0\0\0\0\0\0\0\0\0\0\0RsltUntF#Pxl@\0\0\0\0\0\0\0\0\nvectorDatabool\0\0\0\0PgPsenum\0\0\0\0PgPs\0\0\0\0PgPC\0\0\0\0Scl UntF#Prc@Y\0\0\0\0\0\08BIM\\0\0\0\0\0X\0\0\0\0X\0\0\0\08BIM&\0\0\0\0\0\0\0\0\0\0\0\0\0\0\0?\0\08BIM\0\0\0\0\0\n\0\0\0\08BIM\r\0\0\0\0\0\0\0\08BIM\0\0\0\0\0\0\0\08BIM\0\0\0\0\0	\0\0\0\0\0\0\0\0\08BIM\'\0\0\0\0\0\n\0\0\0\0\0\0\0\08BIM\0\0\0\0\0H\0/ff\0\0lff\0\0\0\0\0\0\0/ff\0\0\0\0\0\0\0\0\02\0\0\0\0Z\0\0\0\0\0\0\0\0\05\0\0\0\0-\0\0\0\0\0\0\0\08BIM\0\0\0\0\0p\0\0\\0\0\0\0\\0\0\0\0\\0\0\0\0\\0\08BIM\0\0\0\0\0\0\0\0\0\0@\0\0@\0\0\0\08BIM\0\0\0\0\0\0\0\0\08BIM\Z\0\0\0\0G\0\0\0\0\0\0\0\0\0\0\0\0\0\0\0B\0\0\0	\0s\0c\0a\0n\0_\00\03\05\03\0\0\0\0\0\0\0\0\0\0\0\0\0\0\0\0\0\0\0\0\0\0\0\0\0\0\0\0\0\0\0\0B\0\0\0\0\0\0\0\0\0\0\0\0\0\0\0\0\0\0\0\0\0\0\0\0\0\0\0\0\0\0\0\0\0\0\0\0\0\0\0\0\0\0\0\0\0\0null\0\0\0\0\0\0boundsObjc\0\0\0\0\0\0\0\0\0Rct1\0\0\0\0\0\0\0Top long\0\0\0\0\0\0\0\0Leftlong\0\0\0\0\0\0\0\0Btomlong\0\0\0\0\0\0Rghtlong\0\0B\0\0\0slicesVlLs\0\0\0Objc\0\0\0\0\0\0\0\0slice\0\0\0\0\0\0sliceIDlong\0\0\0\0\0\0\0groupIDlong\0\0\0\0\0\0\0originenum\0\0\0ESliceOrigin\0\0\0\rautoGenerated\0\0\0\0Typeenum\0\0\0\nESliceType\0\0\0\0Img \0\0\0boundsObjc\0\0\0\0\0\0\0\0\0Rct1\0\0\0\0\0\0\0Top long\0\0\0\0\0\0\0\0Leftlong\0\0\0\0\0\0\0\0Btomlong\0\0\0\0\0\0Rghtlong\0\0B\0\0\0urlTEXT\0\0\0\0\0\0\0\0\0nullTEXT\0\0\0\0\0\0\0\0\0MsgeTEXT\0\0\0\0\0\0\0\0altTagTEXT\0\0\0\0\0\0\0\0cellTextIsHTMLbool\0\0\0cellTextTEXT\0\0\0\0\0\0\0\0	horzAlignenum\0\0\0ESliceHorzAlign\0\0\0default\0\0\0	vertAlignenum\0\0\0ESliceVertAlign\0\0\0default\0\0\0bgColorTypeenum\0\0\0ESliceBGColorType\0\0\0\0None\0\0\0	topOutsetlong\0\0\0\0\0\0\0\nleftOutsetlong\0\0\0\0\0\0\0bottomOutsetlong\0\0\0\0\0\0\0rightOutsetlong\0\0\0\0\08BIM(\0\0\0\0\0\0\0\0?\0\0\0\0\0\08BIM\0\0\0\0\0\0\0\08BIM\0\0\0\0}\0\0\0\0\0\0`\0\0\0\0\0 \0\0\0\0\0a\0\0\\\0Adobe_CM\0\\0Adobe\0d\0\0\0\\0\0			\n\r\r\r\0\0\0`\"\0\\0\0\?\0\0\0\0\0\0\0\0\0\0	\n\0\0\0\0\0\0\0\0\0	\n\03\0!1AQa\"q2B#$Rb34r\C%S\cs5&DTdE£t6\U\e\\u\F\'\\\\\\Vfv\\\7GWgw\\\\05\0!1AQaq\"2B#R\3$b\rCScs4%&5\\DTdEU6te\\\u\F\\\\\\Vfv\\\\'7GWgw\\\0\0\0?\0\\\NID\>c\-^ǻ\\Z	\iuyV\\{KD\\\x9\\)\m>4\k~\\\G\a\}\Y(ч\R{ԁ$%a\RK.\;ۑ\0H; h\OP{\_\K\_JY}p\\\e\\\R,}>ߧYw1%<\/p\׍\0)\\\,k\2\\\k1}3j<bP?(?\3r\\\\?\\\\\0\ޗ5$\v>\ϢӞ\z\Z \\v\\\y)\\d_/>6՗9\\rox\\$\^&hcB4\e\2fn\'S\ޝ\\@\"5\׽1\0\W?\\g}`F\Z\L\W\wwv\\K\)\n9\\|\`\\ǐ8_\\0j\f`\S /Wm6ޫ\w_ ]/C\1rf]8\\Y\\n,KE\Nc,ޡs\a\AˌcҲ\.wz\qYp	*\奇$~hF\\Z\\R]Ey龦\\26N`v\W۱\'7\"\\J~Emu08&\t\WXg]\8bc_Q,vݑ77潵W\0_]Ռo5\\E\9d\\\\]on\l\W1ĘBs\\1\:r@w/_%\3+\?3hȨ0\\{[o\}R,\\ޡ\^ӏos\\?\-oe]7XƇ*\lZ\\\\݌\_)1H\J>\E;\0U\q5\qcѣ\\\\w>\\s/\Z\\QӨ\8裏\8%\7\5޽^\\\UOk踙}O\ts\'2PHhv\Mw\0j\}#5\2\\MދZ\䱛|Yr\n>\?rr?Ά|/dB~#\1B>Kx?y\zn15\Z\6O\鍊\'2\\0\Z\SK֎F\\)A\]\1\@\0\EWÝ[1)~F@w\^\G\f\9ۛIrA\"=\1\\0ݯ\01\rȊF_7e{:\6\\S\\5\\G\ڮ?\X%\щsl~\{wj\'	[j\,t=S}g\is+\%ָ:\?z}\ɷ\L\"n2<>LS\\D\c\\ė\wX\]Wի49\\U_|\c9\0N\:yTt\m\c}\g\=h)\\\\vYk.{\\/VX\y\*˪uV_l5ޣjF[k}_\\_Y8\\\\#݉o\\;\5\ݮsG\\'\\\"$d\q\S\\\/\\<ĹH\\▷?\K}O	\\^\&N67-[\zC\wc^\}=\0i\phn>%TV\2\1\n@\\\\0\0q,~xt\H\0S+О\ZZ\\J\\\\-[km\~\nC\\\8\0/\?*y0\\\'SD2\r\?\\0V: c\\j׌6M\&lu׼\0\2r\e\=C>\̩\u\y\\\_cݩsw9\Stn\z7L\~K\\ZL\GK_L\eO8!\Z\\iN\\R\'}P}S{\\0@\fsu9\J3\\0B6:Pݏy\ra;S`?lm̊_EC5\U\};\~ݸ\1\ұCZ\-w\,Z\?\B?\\\F\\nI\UeWWzW\\$dbloDqv\\0\\ƼA\C\\S_c仩Qe\'mۨ\\"\\\\\ճ\\0]\\S`裏\\_Z˛oo\\Z\\?l\*\>wa\\fON}i\\ʰ7S;1\kI^G\\X={{\ \\n/}#fu\\هӟ]\ݢ\1+v\wf\LO+v\0Zo\\\\\\n\'\\ъ\\0Ѣ㫟5\n\\L\\74k\~s\\0?_\0	w\=;N?eۈ_\'F\\\own\V\\e\\\\ˉ:\qNr(\:}a\\G\'m\6Z\k\\\\}7v\r\$\'\I%AD\[+\\\'n\0\\*-mWẲ\z~Gz\:}uaǦ\n>Ñs	un&\\\bl\\f\/sşVs3\<\ϴ\v6Qn\0ŏ\7\bl왿Ve`\\rKXǚ\\\e9}&*cG\0\0h)9a\\ƻ\foQ\\yCs\ݓM\S[\u\\\V\]M~=Z\\\Ο\ՍS\!u\\ŁU{}\c\e6\085αӾXޡ&\uY\\\T\2\Y\ߕM\zk\_Q:\u\]\\\˾̻\sM5\>˛OQ\u7̻\"OcS\0]UɎPǋMשfA\"*\[\\}U=s)\\`\}T\0\Q\~e\Lj\0j?MѨ\'OVm\\U>\:_Ul%\n\r/m87}fŷ\S}+?Iqt\\A\Wh-\\t\\\\?w}o\\\z\f\\__K\uo\d\l\w\>\-m\\zNF]\e~\4\\=2O:Hsk\9/[:V9\f\d\\\\\}ڿO_\\o_Ufc:=\{ݑie\Z\r{e==[\]B\O\\0R1~\ǜ[vM/\m\`\\5zEظ\r:/\\[cպ\=\O\N\\ߝ,\6]z.Y!<y\\\0ZgW\\V\+>*spmxu\\b\O\\\0B̥\\\0\A2,`\̗\{\\Vƫ\^\'X돷+K}\sö9\%\go\ׯ}`\9T:NEY4\n\kxse\s}\\G<\gk\8!\/k#GMbv\_5ޯ[\30ߗ\zn66+#}\m\vq\z\*\0ǫuN\/\}]\0-~zl̗۹\åtNEב\mՆy\r\:[~\?89dǎF|S\\޿\]\ \\0VO\\Wch.4O\cN܌v\0.\^7bh\j\uG\\]蹟^,\}*W\0jm>2\+qk|XC\\0\8YKz_ֺa~Qhq\?n̖\J\0O\\0j\#\,ìe\\?M\\\\z7׎wJ77\\\m;\m\07Q\zT\*ʨft̶\\/sh\\\F}\\N%kuy9\\FO\E\n\j\_\\=R֝\w\p\\0\G\\vu\C)\\\*Ƕ\ղ\\H\rV\۾Ô\05Uiĵ\0\\kV1\HD\\\>\b\da\c_\\_Ja\0ݐv\.k[Ig\i\?}+9N\2\\ngU\ܯ۳\^\\s\ݸ\V\0԰}v[r\\\-s\\\@׸\\[uO\W\gߟe_\?hf&\\MT\e\e\wٱ\O=/H%\ٞ>t:}\[6\܊\\zZ,ͶgzU\ӓ\2Я,]\ʭ\\;\\\cۑk\Is\\vU\n.vo-\\vH\\Z;IÔX%\n2~\ze~]S-RI$I\A\)\Ň\\be\\0sN\@\0sk\Za\\s7l\67Ǣ}b\\\\\rt\\\q.w\\0,ޚ۝\q[\"ub9\\\ݟe8?\F8o#\n\U^hpNX(\0^\\\ȿ\\:Xg_af=f\Q\VwtپQ\-\MT\07\\9\?^zՙ\H\\a\AmvׯcWc\\f\\\^\^5= YӭmV\\Mȵ\\\\LX\v\\\n^,\\nI}P>C\=fwG{.pg\ʼ\\s[]\Ʋ\;t\\GHv;OOmbK}06\sv\09\E\\R~[c.\\\Mˁߤ#\\N\0o֟\"԰+30/fN3Ǳ\\x\wY\'=	\\ؔ\hzh|wC\0̿\՜ٽ\\rn8E\?gi\\[5O\\\\Vu\db\v\m\s\c\\ٿ*Rc\❺;A_;\{fra#\&\1=\\I:5hK\\0\n\!utce9\·{K*\\z\S\\0\0\[\u^m1h\!\4dX3qo\i~5iΚc\2qVH\\0[GwN\\\0Y\s7bM\\A{Y{kU=\eo#=\4\0\1\c\\s]\\\\0\]^]t\LFڧk\\9n\0CJ>cF%\-\gVuy5; 9\P\\%ĉq/\\0)A\o\n`\z.Csж\\akf\R\\ְ~\\L\I1pRf{\[g=U\\#w\W\;e\\\f\Ҷ~\[\WoZa9L杋\"~h\69\徼\\\U9\1\;Yc\K\\]3\3Բ\\\d`Z1[hP+\&\\\\\?+\\o\\\.hbY\)vPkc\0A)\7\\}%ɠ\\\\\ڷcCG\\B_;M\\׺D\\_8\cեn\}6*$\\nT\\\ʋ\Pǒ\Z\1\\\rRddwP7\pRZ*\xnc߉Os\\\\d\\Q0~^X\u&1\ E\\\\׆dR\2,\\\mRX1Qc7s\)3\:\^2ˮ\\r\i\GW1\\V?\\P\CgT\f@}\}}׃\'hL?\/$}w7p\Z`\de<j\\\I^\mo\?\.\\,Zf:V\4k\,\0k	%g) :\,3%Hx9Y\L\\f\Hh\04\\-뭮\,v\\hҳzXN׉\CKlȢ\o%\v_\Ὧo\I{\\\\e{]\0\Zk[k\ߢ@#\\Z\\\\\㰑\\?\\m\0\N?f\\.I\'_w]?Ihg\rF\\0@\jb\FޜNGNCKG\'\gԜL\D3ݸ\ \;~\nN\>J)$$q0;bd\Jtz7C\\\A4Ƈ1nI\77\\0Zf\?VoA\}Fݛl\\;(_\\{-}7\zYފ\0}#\"\\q{=~Y\[vU\\0\ڪ.*\\\\\kqe7ӭ\a\\}8\~\\0rB_\\k\"\\\r\\!\t~w\0m\\\#\Z\\\\\Z2ʛe_\\\zأ}k\\:\Z\\?=\Oٮ5\mXkx^\\c\nm\Zy8\S\\\\0\Ӆ${}.NN5\Z2Yc@1\\7\eV\\\U5\s\\gR\ƷoYVkٙV\r\:fM\uxߥ\\l\\g}8\\Z\v\Ot\\a\\r:꿜g\Uߤ\YQѹ\6y\'\0\\n$KF\$mWkI$L)$$꾥}A\Y\\N/Jcܒ=ϏN+]\\?̽)\p:~wR\f&\\Ѯ\,o\=˹\0\b;\\\_\\\\\\ex]#\>6?\B\\]\1r+\}zH\\'\\\x¦4u>\m>\\0\\03eK/_\ٷ\\\\c,Ư~\_\ُof\W\Sx\ا!}#]be`â\n\\6[\d\K~\O\(=6\E\\m|\]7g\\\\c[*\\{?VeXOլܫ\t\2\{jnGCzs\0\t\s3\Z\{݅V\0\\[}c\)5\Yf0oƹe!z_kȰm\\S.\0I\\08BIM!\0\0\0\0\0U\0\0\0\0\0\0\0A\0d\0o\0b\0e\0 \0P\0h\0o\0t\0o\0s\0h\0o\0p\0\0\0\0A\0d\0o\0b\0e\0 \0P\0h\0o\0t\0o\0s\0h\0o\0p\0 \0C\0S\05\0\0\0\08BIM\0\0\0\0\0\0\0\0\0\0\-\Exif\0\0MM\0*\0\0\0\0\0\0\0\0\0\0\0\0\0\0\0\0\0\0\0\0\0\0\0\0\0\0\0\0\0\0\0\0\0\0\0\0\0\0\0\0\0(\0\0\0\0\0\0\01\0\0\0\0c\0\0\02\0\0\0\0\0\0\0\0\0\0\0\0\0\\0\0\0\0\01i\0\0\0\0\0\0	@\0\0Canon\0CanoScan LiDE 210\0\0[\0\0\'\0\0X\0\0\0Adobe Photoshop CS5 (12.0x20100115 [20100115.m.998 2010/01/15:02:00:00 cutoff; m branch])  Windows\02014:04:06 19:49:36\0\\0\0\0\0\0\0\0\0\0\0\0\0\0\0\0\0\0\0\0\0\0\0\0\0\0\0\0\0\0\0\0\0\0\0\0\0\0\0\0\0\0\0\0\0\0\0\0\0\0\0\0\0\0\0\0\0\0\0\0\0\0\0\0\0\0\0\0\0\0\0\0\0\0\0\0\0\0\0\0\0\0\0\0\0\0\0\0\0\0\0\0\0\0\0\0\0\0\0\0\0\0\0\0\0\0\0\0\0\0\0\0\0\0\0\0\0\0\0\0\0\0\0\0\0\0\0\0\0\0\0\0\0\0\0\0\0\0\0\0\0\0\0\0\0\0\0\0\0\0\0\0\0\0\0\0\0\0\0\0\0\0\0\0\0\0\0\0\0\0\0\0\0\0\0\0\0\0\0\0\0\0\0\0\0\0\0\0\0\0\0\0\0\0\0\0\0\0\0\0\0\0\0\0\0\0\0\0\0\0\0\0\0\0\0\0\0\0\0\0\0\0\0\0\0\0\0\0\0\0\0\0\0\0\0\0\0\0\0\0\0\0\0\0\0\0\0\0\0\0\0\0\0\0\0\0\0\0\0\0\0\0\0\0\0\0\0\0\0\0\0\0\0\0\0\0\0\0\0\0\0\0\0\0\0\0\0\0\0\0\0\0\0\0\0\0\0\0\0\0\0\0\0\0\0\0\0\0\0\0\0\0\0\0\0\0\0\0\0\0\0\0\0\0\0\0\0\0\0\0\0\0\0\0\0\0\0\0\0\0\0\0\0\0\0\0\0\0\0\0\0\0\0\0\0\0\0\0\0\0\0\0\0\0\0\0\0\0\0\0\0\0\0\0\0\0\0\0\0\0\0\0\0\0\0\0\0\0\0\0\0\0\0\0\0\0\0\0\0\0\0\0\0\0\0\0\0\0\0\0\0\0\0\0\0\0\0\0\0\0\0\0\0\0\0\0\0\0\0\0\0\0\0\0\0\0\0\0\0\0\0\0\0\0\0\0\0\0\0\0\0\0\0\0\0\0\0\0\0\0\0\0\0\0\0\0\0\0\0\0\0\0\0\0\0\0\0\0\0\0\0\0\0\0\0\0\0\0\0\0\0\0\0\0\0\0\0\0\0\0\0\0\0\0\0\0\0\0\0\0\0\0\0\0\0\0\0\0\0\0\0\0\0\0\0\0\0\0\0\0\0\0\0\0\0\0\0\0\0\0\0\0\0\0\0\0\0\0\0\0\0\0\0\0\0\0\0\0\0\0\0\0\0\0\0\0\0\0\0\0\0\0\0\0\0\0\0\0\0\0\0\0\0\0\0\0\0\0\0\0\0\0\0\0\0\0\0\0\0\0\0\0\0\0\0\0\0\0\0\0\0\0\0\0\0\0\0\0\0\0\0\0\0\0\0\0\0\0\0\0\0\0\0\0\0\0\0\0\0\0\0\0\0\0\0\0\0\0\0\0\0\0\0\0\0\0\0\0\0\0\0\0\0\0\0\0\0\0\0\0\0\0\0\0\0\0\0\0\0\0\0\0\0\0\0\0\0\0\0\0\0\0\0\0\0\0\0\0\0\0\0\0\0\0\0\0\0\0\0\0\0\0\0\0\0\0\0\0\0\0\0\0\0\0\0\0\0\0\0\0\0\0\0\0\0\0\0\0\0\0\0\0\0\0\0\0\0\0\0\0\0\0\0\0\0\0\0\0\0\0\0\0\0\0\0\0\0\0\0\0\0\0\0\0\0\0\0\0\0\0\0\0\0\0\0\0\0\0\0\0\0\0\0\0\0\0\0\0\0\0\0\0\0\0\0\0\0\0\0\0\0\0\0\0\0\0\0\0\0\0\0\0\0\0\0\0\0\0\0\0\0\0\0\0\0\0\0\0\0\0\0\0\0\0\0\0\0\0\0\0\0\0\0\0\0\0\0\0\0\0\0\0\0\0\0\0\0\0\0\0\0\0\0\0\0\0\0\0\0\0\0\0\0\0\0\0\0\0\0\0\0\0\0\0\0\0\0\0\0\0\0\0\0\0\0\0\0\0\0\0\0\0\0\0\0\0\0\0\0\0\0\0\0\0\0\0\0\0\0\0\0\0\0\0\0\0\0\0\0\0\0\0\0\0\0\0\0\0\0\0\0\0\0\0\0\0\0\0\0\0\0\0\0\0\0\0\0\0\0\0\0\0\0\0\0\0\0\0\0\0\0\0\0\0\0\0\0\0\0\0\0\0\0\0\0\0\0\0\0\0\0\0\0\0\0\0\0\0\0\0\0\0\0\0\0\0\0\0\0\0\0\0\0\0\0\0\0\0\0\0\0\0\0\0\0\0\0\0\0\0\0\0\0\0\0\0\0\0\0\0\0\0\0\0\0\0\0\0\0\0\0\0\0\0\0\0\0\0\0\0\0\0\0\0\0\0\0\0\0\0\0\0\0\0\0\0\0\0\0\0\0\0\0\0\0\0\0\0\0\0\0\0\0\0\0\0\0\0\0\0\0\0\0\0\0\0\0\0\0\0\0\0\0\0\0\0\0\0\0\0\0\0\0\0\0\0\0\0\0\0\0\0\0\0\0\0\0\0\0\0\0\0\0\0\0\0\0\0\0\0\0\0\0\0\0\0\0\0\0\0\0\0\0\0\0\0\0\0\0\0\0\0\0\0\0\0\0\0\0\0\0\0\0\0\0\0\0\0\0\0\0\0\0\0\0\0\0\0\0\0\0\0\0\0\0\0\0\0\0\0\0\0\0\0\0\0\0\0\0\0\0\0\0\0\0\0\0\0\0\0\0\0\0\0\0\0\0\0\0\0\0\0\0\0\0\0\0\0\0\0\0\0\0\0\0\0\0\0\0\0\0\0\0\0\0\0\0\0\0\0\0\0\0\0\0\0\0\0\0\0\0\0\0\0\0\0\0\0\0\0\0\0\0\0\0\0\0\0\0\0\0\0\0\0\0\0\0\0\0\0\0\0\0\0\0\0\0\0\0\0\0\0\0\0\0\0\0\0\0\0\0\0\0\0\0\0\0\0\0\0\0\0\0\0\0\0\0\0\0\0\0\0\0\0\0\0\0\0\0\0\0\0\0\0\0\0\0\0\0\0\0\0\0\0\0\0\0\0\0\0\0\0\0\0\0\0\0\0\0\0\0\0\0\0\0\0\0\0\0\0\0\0\0\0\0\0\0\0\0\0\0\0\0\0\0\0\0\0\0\0\0\0\0\0\0\0\0\0\0\0\0\0\0\0\0\0\0\0\0\0\0\0\0\0\0\0\0\0\0\0\0\0\0\0\0\0\0\0\0\0\0\0\0\0\0\0\0\0\0\0\0\0\0\0\0\0\0\0\0\0\0\0\0\0\0\0\0\0\0\0\0\0\0\0\0\0\0\0\0\0\0\0\0\0\0\0\0\0\0\0\0\0\0\0\0\0\0\0\0\0\0\0\0\0\0\0\0\0\0\0\0\0\0\0\0\0\0\0\0\0\0\0\0\0\0\0\0\0\0\0\0\0\0\0\0\0\0\0\0\0\0\0\0\0\0\0\0\0\0\0\0\0\0\0\0\0\0\0\0\0\0\0\0\0\0\0\0\0\0\0\0\0\0\0\0\0\0\0\0\0\0\0\0\0\0\0\0\0\0\0\0\0\0\0\0\0\0\0\0\0\0\0\0\0\0\0\0\0\0\0\0\0\0\0\0\0\0\0\0\0\0\0\0\0\0\0\0\0\0\0\0\0\0\0\0\0\0\0\0\0\0\0\0\0\0\0\0\0\0\0\0\0\0\0\0\0\0\0\0\0\0\0\0\0\0\0\0\0\0\0\0\0\0\0\0\0\0\0\0\0\0\0\0\0\0\0\0\0\0\0\0\0\0\0\0\0\0\0\0\0\0\0\0\0\0\0\0\0\0\0\0\0\0\0\0\0\0\0\0\0\0\0\0\0\0\0\0\0\0\0\0\0\0\0\0\0\0\0\0\0\0\0\0\0\0\0\0\0\0\0\0\0\0\0\0\0\0\0\0\0\0\0\0\0\0\0\0\0\0\0\0\0\0\0\0\0\0\0\0\0\0\0\0\0\0\0\0\0\0\0\0\0\0\0\0\0\0\0\0\0\0\0\0\0\0\0\0\0\0\0\0\0\0\0\0\0\0\0\0\0\0\0\0\0\0\0\0\0\0\0\0\0\0\0\0\0\0\0\0\0\0\0\0\0\0\0\0\0\0\0\0\0\0\0\0\0\0\0\0\0\0\0\0\0\0\0\0\0\0\0\0\0\0\0\0\0\0\0\0\0\0\0\0\0\0\0\0\0\0\0\0\0\0\0\0\0\0\0\0\0\0\0\0\0\0\0\0\0\0\0\0\0\0\0\0\0\0\0\0\0\0\0\0\0\0\0\0\0\0\0\0\0\0\0\0\0\0\0\0\0\0\0\0\0\0\0\0\0\0\0\0\0\0\0\0\0\0\0\0\0\0\0\0\0\0\0\0\0\0\0\0\0\0\0\0\0\0\0\0\0\0\0\0\0\0\0\0\0\0\0\0\0\0\0\0\0\0\0\0\0\0\0\0\0\0\0\0\0\0\0\0\0\0\0\0\0\0\0\0\0\0\0\0\0\0\0\0\0\0\0\0\0\0\0\0\0\00221\0\0\0\0\0\0	ʑ\0\0\0\0\0\0\0\0\0\00100\0\0\0\0\0\0\0\0\0\0\0\0\0B\0\0\0\0\0\0\0\0\0\0\0\0\0\0\0\0\0\0\0\0\0\0 \0\0\0\0!\0\0	\\\0\0\0\0\0	\0\0\0\02014:04:06 01:08:38\04AF0FAF23099405A8FDF4CD59EAA30BB\0\\0\0\0\0\0\0\0\0\0\0\0\0\0\0\0\0\0\0\0\0\0\0\0\0\0\0\0\0\0\0\0\0\0\0\0\0\0\0\0\0\0\0\0\0\0\0\0\0\0\0\0\0\0\0\0\0\0\0\0\0\0\0\0\0\0\0\0\0\0\0\0\0\0\0\0\0\0\0\0\0\0\0\0\0\0\0\0\0\0\0\0\0\0\0\0\0\0\0\0\0\0\0\0\0\0\0\0\0\0\0\0\0\0\0\0\0\0\0\0\0\0\0\0\0\0\0\0\0\0\0\0\0\0\0\0\0\0\0\0\0\0\0\0\0\0\0\0\0\0\0\0\0\0\0\0\0\0\0\0\0\0\0\0\0\0\0\0\0\0\0\0\0\0\0\0\0\0\0\0\0\0\0\0\0\0\0\0\0\0\0\0\0\0\0\0\0\0\0\0\0\0\0\0\0\0\0\0\0\0\0\0\0\0\0\0\0\0\0\0\0\0\0\0\0\0\0\0\0\0\0\0\0\0\0\0\0\0\0\0\0\0\0\0\0\0\0\0\0\0\0\0\0\0\0\0\0\0\0\0\0\0\0\0\0\0\0\0\0\0\0\0\0\0\0\0\0\0\0\0\0\0\0\0\0\0\0\0\0\0\0\0\0\0\0\0\0\0\0\0\0\0\0\0\0\0\0\0\0\0\0\0\0\0\0\0\0\0\0\0\0\0\0\0\0\0\0\0\0\0\0\0\0\0\0\0\0\0\0\0\0\0\0\0\0\0\0\0\0\0\0\0\0\0\0\0\0\0\0\0\0\0\0\0\0\0\0\0\0\0\0\0\0\0\0\0\0\0\0\0\0\0\0\0\0\0\0\0\0\0\0\0\0\0\0\0\0\0\0\0\0\0\0\0\0\0\0\0\0\0\0\0\0\0\0\0\0\0\0\0\0\0\0\0\0\0\0\0\0\0\0\0\0\0\0\0\0\0\0\0\0\0\0\0\0\0\0\0\0\0\0\0\0\0\0\0\0\0\0\0\0\0\0\0\0\0\0\0\0\0\0\0\0\0\0\0\0\0\0\0\0\0\0\0\0\0\0\0\0\0\0\0\0\0\0\0\0\0\0\0\0\0\0\0\0\0\0\0\0\0\0\0\0\0\0\0\0\0\0\0\0\0\0\0\0\0\0\0\0\0\0\0\0\0\0\0\0\0\0\0\0\0\0\0\0\0\0\0\0\0\0\0\0\0\0\0\0\0\0\0\0\0\0\0\0\0\0\0\0\0\0\0\0\0\0\0\0\0\0\0\0\0\0\0\0\0\0\0\0\0\0\0\0\0\0\0\0\0\0\0\0\0\0\0\0\0\0\0\0\0\0\0\0\0\0\0\0\0\0\0\0\0\0\0\0\0\0\0\0\0\0\0\0\0\0\0\0\0\0\0\0\0\0\0\0\0\0\0\0\0\0\0\0\0\0\0\0\0\0\0\0\0\0\0\0\0\0\0\0\0\0\0\0\0\0\0\0\0\0\0\0\0\0\0\0\0\0\0\0\0\0\0\0\0\0\0\0\0\0\0\0\0\0\0\0\0\0\0\0\0\0\0\0\0\0\0\0\0\0\0\0\0\0\0\0\0\0\0\0\0\0\0\0\0\0\0\0\0\0\0\0\0\0\0\0\0\0\0\0\0\0\0\0\0\0\0\0\0\0\0\0\0\0\0\0\0\0\0\0\0\0\0\0\0\0\0\0\0\0\0\0\0\0\0\0\0\0\0\0\0\0\0\0\0\0\0\0\0\0\0\0\0\0\0\0\0\0\0\0\0\0\0\0\0\0\0\0\0\0\0\0\0\0\0\0\0\0\0\0\0\0\0\0\0\0\0\0\0\0\0\0\0\0\0\0\0\0\0\0\0\0\0\0\0\0\0\0\0\0\0\0\0\0\0\0\0\0\0\0\0\0\0\0\0\0\0\0\0\0\0\0\0\0\0\0\0\0\0\0\0\0\0\0\0\0\0\0\0\0\0\0\0\0\0\0\0\0\0\0\0\0\0\0\0\0\0\0\0\0\0\0\0\0\0\0\0\0\0\0\0\0\0\0\0\0\0\0\0\0\0\0\0\0\0\0\0\0\0\0\0\0\0\0\0\0\0\0\0\0\0\0\0\0\0\0\0\0\0\0\0\0\0\0\0\0\0\0\0\0\0\0\0\0\0\0\0\0\0\0\0\0\0\0\0\0\0\0\0\0\0\0\0\0\0\0\0\0\0\0\0\0\0\0\0\0\0\0\0\0\0\0\0\0\0\0\0\0\0\0\0\0\0\0\0\0\0\0\0\0\0\0\0\0\0\0\0\0\0\0\0\0\0\0\0\0\0\0\0\0\0\0\0\0\0\0\0\0\0\0\0\0\0\0\0\0\0\0\0\0\0\0\0\0\0\0\0\0\0\0\0\0\0\0\0\0\0\0\0\0\0\0\0\0\0\0\0\0\0\0\0\0\0\0\0\0\0\0\0\0\0\0\0\0\0\0\0\0\0\0\0\0\0\0\0\0\0\0\0\0\0\0\0\0\0\0\0\0\0\0\0\0\0\0\0\0\0\0\0\0\0\0\0\0\0\0\0\0\0\0\0\0\0\0\0\0\0\0\0\0\0\0\0\0\0\0\0\0\0\0\0\0\0\0\0\0\0\0\0\0\0\0\0\0\0\0\0\0\0\0\0\0\0\0\0\0\0\0\0\0\0\0\0\0\0\0\0\0\0\0\0\0\0\0\0\0\0\0\0\0\0\0\0\0\0\0\0\0\0\0\0\0\0\0\0\0\0\0\0\0\0\0\0\0\0\0\0\0\0\0\0\0\0\0\0\0\0\0\0\0\0\0\0\0\0\0\0\0\0\0\0\0\0\0\0\0\0\0\0\0\0\0\0\0\0\0\0\0\0\0\0\0\0\0\0\0\0\0\0\0\0\0\0\0\0\0\0\0\0\0\0\0\0\0\0\0\0\0\0\0\0\0\0\0\0\0\0\0\0\0\0\0\0\0\0\0\0\0\0\0\0\0\0\0\0\0\0\0\0\0\0\0\0\0\0\0\0\0\0\0\0\0\0\0\0\0\0\0\0\0\0\0\0\0\0\0\0\0\0\0\0\0\0\0\0\0\0\0\0\0\0\0\0\0\0\0\0\0\0\0\0\0\0\0\0\0\0\0\0\0\0\0\0\0\0\0\0\0\0\0\0\0\0\0\0\0\0\0\0\0\0\0\0\0\0\0\0\0\0\0\0\0\0\0\0\0\0\0\0\0\0\0\0\0\0\0\0\0\0\0\0\0\0\0\0\0\0\0\0\0\0\0\0\0\0\0\0\0\0\0\0\0\0\0\0\0\0\0\0\0\0\0\0\0\0\0\0\0\0\0\0\0\0\0\0\0\0\0\0\0\0\0\0\0\0\0\0\0\0\0\0\0\0\0\0\0\0\0\0\0\0\0\0\0\0\0\0\0\0\0\0\0\0\0\0\0\0\0\0\0\0\0\0\0\0\0\0\0\0\0\0\0\0\0\0\0\0\0\0\0\0\0\0\0\0\0\0\0\0\0\0\0\0\0\0\0\0\0\0\0\0\0\0\0\0\0\0\0\0\0\0\0\0\0\0\0\0\0\0\0\0\0\0\0\0\0\0\0\0\0\0\0\0\0\0\0\0\0\0\0\0\0\0\0\0\0\0\0\0\0\0\0\0\0\0\0\0\0\0\0\0\0\0\0\0\0\0\0\0\0\0\0\0\0\0\0\0\0\0\0\0\0\0\0\0\0\0\0\0\0\0\0\0\0\0\0\0\0\0\0\0\0\0\0\0\0\0\0\0\0\0\0\0\0\0\0\0\0\0\0\0\0\0\0\0\0\0\0\0\0\0\0\0\0\0\0\0\0\0\0\0\0\0\0\0\0\0\0\0\0\0\0\0\0\0\0\0\0\0\0\0\0\0\0\0\0\0\0\0\0\0\0\0\0\0\0\0\0\0\0\0\0\0\0\0\0\0\0\0\0\0\0\0\0\0\0\0\0\0\0\0\0\0\0\0\0\0\0\0\0\0\0\0\0\0\0\0\0\0\0\0\0\0\0\0\0\0\0\0\0\0\0\0\0\0\0\0\0\0\0\0\0\0\0\0\0\0\0\0\0\0\0\0\0\0\0\0\0\0\0\0\0\0\0\0\0\0\0\0\0\0\0\0\0\0\0\0\0\0\0\0\0\0\0\0\0\0\0\0\0\0\0\0\0\0\0\0\0\0\0\0\0\0\0\0\0\0\0\0\0\0\0\0\0\0\0\0\0\0\0\0\0\0\0\0\0\0\0\0\0\0\0\0\0\0\0\0\0\0\0\0\0\0\0\0\0\0\0\0\0\0\0\0\0\0\0\0\0\0\0\0\0\0\0\0\0\0\0\0\0\0\0\0\0\0\0\0\0\0\0\0\0\0\0\0\0\0\0\0\0\0\0\0\0\0\0\0\0\0\0\0\0\0\0\0\0\0\0\0\0\0\0\0\0\0\0\0\0\0\0\0\0\0\0\0\0\0\0\0\0\0\0\0\0\0\0\0\0\0\0\0\0\0\0\0\0\0\0\0\0\0\0\0\0\0\0\0\0\Z\0\0\0\0\0\0Z\0\0\0\0\0\0b(\0\0\0\0\0\0\0\0\0\0\0\0\0j\0\0\0\0\0\0a\0\0\0\0\0\0X\0\0\0\0\0X\0\0\0\\\0Adobe_CM\0\\0Adobe\0d\0\0\0\\0\0			\n\r\r\r\0\0\0`\"\0\\0\0\?\0\0\0\0\0\0\0\0\0\0	\n\0\0\0\0\0\0\0\0\0	\n\03\0!1AQa\"q2B#$Rb34r\C%S\cs5&DTdE£t6\U\e\\u\F\'\\\\\\Vfv\\\7GWgw\\\\05\0!1AQaq\"2B#R\3$b\rCScs4%&5\\DTdEU6te\\\u\F\\\\\\Vfv\\\\'7GWgw\\\0\0\0?\0\\\NID\>c\-^ǻ\\Z	\iuyV\\{KD\\\x9\\)\m>4\k~\\\G\a\}\Y(ч\R{ԁ$%a\RK.\;ۑ\0H; h\OP{\_\K\_JY}p\\\e\\\R,}>ߧYw1%<\/p\׍\0)\\\,k\2\\\k1}3j<bP?(?\3r\\\\?\\\\\0\ޗ5$\v>\ϢӞ\z\Z \\v\\\y)\\d_/>6՗9\\rox\\$\^&hcB4\e\2fn\'S\ޝ\\@\"5\׽1\0\W?\\g}`F\Z\L\W\wwv\\K\)\n9\\|\`\\ǐ8_\\0j\f`\S /Wm6ޫ\w_ ]/C\1rf]8\\Y\\n,KE\Nc,ޡs\a\AˌcҲ\.wz\qYp	*\奇$~hF\\Z\\R]Ey龦\\26N`v\W۱\'7\"\\J~Emu08&\t\WXg]\8bc_Q,vݑ77潵W\0_]Ռo5\\E\9d\\\\]on\l\W1ĘBs\\1\:r@w/_%\3+\?3hȨ0\\{[o\}R,\\ޡ\^ӏos\\?\-oe]7XƇ*\lZ\\\\݌\_)1H\J>\E;\0U\q5\qcѣ\\\\w>\\s/\Z\\QӨ\8裏\8%\7\5޽^\\\UOk踙}O\ts\'2PHhv\Mw\0j\}#5\2\\MދZ\䱛|Yr\n>\?rr?Ά|/dB~#\1B>Kx?y\zn15\Z\6O\鍊\'2\\0\Z\SK֎F\\)A\]\1\@\0\EWÝ[1)~F@w\^\G\f\9ۛIrA\"=\1\\0ݯ\01\rȊF_7e{:\6\\S\\5\\G\ڮ?\X%\щsl~\{wj\'	[j\,t=S}g\is+\%ָ:\?z}\ɷ\L\"n2<>LS\\D\c\\ė\wX\]Wի49\\U_|\c9\0N\:yTt\m\c}\g\=h)\\\\vYk.{\\/VX\y\*˪uV_l5ޣjF[k}_\\_Y8\\\\#݉o\\;\5\ݮsG\\'\\\"$d\q\S\\\/\\<ĹH\\▷?\K}O	\\^\&N67-[\zC\wc^\}=\0i\phn>%TV\2\1\n@\\\\0\0q,~xt\H\0S+О\ZZ\\J\\\\-[km\~\nC\\\8\0/\?*y0\\\'SD2\r\?\\0V: c\\j׌6M\&lu׼\0\2r\e\=C>\̩\u\y\\\_cݩsw9\Stn\z7L\~K\\ZL\GK_L\eO8!\Z\\iN\\R\'}P}S{\\0@\fsu9\J3\\0B6:Pݏy\ra;S`?lm̊_EC5\U\};\~ݸ\1\ұCZ\-w\,Z\?\B?\\\F\\nI\UeWWzW\\$dbloDqv\\0\\ƼA\C\\S_c仩Qe\'mۨ\\"\\\\\ճ\\0]\\S`裏\\_Z˛oo\\Z\\?l\*\>wa\\fON}i\\ʰ7S;1\kI^G\\X={{\ \\n/}#fu\\هӟ]\ݢ\1+v\wf\LO+v\0Zo\\\\\\n\'\\ъ\\0Ѣ㫟5\n\\L\\74k\~s\\0?_\0	w\=;N?eۈ_\'F\\\own\V\\e\\\\ˉ:\qNr(\:}a\\G\'m\6Z\k\\\\}7v\r\$\'\I%AD\[+\\\'n\0\\*-mWẲ\z~Gz\:}uaǦ\n>Ñs	un&\\\bl\\f\/sşVs3\<\ϴ\v6Qn\0ŏ\7\bl왿Ve`\\rKXǚ\\\e9}&*cG\0\0h)9a\\ƻ\foQ\\yCs\ݓM\S[\u\\\V\]M~=Z\\\Ο\ՍS\!u\\ŁU{}\c\e6\085αӾXޡ&\uY\\\T\2\Y\ߕM\zk\_Q:\u\]\\\˾̻\sM5\>˛OQ\u7̻\"OcS\0]UɎPǋMשfA\"*\[\\}U=s)\\`\}T\0\Q\~e\Lj\0j?MѨ\'OVm\\U>\:_Ul%\n\r/m87}fŷ\S}+?Iqt\\A\Wh-\\t\\\\?w}o\\\z\f\\__K\uo\d\l\w\>\-m\\zNF]\e~\4\\=2O:Hsk\9/[:V9\f\d\\\\\}ڿO_\\o_Ufc:=\{ݑie\Z\r{e==[\]B\O\\0R1~\ǜ[vM/\m\`\\5zEظ\r:/\\[cպ\=\O\N\\ߝ,\6]z.Y!<y\\\0ZgW\\V\+>*spmxu\\b\O\\\0B̥\\\0\A2,`\̗\{\\Vƫ\^\'X돷+K}\sö9\%\go\ׯ}`\9T:NEY4\n\kxse\s}\\G<\gk\8!\/k#GMbv\_5ޯ[\30ߗ\zn66+#}\m\vq\z\*\0ǫuN\/\}]\0-~zl̗۹\åtNEב\mՆy\r\:[~\?89dǎF|S\\޿\]\ \\0VO\\Wch.4O\cN܌v\0.\^7bh\j\uG\\]蹟^,\}*W\0jm>2\+qk|XC\\0\8YKz_ֺa~Qhq\?n̖\J\0O\\0j\#\,ìe\\?M\\\\z7׎wJ77\\\m;\m\07Q\zT\*ʨft̶\\/sh\\\F}\\N%kuy9\\FO\E\n\j\_\\=R֝\w\p\\0\G\\vu\C)\\\*Ƕ\ղ\\H\rV\۾Ô\05Uiĵ\0\\kV1\HD\\\>\b\da\c_\\_Ja\0ݐv\.k[Ig\i\?}+9N\2\\ngU\ܯ۳\^\\s\ݸ\V\0԰}v[r\\\-s\\\@׸\\[uO\W\gߟe_\?hf&\\MT\e\e\wٱ\O=/H%\ٞ>t:}\[6\܊\\zZ,ͶgzU\ӓ\2Я,]\ʭ\\;\\\cۑk\Is\\vU\n.vo-\\vH\\Z;IÔX%\n2~\ze~]S-RI$I\A\)\Ň\\be\\0sN\@\0sk\Za\\s7l\67Ǣ}b\\\\\rt\\\q.w\\0,ޚ۝\q[\"ub9\\\ݟe8?\F8o#\n\U^hpNX(\0^\\\ȿ\\:Xg_af=f\Q\VwtپQ\-\MT\07\\9\?^zՙ\H\\a\AmvׯcWc\\f\\\^\^5= YӭmV\\Mȵ\\\\LX\v\\\n^,\\nI}P>C\=fwG{.pg\ʼ\\s[]\Ʋ\;t\\GHv;OOmbK}06\sv\09\E\\R~[c.\\\Mˁߤ#\\N\0o֟\"԰+30/fN3Ǳ\\x\wY\'=	\\ؔ\hzh|wC\0̿\՜ٽ\\rn8E\?gi\\[5O\\\\Vu\db\v\m\s\c\\ٿ*Rc\❺;A_;\{fra#\&\1=\\I:5hK\\0\n\!utce9\·{K*\\z\S\\0\0\[\u^m1h\!\4dX3qo\i~5iΚc\2qVH\\0[GwN\\\0Y\s7bM\\A{Y{kU=\eo#=\4\0\1\c\\s]\\\\0\]^]t\LFڧk\\9n\0CJ>cF%\-\gVuy5; 9\P\\%ĉq/\\0)A\o\n`\z.Csж\\akf\R\\ְ~\\L\I1pRf{\[g=U\\#w\W\;e\\\f\Ҷ~\[\WoZa9L杋\"~h\69\徼\\\U9\1\;Yc\K\\]3\3Բ\\\d`Z1[hP+\&\\\\\?+\\o\\\.hbY\)vPkc\0A)\7\\}%ɠ\\\\\ڷcCG\\B_;M\\׺D\\_8\cեn\}6*$\\nT\\\ʋ\Pǒ\Z\1\\\rRddwP7\pRZ*\xnc߉Os\\\\d\\Q0~^X\u&1\ E\\\\׆dR\2,\\\mRX1Qc7s\)3\:\^2ˮ\\r\i\GW1\\V?\\P\CgT\f@}\}}׃\'hL?\/$}w7p\Z`\de<j\\\I^\mo\?\.\\,Zf:V\4k\,\0k	%g) :\,3%Hx9Y\L\\f\Hh\04\\-뭮\,v\\hҳzXN׉\CKlȢ\o%\v_\Ὧo\I{\\\\e{]\0\Zk[k\ߢ@#\\Z\\\\\㰑\\?\\m\0\N?f\\.I\'_w]?Ihg\rF\\0@\jb\FޜNGNCKG\'\gԜL\D3ݸ\ \;~\nN\>J)$$q0;bd\Jtz7C\\\A4Ƈ1nI\77\\0Zf\?VoA\}Fݛl\\;(_\\{-}7\zYފ\0}#\"\\q{=~Y\[vU\\0\ڪ.*\\\\\kqe7ӭ\a\\}8\~\\0rB_\\k\"\\\r\\!\t~w\0m\\\#\Z\\\\\Z2ʛe_\\\zأ}k\\:\Z\\?=\Oٮ5\mXkx^\\c\nm\Zy8\S\\\\0\Ӆ${}.NN5\Z2Yc@1\\7\eV\\\U5\s\\gR\ƷoYVkٙV\r\:fM\uxߥ\\l\\g}8\\Z\v\Ot\\a\\r:꿜g\Uߤ\YQѹ\6y\'\0\\n$KF\$mWkI$L)$$꾥}A\Y\\N/Jcܒ=ϏN+]\\?̽)\p:~wR\f&\\Ѯ\,o\=˹\0\b;\\\_\\\\\\ex]#\>6?\B\\]\1r+\}zH\\'\\\x¦4u>\m>\\0\\03eK/_\ٷ\\\\c,Ư~\_\ُof\W\Sx\ا!}#]be`â\n\\6[\d\K~\O\(=6\E\\m|\]7g\\\\c[*\\{?VeXOլܫ\t\2\{jnGCzs\0\t\s3\Z\{݅V\0\\[}c\)5\Yf0oƹe!z_kȰm\\S.\0I\\XICC_PROFILE\0\0\0HLino\0\0mntrRGB XYZ \\0\0	\0\01\0\0acspMSFT\0\0\0\0IEC sRGB\0\0\0\0\0\0\0\0\0\0\0\0\0\0\\0\0\0\0\0\-HP  \0\0\0\0\0\0\0\0\0\0\0\0\0\0\0\0\0\0\0\0\0\0\0\0\0\0\0\0\0\0\0\0\0\0\0\0\0\0\0\0\0\0\0\0\0\0\0cprt\0\0P\0\0\03desc\0\0\0\0\0lwtpt\0\0\0\0\0bkpt\0\0\0\0\0rXYZ\0\0\0\0\0gXYZ\0\0,\0\0\0bXYZ\0\0@\0\0\0dmnd\0\0T\0\0\0pdmdd\0\0\\0\0\0vued\0\0L\0\0\0view\0\0\\0\0\0$lumi\0\0\0\0\0meas\0\0\0\0\0$tech\0\00\0\0\0rTRC\0\0<\0\0gTRC\0\0<\0\0bTRC\0\0<\0\0text\0\0\0\0Copyright (c) 1998 Hewlett-Packard Company\0\0desc\0\0\0\0\0\0\0sRGB IEC61966-2.1\0\0\0\0\0\0\0\0\0\0\0sRGB IEC61966-2.1\0\0\0\0\0\0\0\0\0\0\0\0\0\0\0\0\0\0\0\0\0\0\0\0\0\0\0\0\0\0\0\0\0\0\0\0\0\0\0\0\0\0\0\0\0\0\0\0\0\0XYZ \0\0\0\0\0\0Q\0\0\0\0\XYZ \0\0\0\0\0\0\0\0\0\0\0\0\0\0\0\0XYZ \0\0\0\0\0\0o\0\08\0\0XYZ \0\0\0\0\0\0b\0\0\0\0\XYZ \0\0\0\0\0\0$\0\0\0\0\desc\0\0\0\0\0\0\0IEC http://www.iec.ch\0\0\0\0\0\0\0\0\0\0\0IEC http://www.iec.ch\0\0\0\0\0\0\0\0\0\0\0\0\0\0\0\0\0\0\0\0\0\0\0\0\0\0\0\0\0\0\0\0\0\0\0\0\0\0\0\0\0\0\0\0\0\0desc\0\0\0\0\0\0\0.IEC 61966-2.1 Default RGB colour space - sRGB\0\0\0\0\0\0\0\0\0\0\0.IEC 61966-2.1 Default RGB colour space - sRGB\0\0\0\0\0\0\0\0\0\0\0\0\0\0\0\0\0\0\0\0\0\0desc\0\0\0\0\0\0\0,Reference Viewing Condition in IEC61966-2.1\0\0\0\0\0\0\0\0\0\0\0,Reference Viewing Condition in IEC61966-2.1\0\0\0\0\0\0\0\0\0\0\0\0\0\0\0\0\0\0\0\0\0\0\0\0\0\0view\0\0\0\0\0\0_.\0\\0\\\0\0\\\0\0\0XYZ \0\0\0\0\0L	V\0P\0\0\0W\meas\0\0\0\0\0\0\0\0\0\0\0\0\0\0\0\0\0\0\0\0\0\0\0\0\0\0\0\0sig \0\0\0\0CRT curv\0\0\0\0\0\0\0\0\0\0\0\n\0\0\0\0\0#\0(\0-\02\07\0;\0@\0E\0J\0O\0T\0Y\0^\0c\0h\0m\0r\0w\0|\0\0\0\0\0\0\0\0\0\0\0\0\0\0\0\\0\\0\\0\\0\\0\\0\\0\\0\0\0\r%+28>ELRY`gnu|\\\\\&/8AKT]gqz\\\\\0!-8COZfr~\\\\ -;HUcq~\\\\r+:IXgw\\\\'7HYj{\\+=Oat\\2FZn\\		%	:	O	d	y				\	\	\n\n\'\n=\nT\nj\n\n\n\n\\n\\n\"9Qi\\*C\\u\\r\r\r&\r@\rZ\rt\r\r\r\\r\\r.Id\\	%A^z\\	&Ca~\1Om\\&Ed\\#Cc\\\'Ij\4Vx\&Il\Ae\@e\ Ek\\Z\Z*\ZQ\Zw\Z\Z\\Z\;c\*R{\Gp\\@j\>i\  A l  \ !!H!u!!\!\"\'\"U\"\"\"\#\n#8#f##\#$$M$|$$\%	%8%h%%\%&\'&W&&&\\'\'I\'z\'\'\(\r(?(q((\))8)k))\**5*h**\++6+i++\,,9,n,,\--A-v--\..L...\/$/Z//\/050l00\11J1112*2c22\3\r3F3334+4e44\55M55\5676r66\7$7`77\88P88\99B999:6:t::\;-;k;;\<\'<e<<\=\"=a==\> >`>>\?!?a??\@#@d@@\A)AjAA\B0BrBBC:C}CDDGDD\EEUEE\F\"FgFFG5G{GHHKHH\IIcIIJ7J}J\KKSKK\L*LrLMMJMM\N%NnNO\0OIOO\P\'PqPQQPQQ\R1R|R\SS_SSTBTT\U(UuU\VV\\VVWDWW\X/X}X\Y\ZYiYZZVZZ[E[[\\\5\\\\\]\']x]\^\Z^l^__a_``W``aOaabIbbcCcc\d@dd\e=ee\f=ff\g=gg\h?hh\iCiijHjjkOkklWlmm`mnnkn\ooxo\p+pp\q:qqrKrss]sttpt\u(uu\v>vvwVwxxnx\y*yy\zFz{{c{\|!||\}A}~~b~\#\G\nk͂0W\Grׇ;iΉ3dʋ0cʍ1fΏ6n֑?z\M _ɖ4\nu\L$h՛BdҞ@iءG&v\Vǥ8\Zn\Rĩ7u\\\ЭD-\0u\`ֲK³8%yh\YѹJº;.!\nzp\g\\_\\\X\\\Q\\\K\\\F\\\Aǿ\=ȼ\:ɹ\8ʷ\6˶\5̵\5͵\6ζ\7ϸ\9к\<Ѿ\?\\D\\\I\\\N\\\U\\\\\\\\d\\\l\\v\ۀ\܊\ݖ\ޢ\)߯\6\\D\\\S\\\c\\\s\\\\r\\\\2\\F\\\[\\\p\\\\\(\\@\\X\r4\P\m8\W\w)K\m\http://ns.adobe.com/xap/1.0/\0<?xpacket begin=\"﻿\" id=\"W5M0MpCehiHzreSzNTczkc9d\"?> <x:xmpmeta xmlns:x=\"adobe:ns:meta/\" x:xmptk=\"Adobe XMP Core 5.0-c060 61.134342, 2010/01/10-18:06:43        \"> <rdf:RDF xmlns:rdf=\"http://www.w3.org/1999/02/22-rdf-syntax-ns#\"> <rdf:Description rdf:about=\"\" xmlns:xmp=\"http://ns.adobe.com/xap/1.0/\" xmlns:dc=\"http://purl.org/dc/elements/1.1/\" xmlns:photoshop=\"http://ns.adobe.com/photoshop/1.0/\" xmlns:xmpMM=\"http://ns.adobe.com/xap/1.0/mm/\" xmlns:stEvt=\"http://ns.adobe.com/xap/1.0/sType/ResourceEvent#\" xmp:ModifyDate=\"2014-04-06T19:49:36-07:00\" xmp:CreatorTool=\"Adobe Photoshop CS5 (12.0x20100115 [20100115.m.998 2010/01/15:02:00:00 cutoff; m branch])  Windows\" xmp:CreateDate=\"2014-04-06T01:08:38-07:00\" xmp:MetadataDate=\"2014-04-06T19:49:36-07:00\" dc:format=\"image/jpeg\" photoshop:ColorMode=\"3\" photoshop:ICCProfile=\"sRGB IEC61966-2.1\" xmpMM:InstanceID=\"xmp.iid:D20466A5FBBDE311BC82B4ED5778EE42\" xmpMM:DocumentID=\"xmp.did:D10466A5FBBDE311BC82B4ED5778EE42\" xmpMM:OriginalDocumentID=\"xmp.did:D10466A5FBBDE311BC82B4ED5778EE42\"> <xmpMM:History> <rdf:Seq> <rdf:li stEvt:action=\"saved\" stEvt:instanceID=\"xmp.iid:D10466A5FBBDE311BC82B4ED5778EE42\" stEvt:when=\"2014-04-06T19:49:36-07:00\" stEvt:softwareAgent=\"Adobe Photoshop CS5 (12.0x20100115 [20100115.m.998 2010/01/15:02:00:00 cutoff; m branch])  Windows\" stEvt:changed=\"/\"/> <rdf:li stEvt:action=\"saved\" stEvt:instanceID=\"xmp.iid:D20466A5FBBDE311BC82B4ED5778EE42\" stEvt:when=\"2014-04-06T19:49:36-07:00\" stEvt:softwareAgent=\"Adobe Photoshop CS5 (12.0x20100115 [20100115.m.998 2010/01/15:02:00:00 cutoff; m branch])  Windows\" stEvt:changed=\"/\"/> </rdf:Seq> </xmpMM:History> </rdf:Description> </rdf:RDF> </x:xmpmeta>                                                                                                                                                                                                                                                                                                                                                                                                                                                                                                                                                                                                                                                                                                                                                                                                                                                                                                                                                                                                                                                                                                                                                                                                                                                                                                                                                                                                                                                                                                                                                                                                                                                                                                                                                                                                                                                                                                                                                                                                                                                                                                                                 <?xpacket end=\"w\"?>\\0C\0	\n\n			\n\n		\r\r\n\\0C	\0\0P\0\\0\0\0\0\0\0\0\0\0\0\0\0\0\0\0	\n\\0?\0\0\0!\"1AQ	2aq#3B$R\\Cbc\\0\0\0\0\0\0\0\0\0\0\0\0	\\0?\0\0\0\0!1AQ\"aq2#BR\$3b\r4\\\\0\0\0?\0\\g1!Ͽ߾cs65HI\Z`y\\4~UYgB@T\0#\i ! \"F\0\\.\\\\#el}R\33 SSK[N4Ӱ\0PGy\0 \)\.jZ9\0Pʰ<\\0:b`~5e l\\}~\dG\B\\X\0CR- I`}\P\r\0\T\- \~\D;S.Jh-KӤ2 ӵf̑y\'\8?ƕI#s4SZԎˉ\cJ\"	\\i|\$o؀1\sѾ*75\ͨ\c\\ّ\\\VI\Zh/O\4\;T+l\J@\J\01\B1N\8v,}9VB\ei&SAr2\0\\ZYc,s\0|\	ItQ,\(BW2\\0R	@N&GY\'\\.\0QǿΔzw\^ԕK>쑁TXޓ\1LH\\ز^^=\N\nX \O\Q;n\\[s(XP+\Oc\\-\S[m=\Z\t	\\b\^\W={;\ϟh	b\lXKAH\rRU\i5$\JFzhGT*\\YO \\Pu^iL84D\5F\Y\-m޴\\6\>}\rl6i厢&\#,1\n˖\i\ۙ\f=:O\\er\\\\rGwU\Υ\SD\`A\\oP(ڜT\MW4\ g~\\ƒ*G\\S+Qn=ƖrS40\QP\\U\ \w#8\tɁN\M4\\hh\E:Y\2M\+1\0\nD\0\0\IR!$6\\\x\Mlͷ,*wm:{9GoT\} p$Ҭ	׶>%t\\MRV׋D*wp;|pA!}\f%p3Q\*?MF䃉=H0i\\0G\xJc*\4\ҥ@)\\0.؝\zVi^ib\\%\\&pOh\y#5:\\r\0\b}\=\A\\\hw$\=׍[u\=︮;x\\n\QY]Y1i>\\0\0\0Z\r(N\\qjZ\펃LW8\A\\uP\E\rP\\\E\rP>\Ep8,O	\(:\A\J )ZW6`}{Q\\I$\0.LS\\4&&Aֵ2\#V0q0CE\\M<)գCC\\N\n\Y6qL\$\\\lATOĕڈ:V\\\+I(j4U\"\'\\\'\K\Ox*V\IH9&n%\"h\Cg##\0](%&W(f\)\\F!$pOu\"\@Sؐqo\j)ڮ|0\ st\\Bs}E`\\\\#*\\\\\AL_dA`g\HԴP4+AӒ\n\nr[j\@H\0\O\\\K>	}\\Uқn\ѫQ \\m&=\\\Ve7rU\hJ\@\?o \\A\rjI(\0\L	_#4DE O%<4\ҝ\ҡD\0Ja&4\?V\jH\'\IFOt\}ƜbݳQr\\0q05\L}ް8C\²8_\s\2czr\\Zt?v\Z\0\;ў9\o\0<\0ϝ( liT \Ip<1~xc\:j>l\j\p\<ǖI\ \κ\ŁF\0?O\_2}\\֭\ґ;\YPH9\b\LE|\0^\Z>=N٭xt\\꒖\)z[\F\rn\"\ZaD.Xpú\>BI#8۾0s޴pt	p@D\Ddq\.\\ԫEd\CR\Ua\W$\Z5\\0\sin\^Rl^\wo\\!\1\A\c\\$\Ocy_\ޒu#{}\t۷hN`I\zq{fƔ\Z\\\i(\E)ڱ\(h0\n5>gWG/oD\0V}{gEj[\0\:\\"d\\n:\\\ؕQr#\b{3\0A\	ULP=	\\\\񮯷\GI/\\\T\ኋqI\0T4\\;j ӹ\G4$=?Wk4M$)kv\"t\'>d\0Ф0Hң}A?lw]LTn\nw`UMVd9f1\\\?ΑN?K-\c\0\0\\TŇ\\ް-\bt3v]q\rWqu8i\n8=\=X\_\Zbqө\\\@\`o\?\t9*\[1\=變FR\'&$d\2kzƊJ\Z(=QO(\r0SӬ\XX\̹$9#\VM=	R$N?*g\\\ii\\ڮ	xHQǒKsp\~yPFV\\nJd\3\In\\o\\\0߭VRв!\nd\׿J@\I\&cKNJw?۶R\0\\s\\ǖ_:$b~O@\=d2\	zC˓\\r\ƈR1\+b\4,\Lu\\zQKj\nY3L@\\0\RR`^w\0b9A`\\伽P2O\D7#?3sЃ:2\Xe\#2Ì\\JQ8l\n>e&0\'4IR\Z6cg.T\1\*4\gWҢR\\nIi \z\7-7Ecb\B}iڵ\r@y\KIKHW`	\\\U ۸\\B]B^\]G?lv\RԂ\\ۋ\4nH/Q@\#>\\ic͑\JQ $\q\j\nۥ-f\R\9F\H\G1\$D4{+rs4\#jl!`rnI\;ڒC2,g0\N\Z\5]ī\i>\\򣸁SΧbZF?S\IU\\'\0\UN\0Z\'\rzd\osLg\Z\)(\r(XXH\3߾B:t\}\Ҥ:Bm\ZD#V\׷\{zWo\yD\0\\\8~\\\K\0ϷҾW\0\z\>dvPVLwt\Aպ\\Џ}_FhI\Z\\\w\	\\\.U[v}Fpnr~^\=}9\G;,ꅦ;߶K\\ΣW}\s\p\R\n uɏ@PI \@\o\Qw]:\\tYםӫ\'T\][R\;z\n78P\JR\\K\,P%[|GP#2x[\Bt3Qל%Gc\m/]%\\\{\'4:\xyp8	\\<I9>i#@8\0\.ʰ\}S\AJVꒁ\A9N\CɂF3\\:L\d(PCw>\\J/C\tQF* \c\\&)@\bJ$Ziy]\0I\\hʦRS\\O)hg\>$ȥ	e\r،v\\![ӒHډ<1D\\w\\\f	#\AΊ\rpB\,|\ޜIJL\.$̉\\!G|\MLT\0\\\\t\&\ɀ\##:IX\"\h\?~=\gՁ\߿\E%g=RLb=(My\\bfH^\0\\0}\ie˷\",7>|\\%CWBENHR}\\M\j\Z807<H9g\{d~\Τ\=N$tF]!>1\ڞM3M4\M\$\?%!r\$\\\\x\"1\WlȑFgs\7EF\ZW \vN\e\Rjb@6\\֌8/)da1Ϸh1RHԨOҀ\D^.	+!\ \=\"zP\\\D7~TczT\\=\9\{v\\\\#j$ɔ\&1H\\0FW\y8ȼd\?sspqd \\wX\\dp9E.3\\9?8:r\nkBH\>\\r\Zigi⦦\=\\iB%G|@\i\8\K,iT\\\\O\/\TGZ\\ZU\aQc\0\MJ3U!/ӄ$dam\y\\fS\øgM)\\N\\&F`\\R\PL\\01\0m)J\*[n*%Q\¢\\4A\hdQ\5g\^@>\?Б@J}\[RRR	YDz֮Y\Z p?0\>52\H\5iv\\\\\Z0\T\g\\:\(7;u-;)]ف\#́÷\S\ܶ\\\\\\oI\63\I\u\\QF\]%x\0pA\Z(1\\B5R\"9ʮT3@O\&n\\g\'x\H[=\0},Qd\ފ2N;\rd&w\3\\\\H( މþ+(\\nq\\|}P;S-B@\H>\ \\Ԅ\r\"jiz\d\L\%{c;\q\\'1LHĚJI$%\9#\9\0\\U9\\iR΍\U\^,1\\0}$S\\Ȋ<|\c**Ķy09\\؁u\DwVT&IϿ\($\AΖN\R8\rR\\"̒H\\<\On\MN\3Mx\2Cg\Rz\$s#\$RQtQYTv8Tbq\F٥\0\gE%-4F\nΌJe\\0\3\\i\II:-9VgYF<XՓ߱\\便%2Njڸ|rf\\:\7JRTJP\\1N	\0m\\a˳\ǘ\=2d\\0m!=jRw\~\ZG\C$\\0A\S\8Y;$!@ǡ\\'i\)wW`\\\%	\5\\d7JΨVtpp=`5\Za=j\\0\Fӧ\>h9@8X\\=wԃ>Psި\\qAJBeAF|\QaZ\\=XDY9\\\I8\H\\n:TcBgq\\m}\ZT=%+&BqӶ=׾	?ΞAQ	\'>\q\f\\u($ef2R$d\3B>5\"9\\\\Z81\\8\D\'\s@]hq\\L\\1Gh1 @*y0xǧ\礪;T8\~\\\0\D\ӽ)q$d>h#\F7\/)%1	Τ\Ͼ?e KDJ(#\\qC\o\Cv\Jp \6c!@8g\F\I>\R$jd1\HT,RXy0	<\o-Iq\۹\o}90%$g/\'NH\%x\\})CHKӳ\BD\r>ΛII\rmqL\e5b\'rmI\n՝\Ri.i\\'ux\٫z*2\=\0;\g#\ \!n	\0\\?mes\[N\uJ~A\0\Oς\"^#ս ?\R+\5OY$I\ZZe\G(g\E\0\\0|袁\Z(0<{\z#j\\:)v`O)y#\"3V*^\~\۶R\4PaH|iijy\\Yj݉\'\\0}5*\nrPD>\\\M\f.\\\0Ɩ񢒲\E(JyٌD#I\nBh\d\ܔ7\w\\4E\'Ż\'uJ\oOwP.t\}.ʹ\<P\Ҽ\q-\\0=*Ǿ\0\0\w\\\rnV&*ͽ\\*e@n@铰\\\\ޞ\r_\w\\\e\M=ʠcs\\\"R|\Ƭ\\Bu\#\q\<f[\rZLaa?2\'\0ĜWJ\0Mui+ϒhNt\$I\\\0..\@\Q\\\n;\~C@\S\TM%4Aȏ\'ȸ`\08\\Z@}؞A_\\2<G\}.Ʃ\ҿEV\d\\2@\?J\4bVİLA>\b}\\ZD\^6Z\Q\tϦ\DCTGnB\0U\\\0<\r83Zb\0S\\\\0V \n4\\b_]<\1v$\I31l\"d&q\}A&VE\9\\\iLƥ%)|)\\>ՅYj?3#б!?\\0\it$\Q)Oh0\\$uB=+2\H?\I3֚%-,ĲgVu.\0\F\\\NF?\\0\ԀF\0&Om\\\\z,͚̋*w|v\(\teQ\QI~߰6@Y\dK.O|\\\\N3Z[e!\+\{sb`gڏ;\D(\5A\r\DS*ڤq-:Ѽ	}s?J:,)<<!<q\\ZC\T\\Z\ziIX\n\cұȅd\3\\Oq\ZH6gv\\	\\\n*A\[Ui\?}D0+]i\nPRǛ\k9H\\\\NofTT	96qґ(ׅ1#<9$\\mM,Cf \0fA-\F/VE)ǖ\\퓮\\(tk>ܬ\Oz\\'IH&5t	ڡi\H\\Y8{\5\	v\\<Dv\4\dݎPV{\0\E(w\Et8t*H\r\cQ\\(h+(uFFI\iR \Zu\@	R\Ɏ\>\gҥJ\03JBFi\"p2t\\Q\ĕ2E4rK\\P?\\\{㿷\>\L\A\)\\I\\RUԫ)O\͇X\TaA=\0\ZMR\\'cH=\n\FF_}-%\0\ELQz:!Pj\x@U?V,\lꝲ:yb \Amv\\0t!5\9ȹ$\1^O\>&\+Y\\n	I#]c\Owݳl\Z\	$m\5\\ڰm\m\+FޣYj۴tA\\a\\\ϯs\(I\'\'\\%wŖ^A+|o\\\0`fv-Q\SV\'wχ\ZF\'\T\Z\\5WZi\\I\h\\|CJeQ\\\pJ0Nu\>\\A}gJd\[mAJ R\Rr}}ioj\A_-D\Yd92<\ڼ\䬬^B=#Ϸv\0\\_@\\x\L\\ch®\A#c\\tRվIL)L`8\&r?}yfTq_im38F\w1҉GQ\\3#\9~ \l|w\\'o֪KQZS\"[0:\ f=\\0)tHɒ2\`B\*tWQ\Ғ\\*] !1%z\dyxh\u\08\\\$7\\\&\eI)Hҩ%\"d\0ZPHF@\'\"\\!\SVD\y1֊\<I\\͟lm\\*c}R$\o\FGUϔ(V\\0`9qsҥun \\a;\0\8\~\ԑ14\\"eS5@i\G\"0oS|g\I2+5!\r!))̕I\@\q\(T\\0\nF}M\߶\Hgj\\\\"UD9ʿ	ǵ\\0[\s&|i,e9\u|\',Y\8\ dБRZ\H#a8\ޒsxRv\0~=ڪp%E\\\0\\F$\iA Խt@J\mGɝD#8\rV@#G\0\\Γ$ΧuIN)DmIG\ZdP4m&UT{|P)\\\|ĘuA2\0\rt\'o\\R,\\\LN_%s\GH\5KWh*8󟴞\\r\\\ y\\VAN«\#F\'$V\0\9:\7\|pPPժc\cag\fQ \IRP)0w\Z&XVcǋ1P9A\0o|w\H&)JHXY8,HqJ@=DΊ(\\\v\'E,\I\r5^g>\E(@\0\\+ \?:)\\`$A\c{褥3f9?Βb\'VRR	\?\\0s\\\v0\U}G`I?:7\0\0f\r\>ur6e\\uF\%==;7\0W1\\\T`\g\q[+>&\ДwUl_y\P\\g]_vnѳZ\\Oq\\m\^9\[\\+<\"\zחA q|\\0hO\8O3mgN\S\.\۱`Z&(R\0\C}\\\W*\5\*.ɶ\\(Q\z*Y\'h-|\\\TXa\^Qp\\82JKQZ\	\z\Ž\r\0jx:Bra=w8\\\f,+nX.wrMP!\6,@qOb	\P\SĀS$V\Z¤GS	\/\Z\8\\\%\uxݑtR\W\r\rTݨf(\IY\ X\\0L\ĝ}$m<-lxV\0ep A\WW8\!	H2yF\'x35\GrQE,eY\7g\]j*N\0t\\?v#r&z\\3\\\4ꂆ\Ek+ixMc\\Z\\"1\\\{wƼ͵#\\9\\\Zy\ ʊ壤\gL\rZg\ddS\;TN\>\d\0pa Zl}L(bvQ\4\v\Jl#\gD\yR\K<\6$i3%tGgJ)\\0\RjDBqE#\\v\489&cmD\۽b7̞g\08@9\b*^2\"s?<\ΌyT~3Eϱ?o\{mڬ!BVAF\Y;Nj\ơ\}\GO\\O	~V[@\"7\\@?<aI4)(PYrQ4 b-\n)\Z@\L\Fބ\\+3,\6\"!r\\A7N\\^[)0\gf9#>h6_+pc\8\0E\ЇB\i\w9O[ONL\\@R\0rG󧥲$\Es}ol{\\`l<zu==Aڔ7Z	n\j\բzT(\73|kHp\ZK1\u5/\ö\\A\\'\1	\Zfq1d\[\n\0\ث\GL\)YZ\\I \~G?\Zsd툇ǵmpp\\\nvR\\lF$9\h2	\c\|Sr+\&}\4Q=S҇^$I\ZT*H2p\pu)IJu:˼\\	*JK\0Ov07#\)I\\"\ZA3yH\)\L{z\O\\B\07a\n:A\Z\8Γ\jzR;ͱZXZIja+\Fq\ \O\]OAQi\\n1cҾt]\ۧXB\ARH\0r	0JI\\\QUXr\\~t\0-|\5\\u%\\\n\\y`r\=s\\Z1GB$Ɉ\0\'31\\"\\r:\<I\44\np4Q\,;?\ւ#z:\?j\'Ղ\x 3\'i$mKz*H;Ҳ4F4(?~]c1\09\$\\A7*2$\\Z7	yP>|r}\t\\t\0ZKg-GG	fR4ff8\0i	\0Iڜ$	59_:EGy\cܼEz\SUYfbCabWc\\\2\X6]y\\w:\xe\\SM#I$#\\#ӿ\\ihު$\{P^]cH>E̠sQ;Ulc98כq{[wݣ%I\\S\X\\vd\\AE.[I\K[\7xI%\Zq	8%}\\0u\?/Ě:O+))HIv\s\>i[;3\\/\n\0qZڒsQ\A33S{RlĶõv=WGYpJ\h\#U9P[\ƹ\Xg\TP	\f\1)Z\E[Bm@qť\\4`kFq3M2tCI6\\%N\\ZXf\n|ԷB0K/~G\\jJ\G\C\|֊[+\\\cRЩ>A\=`c9+|j\S\\Z\U\(\Vk+\\\Bfe#\\\\'NBԇZtikI!`$\\&im\Z^m\4\|\Cz	\*=3{ۺ\Z \n\\\7\N\O\\G˰\Z\nq@NeKNVz\0)mm-N4aIPKK1lD#b\"\\nu{m4\K.٠#᥎H\i\\\GP}LW\>eor\J\\ \\n\E\\\\\n\B`Dg\\0\\\'aTK\=Y޶\	$\7ZHYC\\pT\?\OY\5q@\q/ %Z8#~vrT	 /&5h\U\6q\3TIvQ[,;\\4R\\J\\e>\҄V9V$\Т<d\cެԒV\Ѽ-\'\Z\ʘvk\\kߠI[v~EDi>^\M\=u4\5mREK$/HN}\\HRBw4\8L\ZZPs%D;Ic&I\Z\q#\֋[r\\\Zg9ΌI\-\')y\0S\>?V3H4\Z\U[kH)\Y{T\\Z\6SIT[!x\"ZiKr2\~p{\\\ uu\0\5Ŷ\yM*d\rC\	:>p^FXܧC $Տ~ޞ]Κ(*g\(M<MA	Q\|XOM4n\d\^\0w\*N\UyKP	\n9\\\h\mIbUN3c)\\\\0ά6\y\'F\J+\0\7\\XC;\L+\ s\{,EW\׃\tR遑s{δm5\Ȓ t\\7\ZW\\\\r\\D\08\7/ZR\n(#\0w<7c\k\\5\\7yo>\\\Z;IQf:FDNw5\I-E[WT\*\@Vb6\xǰ#\퐝	@\7w\u)7L(%R$\\"{\kj/W\H\.u.$nN)98>\0G\ua6\&\nR1Xoq\%r%\֠&TL\?QM29\\\\0e׭?\\;u֊\\`G\Zsn\\\n^+gqx+\}Cdo*}\\\%l\"_7\YPeH95\Y@A\3}}\o\\+	ma`bRz\3\2t饁dxP\\/u`Nr\q\\+yy\Z@(##4iK#6IDo-\=1?m\"@gj\r\?\($	\0u(=2$\a\r\*\\U#Ƿp=}9*X\ǵG\]L?e\2j:\))\K<\S27:XH$3˷#﮿P\gߢѾ\Wd\\5J]%dD\1\G&Q2C~<p=\\\'xXu,ĕDz\\\'xt\}~\cv\bk\!j9*P̨|\»\T9\\^C*w\03j՟r\[m@ҥ\N\LN`\"\3k\ \1u\w0V\mb\7\\r\ZIO.2?c庡,1;\;\r-\[%INd\19\.<:\&MʒʒH(\ f${TK\\0\{7jݺ\\-5\\\S\=u7]礙V+H\0\\	?\l\\nPz\\|J\\Z\@[*\n g\\]e\\%\\VrpX\7 >\\\~\֊hZH\v\\<\	X0FI\?3TRJZ3PT{؝I[Ua-:\h\9\';R%Pf(Ƞ\'\s\0\ZC3\"Ru\ю VRga4g\s\\\\\zi$Dә&aGS\cIT v팓\\;\COSڬnR1\띻{OR&LVo\ׁ.uj\>K\\\JM\KY#\nG4,L\;X_H9\\8oJ\ Q\\$WI¼8e\>@Cej\n\'\m+\xq\F\)-9\Q[n{rh\_6Ũ\\L\bR\#K\Z\x\\g\S\\뚐(JN\0\\"`*pd\;na\\RK%Q\\\npw\"w;\0`\.Vߠ\$\5/\f\\6\Y\ZEHX}?\(Z\)w\@QRQ$\},h<> \\v\0dnd\E9\s\\:ni \QX\4\0N\$es\{9\-6\"XJ\Y>a\=F\mP2)R\6\ruZ\),R6\\"(\\\̕[u\\\5}\0\a/\^\n\r J\n>e*\n0؞0Fޞm\Z\-ajWP D\~Yչ\nj{M\k,Ulc\\Zɷ\CP/I#\' t\KI[i^ZQ3\\}\\S%\۩sTV{\:p#9\·\(\Z\44\ڽ&\\i\\S\\\Sϓ(A\r!rM洲V2Tav1\w#ž\\.\bY3\0IPMg\q\UT6H*n\q\\j\~xf(\L$|H$\\B\4Q؞\>XVV\M-\\d\fI\\QG\01֡/\\wHMM-0dW,,W u\}<B\)\L\\ozƾwdgAаs\F:yj~\w\\\\ruY8U1xe2%\\\s\\rԸ\_ρ\9\0T<(Pݓ :)\r*B6d\kLz5M폫gi\b\zJ\y8\ܨ\+$X^	\0,{\}^-\wRNfOr#צجK\%)cl dƜMR{\\ZJ\bb	\\t_HdRj\Td{`\v\\\\	 \W\M^PP*I.\0\@\*v=`NipDIG4,@X\0\\A;Y\\JBg?\WS\TCB!3O]+\"n\\\(7\\柔\ĭטRƒ<\n y\#84E,2\\\bp\\\I\aPIT2cl\Wed)a6:\<tz\oF1\*+\TIRS7oI\\jm-0zz[[^Uۗ|\)N\"F\`&s\ZJVfQIj \\\nmKZ+\n?Ƶ\{ȵ\Ҿx\3rh\Q\\w\0}񟶧ab##r{V/\ً$ #^Lgl9g\"\\\_i\0|׎3\\n\\\O\eø[Vw=Ϯ_)x\\xա\Z\u&R$V\\uDי4`yq~\s\JBS\\~aÜ`\\\DTUBGi\\\#f9$\,o\Z\"BQH,\$\\\ v\0vJ)4e0~\HPb-x\0I$ՆLN\\~\\op\;K*\x/\0f\1\\q\pv9\0 UXR\2}G\\0űrq\vןS>^\goh\\)^4\ʌD\cs!H\hT$I\\yD\?l\0ƑIPPL\NZT\'\g\"})f\\+0PUyF9c\\\'?#M)#}1\NiVb\\)R\$N`\BeHDj*dUY\c\=N\w \\n;\EAU\1خ\@J\Z\6?\0`\\\0\u\n#-v5\ǁ\>\\H)(HҠ\\MX³r\ؼIVZ\( /\n\5L\\<\I9p#\8ݝW~@hOI\=!^sYm\*)q)\n@u(y`fg;lk\\\\giö*\S\\e\Qi\ޖ:묩W Xdbd^\\\'ey\sl\B\y)\@QA~k\9W?\[M\\\rߗ(l\\L#\;\~\*k[\ԗ5m\bSeFpߧ\v]x\.\08\LbGP\w\Q\\\\RfַtB\\9\&`\Ziwm\r\W{-pQ\n%\\I$\0<	*>8|\\\sWv\)A\\yPێJT0p̑zd\\'G_\0mO1[K]5}r\-yJQB`ܕ\L?\.\'GR?\	@\?xI˽B\%7 \n\nBR%E]䙜\\\Q}Ŷ[7pVm\aZ6\5TuQ@=0휃\\{z\W\&\\aIPF\W\e\\|y\"f~jS\#=\r?ΧPRiMjg<4?\IOljtMN&p\\\\\\{j \((a	b2Nv\A\ȗOL\'ֽ\^a_\}I{-èkk\iڷJi%8*\S*\;\ B\W\W\S\ZmBIJ\\d]\l4%||1Vi@$\5o`6\\Y\\0ApüT\\nRc\0\!3@NNWr\D*n#\\0?X\\\0\|R\Z6QӮ79\1NEZ9,\\s=4\+!\Ek7(\\\߶u3\!\T$\D\X\z\\nK\6IX|!ϋ\'_(\zt\6\{s4ԵR^[(ht\\$қs\!Hcp|\#8$W>\YmS*BJ:I\\\3ڒ\fu,9)%!Aʔ\"t\)y\f\\jSt\\OW-Mh/\\\̖4\${9\FUxs\\Х\\\!#LBq\\wV7\q *Ԏ_/!$$`5uo\ͩZM\\\umAS&\6Q=e1%ArB]^B\G\boq6\\nХ\0梐TA2PUH\zU~\ejB\\\_\AYS\\1\n\\\'N\\ryӻ-+ܷZI4\R\\>x\ː\qxǀ/e\}\Z\l(IBLX\f	7{8ܴe\\m\B@)Q:N\0+4~S\rl}MuU\qR_V6W\G{1ku\H\019*ݽW[-\'r4\\\'˱>\\\hw45UQ\$\\]\icӎ8\\\^g\0\sr-\rE(\|ӯn/ve*2\>\nu\zĂ\s?w\jtpY^5Ƃٸ\cQS$\\Di\8\ݎ;\m\>鴩HL2d\	띅cqX\v\'J\\ϧ>F`W\N\b\].\u>ڕV\\7\rOC#\IQKU=9XLl\\0g\'[\xZ\\ndr\$A\nIR\0K\\\*Ǉ\0%d(J\0-\\&v\UߣQ\"yYnk}4̑ۚs,}*OnG\w\R\cic:L%zuv1\sXZ\\6:\n,\D2q#\;\WNd%m}-;抧:)ASܠA\JҳG\J\#\0\NKK鿭~\\lzȔl$1\	G4u\y(QZfh\0\}$uݪe\Jץ\H.%I\0oI\jX\\\I\	<\'\\'\۾j*\\zj\چ\?v0NL\&J^fH6p|1>O\\0m0G\vj\\u*Ky*\\\P\\hK/ّ&{^jfI\ǧ\{SI\xDei<\	P\yC,Xu 0|ïǀkOmȎT^N\EJV\gY`S\Wx[I\9_\+\\\(yq:\0>a\$o5^*jXDL\\~\\w\lD?z\:\l	8\0`\\\9BD\je\OCzP3ĕ\p}lN h\Ӫ:\Z(\Z(\EO(ޒn+s\k\G=T\d,pN~I\\\\\T㱯~\|l\\U\\\>aRIb0&j줘\n%*.`=\\\+Fצ䛂	\\rGsiH\8zu\n\\@G\\;\r40?H\GI|)CR`D7d\L\ \\A;F\03r\3\t\OJs7LrR:\f\\'v~\I\\R\\$12\2׋a!\0\fv\\&t\zNՏƸm8r\/PAX\ (\^3\\xy\7^\7i*\)\x*\0QE3RG\ tfO}uEk\1\j:e!S\Z`􍁯^\.xS\'ޏ*RAL\ry\8Nkֻ\zx㮻\[gJJjJM(2\0g\WgPǿs{l}\[\\'S#H`I\\;W~\\յ\R\(\\_\Jg\$_\	劦\^uܖ-\T6? ƕ\\)P\\$d\:\aEI)\n>\\\n\HShHBslJ\Dk2Lv\:o\\n]c7}ɶߩ\0_*|%\(\\0zX\\\0o\A\!3 \"I\r\rq\\#k\T\0=e	GY\N\I\Q\[Φ\gٷzSm4փ\Kr\Yyqlu)p)D${\0\\\>\v\ũ\n)neZ\nԠON\GF}O\~\$ogjk¹c\G$RXӃp@q\]/\\s! fA\w\z.ÏmTP::B$	$L\i&*l\z\\xzsҘX⮡mIuX^@%rBy5#\0ף\\ZI#\\	$;vכ4\WW:ZQJ	 )\'\ I:FH\\\T<\0\n\;\tŽ:p\n;Վ\\"n fb <?PD&Iq\A9\Mnܬ\"\Nq ;D \-\q.=\nBUy(	PfTLT-~xS\0:kzZ-k3CH\\=K)`#0~6_g<˨֣\6\\ҫ\\8\K$\`yt!\g\$\޵{~3Vnm\[{\PU]\\WGz\9r\*COy\w\Si¸FRF6Mb\\q%p\\8H\"$\`@\\0^xՎ\Z\\Sȫ=4[	$.\\!\Tq\n\>=--=\0\Wv\\F\S2I\F{\\J\\\JMUUE\\\\L\[R\,tO0N5GXGD{`3(\'sTc\\oʫ\S\\5\t\ͫsoԉ\6\\FA\\搊=!C g\!UFtԺ\:ާ\SdK>ӹw\\\Fqfuuo\0} \\Gx\<<\\$Q3H\\0\-m\m}xH\=\0\Aަb\OYʤmc\ϵM{\\\z{nU4\5?\\V<{\\QG\"\065³ïAh 4\`\b\_\\ū\q\(!M\ng\\n\_\c\uHzCi\l\tVzX1X\9pAnMǾyk\/[qe9˃ɌφC+a?\yNܔDcш\k_mċ/K/\]$J5JX8ʨnC\0\@\\~\Rބi\\c13֘Qp\\\ߤ3\h6.\Ir%RdP\z\\\\\ֳ\6X#zErk\;\\U\0ޕ\!\^\T)\P\+}\rX\\\\\n:TodA\`L\)M l~Z\4\Zͱ͈WXi\dș\%P]\\H\\s7sz\Y	y\QL\"(0:f~hųFm.3:J~Rd\Hb/Tv\j\\\GQc\{\p9\-!bҲlQ\Z\:w۾\ZJFmd\	1\\wliyI@CaJ\#\㓊\'p\\2\VԵQ\\"HF\\ny\Upr}v\F\\mJʊt\c=s\ƵJ\,G\\Z\0w\\6\o\SR\0>ڮ\S\\`[Y\-\0\cҥ\k=E0n\ms# r\=n&\NWxK\_\\\!>PN($n\"rN	駎z)\\\\\\^2{\\' g`-[t\gh-<Bdi1\\GM4E2 Xvg\j\0>l[u\nN\WϼG]_W44I]S\Z[T$\\0\\\'Ynkp.	\h$=zm[cc2DFI!8\}\s\ۨ<\p9\$\r\;v\r\[:(\xj؂	\\{\c\Vi\S\޲x\\\70J\\&pBg\j\KK)\H࣏QT*ף7	\Zc?(\1J\H\ OКbOsIYP\E\rP\E}V@9\Z(ܾ\m\\5\\"\\EVM\%uk{Üu\q6Y\A\"`(}\0\\o\\\BnQز\J\\\\0냻r\\K__Q_g{\x\\\\d$\\n\=GH3Պ\o\'\\\?\Ij\tIN\0>^fqq2\r-K4TВm\OG,f\б#\v=#Ji$\r\_\\L,ڂHh(yc2:ΞҋuFY\T*$\nϱld\Hҝ\y\\\0\wm*\\7ESd!^ER0z{w:\\\ʹUnڼ\kv\\nls\ʶ\nP\F%JIL^x[\$(:?Q-+M/Vi\w\Z\<,\kPdL\\nr\T:ư\0\j}@<\\HpF\'0O\^Q\_g3C\\\P	K4(j=BI\մ\o\MAk^`[*-IWp-\n\\\\۸{\kzmL]j1\\w\<Ҝ\\^2ZXX	Cz@o\Zǀ\\\!7EJ\\bhg\n0Uf+\n\\\VGkþ\\¸[\\ \\\bD{;pK{\ݒ\FB\\	\$\y\7w\s\\/v\Kf姦Eԋ+0\d\"`TeK\0 \u5ڧ`!ۦ\"\b7\\\0%φcaw\4CN\JJФzT\\;Ľ]7ɸgi\%\+c3\9;{5o\#[)\n\r13\?J\o_z\\\իЃ\PTA.r\hv\U%\w;$\T\\<W\ف֋)Kc\\d&\eĎ\}\:\&t\y\6\K}V\0\x\\\⩩\V5\(<,\\\Sy\0ru 	2\r54T$DpB? dg5m:e\\}\M\Z\\xUK\"\Zg-!c\\=*\^}EǔT&f;\!v\\[GY\oU\\\\MISMQMKi!4\\*FH$\\\nKOU\	$\{\~\5\wg\_SfÏsU\[\r<)\ϊ\0zr@y+s\\"?«	\Ӷ?:[\':\oIGQs\r}5v\g̨\5*UVr\"\6/W%\0u\&!#WNfa*\R!RI\0\	t\cjz\t\^c\\=lRU\i\\qdFy+ɤrJsUɝ|K6\\\F<L)\w&\:\0d\L\í[J\lk߫\Rn%4Җ\<:89 c;\\x\/;j$7*P5*Wye\\\l6ʂ\	!@:\`N`@\n&dfMbH[\\a\\\_5.֞\\Yd,Pԑ\r\\N;\k4\\X*\n,*9$G\	;\\)R\u(q<\ODNČ{hݻo\\\EM\u6\{^\t\ro%#a8U\0	>\|O\8ւ\\#@C\ -XPm\mrU˂\\\\8\ͷECWs\]KNvz(o0$`JA\\om	p\.TV\d\s\")/M0*\Z\H\1\0\Z15\[oi\}.-Oh\v۹T\\\Ef-K8F*Gn8ڡ\K\^l\'Tږ0\%3\do]\r\*Z[JT.ÀH\$\5Dv\\WVj\\=\[4yڮJ\LGH\+\\#h\r~\	\4$\$q5\\q^&\ZhYoTo\\NFD\k\^uV\Ҿ\ޮ\k\rM\\r-\\\K\\\\"$U$>KA\8^\06\n\\d@`zj..Ah8Zk \$LGx+\I$2\oabJ5*\G!uजcՀH\\r?KI`v\)gN\\S\Dn3\\}j54WY\7V\\ \\\j\l]Y\vjh)^*bW\,W㜌}qmn\^\|CEBLbLDAd]k̩ftBcP9_V@C9 ײַA27\\>\\ŵƷ\\V\ZV1\ \'#\	i+\Z(j(jt41\\$9r\`1{im.(#ӷC\>ڭn-\AH\\*\:	\3`ps\Է+\T#\\&Gk\-ζӞ\&\;e硳TN?3\Eh\"T*x접d\Z\[m\0\\n\qE\0\t?c)4QCE4QY#,\E+qvgy%M<ʡ\nK\YNr9zN،kIɵZI\\c\\p \nu\\'؁ZB1߶֕!E\5ndHr\8e`VXe[#\\cw]dlk\^%\R\r\\nL\\\Cj6\^\\\nv*H吉ZR!Ǿ>\xc\	&A+\/\r\_\$h)KiReD\DA5՚Q\^#U\"/Gk/Lf	7`R^=$\MP\;g\0$\\GHS(-\ \ 4J\Z[]ЈkTӴrQ\\B87©q;fx\\)q\nHA >\Ҥ\0]iۛB\\fەw/JJwF_-ݡb\7(\\3ŉ\'[\8xō:P	\w=Ǧ\q\\\#;ϷW6-IJT\\\\\J\H$铱0z%~\jg\h,\\Hv*\%4@\'{EB\J\u\ۺ\e\%km2\0`Ndm\\졤\[/	\nB\\8w9EhG\xCsE{-}&|\`\ʂ\a턟;wdd_v4:\B֧~m7ġjt\ϕq\'WC\C\6͓wk\\\N+j.F39-X\x\\uay(l\NGIfs\J\'I	Ж);0=j~%\\eܻw\5\z\him \ETYN	ɍ}F/\\\\gl\SX2O ;DGָYݳ\\CRP\(Ը##?ެ\;2m:z}\dۖp=E[#OZy\\b	PG`u\,C\tNI\+,TNTI=#\ɂfv÷\\.i=B\c\\}\r\\L\Z(\nyrubO\\j\I)p5Z\)\dI\F\A\\"/\ZO\\\\wL\\w\U%t\\|W@\8-U&p\1@\\7\G1D( f#қl\a \r@d\"\g\*Vxt\Iw\\\5w}\Qlg]j\]71<\X7,q	\\0i\Po\\D}$\\b\"Ө#IĘ0w\\l^lK\8\\ZZ\J\\\\+\\r\\${lk\Y\1=3\2Lg\"\\;A\\2;TK\\O\>Â\cܽ6j]\,4q\\r԰U\\*<0\_3\w<I\K*l8;&S\|V\rƋvӄ\'=\\Ov\\^m\z\\jZ^\]Ɋ0HvC9\rBǼMļB\QCM$R&H\'WCs \+\\\˖\I\-z\nH\5\n`G\\nSl\C5\ԻL\\\zzJ/c\I\0\\\uɶ\n\\09\#td\'	(Sv\	PHHTy\\VOqpU-\P*\\zS̬p>(3Ď\v\i%rTܐJT:\\\3ҭ޸ҭS\J\bykFXJ}f\t\Z\/I\8\UL´\4|\\\0ǐ\H\\m𴸇\\6t\0ӯq5R\.,\\+Z\nB9b6Tu\0\?\\8\r-f\\S\湝P\hx3\f\˖$`00\Z\)oxnoʈp%N^b$b\"bJßivn\*MC\\>rG\rqP\:\\㳩0\H\\h\f\QMC)8y\%d\{x\(\\/Ȝ\)OPĜ\\9m_3\\rw$db	\ΛiνN덑*\5Zj;\^\'\yX3E\Ur\:\\0p\\:Sy:ˀA\nI$81VmGa\P\RNAH\d\NH\**Pz\S:K\\\\+&Jm\`I$i\O(\	Faw^e\0\"!\ZD$y0	\s\2pŘ)D!KP*+\'}\0\$MR\rtu\\\Em7\v\\cBՈd c\Vn\6\ǵVE\A\jCEtr; \\E9+) ҍ7/H8^Y=4S\\\\bCrAdhNhVFq\%CӪ*}%q\KJ9%R&IX?Q\ny;3FOi{HLLvF$i#MrYǬ/Jr#xJ\\|FEpU0OM44rD̎0U\u2ۂ\nJ\ \5:(h(q\Vʎ(|*X\$2\ol\9\\cVI\'Z)9:Z\Re*=~ki]%\\\Xj\\rV$/\\\c\ε\7&\0)\33$\Ejd\'PQ>wk\G:mXx]dFWRX1>\iB\rH۫iAHQfA#J\\\\\\+Ӭ\n\Ɍ%]\\\'\Mk\M\_i\ݎ\]ڟ\c	k\$\0`(y@jA\m\m\\\ۿ6] )X\\|\H`\\s\\Z}JSץ{zo|\IH:ygROiɾ6\1K{IfB\\\\63\ø\nZ^\\\nX I3PH\Ҹ\\>\EzCWB\\\N\DT*d\~:ٳA\aC̒On\"kŷ\rxc\qVކ.$`B\\\ndcc^\\p\k׻\.\^\j|GM\m2dӖT\`r\\y\Z\'\A\'I#b\"b{\ּ\Oq-\\r$0[\\\	2gu\r*ka}\\\+o\δ}m:ݚS\\a0\\n\uB\8i\~Lq\T5\\ۉZJWWϒ&b v \~N\r\\iaE\\p\\Zc\r%eI\`	^k\bG~_h\[6tbDb6;+v\\._6Nη4\.\\%\0\2r60r2N U;\\z۰jv%ޚ\\\#\w\Z\f\]͛|\\0qw@yzOA\u\xo\r^\$(|uPb3j\ZM<TZ`!CX\GR{NLtH|\ݾ\{l\\Xnբ[\QEQ\Zf,\\%cq~ع\o\00\n\'9\\ISm-v͐\Fw\b\i\W]\}۝\04\v\\\\YDX6DƉ8@b;s7\7\IrJJ!f%[\\{\\cm$$8L\H3J}!x}\\\R7e \,LX|xkuv2$.:T\̙϶=9rn\+PQ4?PLm\m_\ƇS9\eQHY%cǘa I>\v\\ sw\7뗼A#ZR%ιRN\vkU	QlN	RbwA\0m\\n=E\meK\袾E[\bџ\\~\'7rI\]Ǌ|)VMk9DD\}\^]4>pN1L4\\'D:[M&\\r\fWRW\\w^j\R؊IF@L?Y->e\<C\xSI@RR\I#H{\p\xC\Cv\pu\mH* )3\IH;\0)x\>\*\DWFjӴm1V\,)\\||n]\0\&߄8j\K\n\" \\0\s=\T\*QeYH\\\'?)8\\Zd\s\C\n\v\۷n4js\\\\f\*\Zx\%\U\߰_\0\~\Zr\\Id$h⊌\u\}\\r]\'\\v\@@!`)2Q\>c@s\n\~ʷm\\;L~R\kH79\\'NĒ\\\2H}Wnhn^:\'H! \na5\.\,s\`ԡ9\Fr \0Mm\{\OUn~Gl*}\Ҵ\\n/\xnp\\|3t^ISiPD))\Z 21;\,ؼkCk&ȭ$˕\(8\'f\)\\%n⦭\5K\:׽3Og\\yEIeE\\n\Ő\0\l\`j2$\s&UX}\\M\\ç45\04\N\8ښ\ TRZ*wX\4x֋\\Z\"I8\[k\8w[JL#\nڧiOa\Z(s &|\LAN۽hQm\V\\\l\[>\\0?YFh`\a\f\׷\rgpճP$$H$2O^\Gr\\\G7H\n\\Q\032\0\\\ܷM\.Y%U\Y5u\\ҹgY\\Orr\^\Ia\^jy\\\zAVD(\r\3\HHNOOmu\ʁewFrQ)\;({w2C\6:\\\D\\x\[RJ\n\N\3\\(5CIE\rP\E<|9z؎ă\n+u\X\8p\g\80aH`;\H:\\e<A>RH߼Ȉ۽P\iYYndv#b \\"qg\\]{{\\r,ܢJȳ\\\\d(\'W	JP$̂N\\4\`	\m%v\r\lL\@\\(h(hCΞ+Rh͖SI։p[+ʊ\⑸\\a\:c~B@\z\#\f^Z%\JO\H\лmm\v\7HXQ%\,e_\\\\c\ל9\Vp2Lz}q׭\ȹ}\t1 nD\?J\`WiXgHd`r\nԈqmM>\$,BJk{X\R\oDRU,Â``\\J<\Nˌ5z̘LN73Ԋ\\xu\ˏ\rN\0\ȁ\I\\R\\[\\\ոZ\/}\	\rCK\)ޘd,[ƛ\\JOˑG|N#\\\uP9\0\'\q\n\\0\>׎\SpE\\q.Y\.of9*\q\z& \\\0Mt6Yw\B\n7n|\;|F\U\9z#oS\\\[n\Z[vPKNS,4}\\\틅֒\\B\S\I078\^x8wt9hi\,PJ\\n\\\A0q|nV\hڷ\ߩY/+/F\/\R\\n\ӂ0D*0^\L+\t\>]BٷM\ս6\\1s\ΪŸD;{\0IIS]\E\\aZ\V\ޔH}@H\\W-.\VZw:C:\ѸZfԶx[\0(ZShVBB\H\N\Nj\J\Mk\}.YzM\K|Y(c\0G(24Ė\\AddbI^\\jKBUX	II0A\֣x ]\Cji\gCI*9 \	&nY\U.tul*=ܻ\Ar4F\҃UsRȦb0@P\\\\Z\_\6;62\nD)d	\\7\ܶ\e#X*Q.2A0c\b22MG[;\BukYv߭J\֙C4\\4H\\0;q\C)sZ\0$kP#t\&+k\8z\iIe\\Υ7ʕ,F4)=\jT\v;}\_Qvs[6\TuO%EDIQdrF8!pƵg\\.\K\nyQZ`	P&{ȭB-\mi\jl,yPtԡ\\Z۟Zvnպ\f\\\\qM\t\uCaJ\'!\Y\1#>\!urۉhjOVdʀ\\Ҭ\\\jXi֒}\nT8;l#5\Y=^jaܔ\i\\=f\oEb8bSr\P\I:k\\_dި\غ`\\\Жeg5zw3iު;\/I\vxx-=M\:\d\nTT1\\T8/I𗁯xçqE-	g)Z\m4\\`qN<\T*eeJէF:Dn\&&ïWm\˞߷{-J窧\"\EɎ6<c.ҨT\\\֮n\\\0\0\nS\lLOsw\\`p\\0~P@D$\t>m\\Mѳ6Ţ}h\\\RZ;b$$s\\\\O\^\\icT$!Y;nGLں&\\	$ uKmN\\K\_Yb\4\\Q\nLZǘqVa|q@\u^\\\\U,+Fɍd\N\wV\\e:W\<u\?\ăRՔ\w[S\d\\4uRI\PoaI\nH\\\px\j\ \pJF\nT$TMݳ\\6\dp}w\D*c4V\\\jmڠ\IfCJ˻\\L\ۑ\p \\[Q\\(\	GP j0q&д8*KENsm\>Ps휖\U\V%E=\\Qyֲ?\\\*\n\`87Wjn\{uF\\@)\=ju0\\\KihC\<ѦH \\\0eDW_/WlM\\ٹn[x\n\ʺ覚<\t\\\\^\\0\\>\J\n[Ҧ\\Q2\6\\[*p6/(RRR \rY13^y|\\+Ψ\X\0\ؑ֜[	\3)1!B\\\Glj#\\ڬn\\\\V\n\$G\?\\XϙP̭\Z\ǀ R\\t\\\I\n\UН\y\r\m8\\$$$@\A8&j\m[\TĆ9cYcf^<{d0a\Sle\ Mz\nH\\o\\k~\Yb(h(quIS\r;\\LJ$(\0IQ\Rۻ\u.\>iAZJf\'\0J!ٷ:]UGSr4ԔU\\(\Ń\\H\`\\IRL\us\i W/۪+Ju?݉\0A\ZtpAāQۓ\{\eqOu)O3J=\\@\\\{~\k\\\rw\8I\s\":d1ƻ\~#j\uL\V\\d֍\rP\E\rP\E\Z<\0I=҄\c5#x\v\\\Zy\\Y^\\r\0&YZ0b\n]\zŊOuQ?.wr0\k\\\\\&Ƀ0\0Dd(\\\r\ڪ䡯	\$2RT\\:\\v\ \n[R{d~4\U\j\\r\\fz\lbKk-K%U2/0n+\G\@=5\p\íKHX3\s3;u\s\\ۓr+	ҢFݦqڽ)\=Xr^nVݳ(B\ܮjiq\bLF\09:\\w\nK	GD\v\Z\\)m	ndy\̣1\\q\+\\\_zYs\\\+\U\wULr7 \g}c[)toVʝEv\ng;\ς_\xu\i\\\]\rK-9#8\=uU*I*\7##͉q*@SJ\Ӥw\?(\k\L\/\)\"\+,%80IH\"L\0\0\fl\O\-\\cKo裨7dP?3$\Tl4>S(\p\\l\\]^(˧\\\ \-r}Q\QZt\\j:uNѶ\\r\M5U\r[QGB:BY}NM֜vVd\(08=v\"u8Vx{eHR5H0JI\\"s;H(:s\\Z\P\Wm[o{~\I8\\0dBU9n\\?\Y}\8\0(INt\0	Bg=DOۻjk\nB\\n\\u|Ҙa-\\\\#j\ٶeeloʲ\\qvYI\0bq\ajӃQr\Z*Ԣ$ˁ#WQƮl6\\RH\rdI%\Z`@1kܽ#\=\\Z\b\{\Jnmu\	~\D\\1J\\a\\\rfyiJ\$S8\.8\0\'V^`\0\\'lg84\\ú)T\W\\\5|=ղ{{Qh~eMFMKu\$\6Qq%#YT\0bS&A>\[+\\\ˍ&߼V]\V=\i>^yέǝ:G\B63aG0A#:\\/4\ZJ\\DȀӼ*s\jC\K\/_U\~\V1\n=欟LޢŸ(\\\Z\~\\#1F1\\c}\\\?H\6o#U\rv~_\\\*\\BV\X@\	I n\\\[\?dS\l0\_,1YZ7N%	Udu-\@\\\\$\\q\^F\n7\9\\d\nV\\\=K\V4mJ\0Rc$ɮ\_fۖ\AX#\\-\y9/c\NXZ\َv[HP+%R=gs\\\\ö\\IV>s0R6\\rS+\Zl{\	\o\,|y|(h3\l\9TVѥrD34\[;l\"\\n6\o\Be\4\\EGn\J-\*Z=fӋl\\V\&#l`@\AzRڞ}\)\\0cxTH\Zv#j\\\\˗3x6^!)P&	4\د\毫V\uC@Q*9eY\\'t9Q\,M\% \I\A\gbO\\iwjı	KiG=\\\\lG]\G\W$Գ\[Uc\k\=g\_XS\)\\Ag\\q$\\\<O\\\\QKMHIXߡ *\U[ݳ\TeL+\Zk*h\\$6^sW\}\'S\\PS\ke@\ӱ%#D\0s\_G/&\QԠ<\\"U\6q\$\0/\\\\0R yD\\:F\\ \FVĐN\\CUg\$\\6GrO\sNV<V\wY픻]nociJeYPx\u>q\r\"2\\$jUx*Jr9RH%E8D+\0\ t`k\lv\Ḝ5W8Bc\D\*2I\0\fQ_,qVM\^o1P\`HA57GSG\q[q\)\\\\0o\u6]vW%M4\\F\\n\P\mQU\\Uh\oE\zi8K \a\2\0y}ͻ)G&E\Iy S&\ąjR\4P\E\rVS\J7\')t\P\\\.\J4\"Vi殉e\ $\02\r\\\}\{n\zǑ@ĕ\'$8\;\+2\r\n\B\6S\PHI#\&cH,1[>l\+u\\O-\":\\R\\,nIq\G{Ʒx_`\s0psW\\CT<;œnGZ@wr)F\\$A`\'\'\AWISGS5%\\\<\\Uє\)\#yC)\2\]\kK \9mCQS`QCE4QYC`\3F:ԑh\\\ermں\\\!+O<N\Í@eB\nA\\\]bxZ\\k[T½\Z\.VNgx\\) L\	OB`\\>ݎ\n	(\!{ЭT^fiVQ\\n\JP`\i\ v\\$Δ4$uߦI\\nO*\!\0DvNHs$\ypj=dw	Y!rH\Z\A\+*pObm[\0\{EXz\Z\p발\rNx0\Nϰ\nY\ϧjrP, n\\0\⋦9۶M\\\0R Zմ[m	SV\"L/\"ϘĈ8\5ی/\b6$g\\'ӭAu`%9>`?\'\ z@z9nn_h\1\nku\n5ص\PA),\Z #\0X\\dq)JSΝK\'s{\\n}L\0ݥa\r$l6ę=\Y_>6?X;^:9Al֙4T5\\0\\G\L$)S_?\U[{\*\9[m\UJIMWO(8daN\5M\<j\`\18Pp8u\?;\n\\ͿWAU\\'m\e\zG\n\Ud%`}<S\'!:\"\-JI֜@\\L䁝Z=_\Zl\VxARYƠ_4b*A\\\7D\Zk\\U\o\BDO\ZARG\0\\\S@[4Z)!rܒ&BY]ѹ|!Silhu0@RgF,t67m\բm\կ\\Eb]\\\\\\Z\<\\\(6(\\N@ c%.\V\+*I\\\\t\\0@\\\"b֛\^\OG[$mOsgQ\LGw<{\\\q\r\\Kfy%@̰\0\bsDջkG-¤Y;\x #ʬ=zҗi6fV\W\\WP\\\79\UyQ\\\ֱxgf\x\u%(\ZIҰ$3	g8ۦ\"ZD\rhHJ哨\04\־\XR\n\\;j\:j[]\B\Z\',r݇/|\\\\\e:\\#P	\0g\Za\S!\\|R-\B\1q\`w\\\Z\M\jVda+S\T`	\\XqjS\\\D\Yp\r\,Yw%`\rn*|~\0\.4}S\-qh&jz\0 \8\\݅ٺeJJRꁄ\			\0[:o\S\\B\Sx@\HN\\1\\I\\\0<\EKm\\uM_F`\e\\N\K~6)	$%~Rt iH\\\QM\BŊ!唣Rә= f[\mXᐵ\ſLSZB\0\0z{\q,ѻv\r \@$¿\nj\\Z\\\\D\"ma)Ͻ$}I\6\h\"\vZt\Cdo\馪\Z\018\B\\s\(2ׄ\mW\S	` bI\}We\\\0\è!%Nt2gn{\n\Z\X\-\\ٚ[i\Z\veV#I\Ď \0\}uhYC	J\cIH\nՏkí7.\(s9s\0&I﷣\)K\\\]+u\"jİ\z*\\s\ծ\v\d8\A) \ϗq\=\5\7w\"\!	\rR\\:yc\\\F\b\=\'\6\Tm\lm)R\IGN/2*\\O|i\\"(\>i\FBR\'A#=\_U&n\\8\\nL	))$\0 ^[#\~\f\v\<NFHmA\nRː\\24\Z\02JI&1R\\\SMT=z\M+\0\edv*\}\\\Z2Bd\m$\N\\\rRd8uB2UHT\B`\v硫zZ[gm-T\0MrZJ\E	(y:\\mgot(\Z~dI3 \Ps\Y\W0\	\#Rp% \0b	\D\vwvZl涺Tud\O+##EU\+$b#\Ğ! 5\5\ӎ\0)d,iPؘ1\\Wk\ӂS2!P%ZD	 A$\yq\[QA>L4Lx\#ـ#u\,*\\4\X\]k\6\"z\A\ZgžǶ(h(|\\EK\M\\(4\XjT0={qu{߽\^\3U\z\%\\#l\Y\'\w͒\#JW\\zTyg pfR8\0>`z͍\e\iIT:\B:\\\\Q\pK4I\@	Y\d$̒II4˪0%\ԕp\5E<TIp(\!8\!\8\'\Z\8\j\s\$y\0\\0jׇx\2LDt\;\\\!\0\jT\\&{\rO\\0\\o\ZJ=)\ſ\?\ڍ\\r\q\CQQ4\4&vf\p\0\'i\mn \'ڢu\\IS\0\r\\}zm\k\R\\h(vq\\R\r=%p\\$c\\!X\^;lZ@\?\\5FnT\s3\I\Hcn\[ʦwN{[\₶\S\]3Ьh|g8!K\Uˀ\naJ3BBc\3\*\-^S\B[@H\&>\\⫫/\Dze\\ܔ\I%t2\Z6uS;W\:F\nU{1&\n6\@\'\"DOl\\ڞe\\)ҭY=I\\\n\>nJ~p3O\r\HؼF\0ɐI\S2\M	HSP]\<\!+P\`g~\&K:SӞY\k\f\\\~\T\Meǩ\{>\b^J\B\"FSrY\d,Z\%H\\g\5A@H$\l} \xt}\0ꥪ\Xr԰S\n]q+\aܻq\',mȔ\V!ć\'\0~\?*\?\n=\J~/\j\\LTn\\'\F}\\/mtڜ0$\Oi#J\x3\\B\@y\r\JέMǡ\0\c\",\u5\%^\\w\׊@NN222Xklx]	\\T)\\~tvm\Ke \uǡK\Z\'\){S5tVR\AAUaI\A%\CKH\nݕ\#\L@\B{f\Zr\a\9%($\\\>F$0\Y_6\}\p\GjG[J^LAy=\7e\{i^ک[mQ\\0*zmɞ\\i/s\J\\MJ\hΰ:F\#=#_v_+\*v\U=҂\_ήeq_.\\ÿ޻jך&\'Z	#\qҮZ\[˳m\[Z\?<In${t\\I*)m\_io\n{\06f(yk܀=N{\c\5\Im@9);\8Ӡޠ~\j\\JJ\=q\"t{r\p>䬵ڨ\Ի.\r\X)\N\9\\Q\\\\d\Xe)\\085\eW:X)X\m\\0F\"v\\Z\\E\\ik\ódE\nW85\G K)\r\!Bc߳\85+!+&DOETE\XX\IЭD\#\0\\=umIW\)*mywu\[ޤoD\X%\@\'\@s\XN$\IGI\;lF\u\C\M,\\ \|\\o51\Zu\Z{dt\X\{S	4\\rÌX\\\r\r\\r*\)0n@`\\\Q\Hy=+@+m̅l|V\Ϟ׹\Z\L.,\5bB\Trq[\\\yYjND6u&m[il)қi\4w)\ \\$beE{5>\Up\\s\\"_)TGV\nчE\0`S\W}1XZ^|bBVZ$BF:\N\y\nUlpB\\\\J˄&D\QԋM.]A\]u.ئ\]\m[\^F#\rP2[\0B\r\r\0\[K\9=\hk2\\.[1S\jB\:31\"@&:\[׈\:Snj\n\\m,qĤ8\0\rjX\\"ͭ#rI9\'\'1n1z\l3*\Rd\&j)\Wk(2c݀\O\EJ`mۛvm~M(JI\"\si$r$pRI\|(^F\D*\0ȃf\/!˶ChBATP1\\"v؃`@ζx\\\Ak\\N(imP\A#\\_\3yS\\\r\\<N\H;zsÑp}gY%@@&#\I\د\\\OKQZ\=hE)0\\YO\'py1brR;>\\ngZ\'\ N	Vd؁\\\xS\ZЕ\$̑A\"%\0lKx%=\\\Zs	\Icf\0.4\ e2C\\'\7\RY\"(3\NԶ|Ev.QЕ	I	 GU#\0L+\Zj3ܽ;\櫓館hE\/,cRZ.\;7\{8\88b5?gy\A\]w\ַQJԔ3g\$\0ޒ+*þ>\vƊ+##Ed\$\\R\"t\}ִ\\vE6\Lb*r\Uq\\=\S\xsKC\\\IX[pc\_mM5N#f;\d\fZm*L$0\:,?QeKņpqv\ˏ<\&I\2zc8Uxa\R% \\\\0cNi]E\ql>_R,oADF\@+{\\Ϫ\9\OX\OR;ֲ.\\a\AP\0\P6c\\=kx,Ul;:\\Z\pܔ\ۿ6H\" 4\"0܏.\'\n\k4qħ\;MH8]\k\\$\c\\HS\im\\jݝ_ۉx\h V\70SLL\5#\nUyb/p\Tɀ?f\0\tqWֶ\\[)ꥍ\\0e[탎\\SaZWzJ\\Ո\Z6\\L\Ōg@d#\V\\m}\n8M\\m<hHLcuL \V\\AѸ?N\]\\M\ 8L}Bġ8\nGp\\\%	>^\\3\\v\1R7\\BnHY1\N\\"2FȜVs\0\r\j\ z\YsMWy{:T.\\"\r$YBU\	$eC(\\\nJF>a\]bqڭ\N|k\_\>\\ڒJ誫m\Y]0\\\\\F%\_5.\05\qT\*&&_%\ %\q~BIAAڙ\I\뤡(_S\\\\d\\T8\\O%.\Q\0jduV\VV\ȝ\0\N\>yTwlwcs\,Tz\\O\ڡu|Օm\v\~ďcVj:\\'ƈCT\&ϱxp\\n=E\i\>Ã=\0\`שiJ}~e \\A\0⼭ſ6Nٵ\0\t\)Z\\=\c\0nWpx`\M\\ZV&3\\\&+k\<J\_d8\nV?X\\^\S\V75[\\\lYEkjt`\x\!q0,\Nw\V\J\\Z&\r\3+PYL3sG\__}۰\hRϼ\ӈ7fJ\Ia\8\$\+[(`\0O\\'|\t\$昶mwg6nf2Ap	33v^Y)\e6Ѯ\\E5+nǏo\jbpT 9S\\0>\uA*h#A\BWq~\^Jot\n\'G\1A\{.F\r\7Pjw\wvt;m/\\b~\'n\g[{RyP:U\0\'gy`X/0,R\<\~a\\+S\0\1Al͸5v\z*+\ﻩ嶠G:fc\KS\\\K\4(Φ\B2\\\0\\\Vۻ_8!fmㅁ\L\PM\\n=\y\\׸l\~<p\ا8R}\"<1\r8\c\n8ËJޥ$\0\"d\A	\Zo\J\s	C\!\'JOR?94jnP\\:m\Ч\y\aDceE\<C\\0\\\Y\Z\'#Q&$A\QWkYI,Q_(\\fF1%e\r<\r_I\h\e\d͹\+Q`]p=D\kwplmK8\\roVYy\K|*\\EqZXhX\"0OVI\Z\C=\qKBR\NN\\@\@<9 傂Tk	EQ假5ɟ=\C\%Ġ>TP\\t0cV\֚\j\WM\ͽ\\9\ķ@\\!YX\nT/\,\+\3cl\:)Hq\nHp\7Aޯ\\\ڷmB\\Z\\lVL3^\\ٶÿ\n\-;:\nq\\Tps=\\\\\\{\i<TJ8\w\'}\B\E\-\|mI\.Hnys#yI+\O\Z/~\"]Fް\\g\6kV\ZhP\#^\r\NO9^XdJzN\xihi	\0\0\U\J^Q@)\\?\kLϕ\\?6i\\\Z(\\Eu|F\}X\Gqv]\z\(2qNda\+*\[<3]\I\'OI\"$V}\\`G_BF\\_VպF\0WuW:zhKӯ..8UB\\$]vw/[T|HTLm\LDg\+\=®Eh\IAL΢THǔ\i\o=<\\\V>V\V\'\\de*rW\\dy\/pP-P#p{\=A\nߏYu0 \56\ \kxڵ4I=[fjy\ɗˊG\\8I\\\\\Zq6\LA\0\\\+_	_n\w@\`)P(\\=]\\E]*^m\"\O_p_e\\9r\!\2\"o.EuSհ\҅\):\$\Մ\\\攭-6%D:JqP\\GpXR\r<\1\s\Ë]Z^<\\oB	mEuB\T|\N\x?i\\\\"Wkl\W6k.\\s\ZYVAkᮨ\\\݁ϥ\OKjV\0ژ\\nZ;@K\O[\6\\SeާkIay\RB[<¥bB\R\\+v*iao1 Lʡ~\E\r\0W\$	e]$ص׮W\Z;K\\}u:EW#I#o0#\0x{]R-BJI\6\3\\ﾅ 45kv$\V\wxvE\\sm\0\ˌ6Ecڶ{\TsU,:I\x\C*8\\i<!QwLlUԈ\\\.\\\\\"`\'OM\9\%Duy\\*-\jKuE\܀\aq \\UHR6\(n*\Y\WL9:\dzԱ\\?\\|bYH}I]\\0\\\cpkM\G\7\?6\=r\\5\=UTy8dE\R=\g$9\\'\zHM\x^a\QV\sU\\\L>~\Uu{\MX\'}C\"3ΐ77!#\=\\A1\T\\I\0\\z\n\*\t\;\\\6\0Oݒr\pR36\0ϘÞOs(CC؀=D\}\\׌\￧\5\\\r=Ha3!U%\\'\\\H\	\A>j11NPx>\iz8W\\'#`if5HĬ\0\0c\\(\n<fqPc\{\d\Zg-:Äg9\\jӤ\֕8?}IMA?,\2H\~tҨJ\rx/^%.T\n\ۛ.\-\$M\"9jԯiIPrr\!r\\\j\\\\\\`@R0\\'\\Z&\"\Ѿme\f۩\vފP}eST\\㡎0)\\<\ܰѡI\\LA\\`m&+\\/\3t\B\B4+\\w\"`d&;EMmT\f\\OITj$Z\',**\˹Ɩ\iuS\F\`rz\V\_\Z\E҇~(y4\\h\0\\\/%5\M\r\3Y`\\\[W\VKPj\\{~\'r=Vа ;\i\E\a6~x`q\:y\>Y\v\U\"\\B^M\\?0\ԫ͟ݽ\t+H\\\'R	\\ndb-\\J\lI\\\\"9|\GWΑ淗\\\\\[\rf\SCR햶Ua\I\(]+\\[mF S=\":D\"E\-J|P:\0\0TIlF@\LSK%&\}\$u\\Ii\㈥nJ\"\\R\#\n}\0Q\w-\N֒\nyd\C\5b\\4\pVxh/1\Z9\ap$$	\'\ZzeLѥ9z:!:CV\.\0VNa``\\\"mʇ݂cQ8ZJ\\G)\Q\\VSdM;\n+\\=-z$[]Su&\R\+R\BOxi<%\%*5GOY\=\rB\\*S\jY\\\\\%:\d\'撠Z{s\,vjnIYO*C8[~\3R1\$ڒË|&53I=\rgh\zӮZ\\ۼ\nPRO\\~~\r UT\o\0\iN\h\\\g۶\xdz;=Li\\0D\	\'%q/\\ۘ\*P1\	{\7c\n\\\~/T9*8	Q:v^%<[K\⦿\-iAԔ\|nE甄\\cָHoaMq<YN1\峨N8ҡ\r\\\'hcb}JT\g\4䨧jKKMnޓ\&)Y)\8F\{h) R#\htA\\\><\IG r߳0\?}L\\2O-DN>ieTc#m[-\\'\T[\MSIZL\+\\9?ﮒ׍!Ԗ\\\4\1\ pJ\z\<ļRI*2	\:m2ch{N\ycy\\b{rN\َHΓp?\\֔Iy6\cIi\\\\f\1{\flշi|Z\wJI\\Z\ZiH!\32\I\6\V\'!SvdN: [\	>PI\1\種\Y\6\-\zyLLP091\y2ͅ\\\Z\9jZحr\ڵ\z\^\3˶zo\MT\;\Z*[\k4\r\'9H\/!P\\bKj\\\\\0뎺\\"8\OMXemWl[6c\Q4\ji)&\OS\Z\\\Op\\n*J\{ʽ\'Ҵ{jI\\5b+eMuϨߘ\\3Z2S\s!B\}^2\PV\\A3ǭYj\ۈmDNg\g` \\0\wo\.UI\$\\ͣ]dKz_qC,\*fN*JD2襘\\M)#s\j\.%CLY*\0\=a$g\\\{>q$ş^,;\0Y\+䒂\T^He%$YJN\\ysQ\Uűr]Q\nRf:\0	\0m^w\s\d\ɺ譹²w*\0N)\0HW\\`\Nz\?J\R(|W&L \03{|{\c$bAޕP|\J`\/\qG\;\q4֊\r2\'FP`\K\"\1#>\\&F\ޒ\(ap[vGh\\Wv\}1\'X?9I)\"\c\\(m+%{\9\h\n&BMTH9Vd<a\S\$\\\{n\pH\w޼2v	\ZS&sIq-%N\Un\0Ξn5}$Ƣ\V\\4j\UXrP\R5F\̾C+J؀F;v\\>m\\BTL\rH2$A+@5}\M\\S(\W\\\r&\x\\Me\"Fd\dd+\\a\\N>֫`0Ԡ厙3G^pf\\m\)I|j\n	u[H\u\q\\DZL!(\\\rzAʾk{\Hr\9{\SRDGp\F\\'j\0t/2\Jyn-\r%j\\I/\\\\k\\\\[^yF`\:L\#R\01\	\4<GH\#\[Z[X\#\eԀ\\u\'\~PpG/\\\W\ܗ]L=H\*j\z\\zuDzW\S<Շ/y\lClg`&+\\9~s\t dj\%#\\Ɉ6\0\å\\k\\v\\5\9Mʶ2KcLP\8\FGc8\Ҥb>BU\d\L{)\y\,)%\yqYЄ,@-\\nN$As~0S=\MôU:\Mo6\E_wo˔}IO\F2Ҙ\c\\\\rTR`J\&>\1XWK5o\Z\Z\S#_|\\\T>\6\i\Zl\T\K$r\W]\\qL\ZT<\B\!@L	\uω\y\m	Z|<)>RsI}d\gU.B\\P)\\0<(A\0c\\{uգ,N\rc\沮\ٕ	\0bO\\W\{cV=Mgh\\ˉ\\Rް=/\F쪨V\\v/wԃ)aMO\;\wྡྷUX1K\r]\Lt+{U\z[EO6\a#fw\nIǑ`\0U	\\"g+N ަ,[\\ߧkemoVг%UZ;k\ \*Fuy\n3rŉ\\0eP\R\kdv~^\Z\"\>\LX\{h)\(\7\cE\\rK\@\0eUo^9`}J\٢\\V\6R!di#\-\6-\\n\\Y[%\}{ap\0\zd\\J\\Xe`$LFF\\\s\]\xJdc\\IKc]-\/sq\[*]²H\0IG,\:\/\\\H\'q+a\\t,J=6?}myf\\/Mp_d岣{S	l e7=8#?!΂H1\\\Tֵ\\*\0\x|~^\1KĻ\UW,WUn$Ox\\\\\\"P,܃&>\\\%J\0VQ\ҝY\j6K#Z\U\\q3k\O7\ߌ?G\-ui\f	*TV\ymDB8\\10\9O\'Cjʤ?lں[\܄\\ZN\'{MY9:\\j\.˷:ahb\6}6e3\</iLϺG+0\q9^n\\B\	);nz\LDԃj4g\o*.tY$E@WʙV8\"UT@$;\Uͳ-\A&w>OҬ/\\7\0\\0\\OZ~#x7[%ޮ8-oR\`P.Ƞr\\Zb:Lʸ#O-$}w\}\0rk\ҹpt*\v\\"w[\SIz6I\n\\JCyd2prLC>\W؀qV(uR^\c\\\E\\r*)H\F22Gr$\\",b5l\\\\٬\	ԩa\0\S+n\;\ GZ\lw\li6.{}QA*{c\KEJ\sMlcߎ}\0L\Zq/<.~\y!4\kQ\nfv\0_ \YH\*?>ߝIn\Y*Yґ\\=O\3_>U\\.7nwG8X\~_dEF\0R0\YF\\\Rܾת ls޸\IU\h+*{S??o:L\?X,\nt`mHL\\c\E%\0}\\4\\L}4QCE4QCE4QY\;P_\2>tQ^\uV\$mJD\22ׄ7wC\I`\`\+J	&v5*\Ҕ j =Z.\\nY{KYx\Lvd\N\\U]\0Uf\JVH$@z\0\U@*ҥGHP\\6;\bk\n+z>\\%t\:\⢺Ryߚ\n>i\Ew1\p\0\q	\\Ӂc\ܙ\ZBldL\\\#y\nl\{\P\P\E\rVFA\Z(\\*	nn#\'^\Ԏ:D(\\\\"m7\Z1\d\\~?{\.6\]*o\Srd:Q\0l>V{\\\kCi+W\x={\/nUȂ	4F\#=35Y\"\\\t~\v\:\V\Z@ƭ\3z!ù\4xV\0*r\\[QX\rJtP%D\\r\Tچ^\\爽\SOQYlZ)<4h%-<-\Zl0\\JH\u(Z=;\W`zN	\5)rkQy\{eB\j)EkB\V8jŢ-_©ߨ\5j\\\\0:=&3\\Z\-\}Qw\碲\h\<us\F{\0$cS<Y\O\n}#\!o\\zz/Ƿuv]\\m\\.\3]w\GH\I\\S\/>Qd\X\mRT_oJL$@${j\	8D@	\\0\0ʽ6<h\ٕW\\Z%yp	 -HP\0WV!/n\ݹ`+zt0 .\rǿ_pf;&\e^\\\gU\Pc難5BS\'\\}4֔+)\>>t@sI\I\\I\\0\)1\{:X\~\0}\'J+O-e\˖\ܷX-֛M;\\\\6#g?\\w\'\t\VS]?N\Kp4\\>a|\;~K\[cOb/A\rqOD\Y\0\InG\ǲ\jH+_\w~y>\);`Os\*\r4U\\U\E+#`\G#\ų\ݲH$\=j\\Saii4QY:)iZ*J\(ai&bݙ\0\A\	\Z\n+/\|\\nEV=m-\0K$I\rI%;\`w\dO(Ҕ3U{(\\ƗjdMN\-\0\ƊJ=QY>\\+}0tQJ9B}s\:AJs}\K\0MM}s\oT}8ۅ=`;u_I4\jvoTNB\NӐ`1VR0N\\\0qS\B\;\q\"0\4u{=\S:AMmv\Z=uPq\\\Y*o\Laf&BJr\0\\H)\03\JD-6Ę\#`?\wps\R\PoD\E~ 7\?:(h(}R={\\\)V\0\\۷\\cQ\\j\HjK)2DH\g?\Z\EJZU,C1鰐ˉR1\\\\\\t}#\\++-5}6IQJzd=\\0!uE\=L\'(\T~Qcy\4\-\RA,M\rb\n\\:ЪIǾ	\0sp\n?ҧqk\ɽ0s\n?\Rt\w]?L7^cW\\:K\r;ȼ\d÷\YN\\w\0ʮٴ~WϏ^<Cg\&\7\nJ\$k\\R\"xƃ\'߾msuϧ\0\n[<00=O*@\Z,\\\\_s\+RV\r\\2\,n\\\rW@q(\0\0j\\A=k\-\G\#8\F*?~SU\`\\)A!2:^ݽ\'x|\\0I9\\n-8\߿栗e`\9\P\\U\n\.\IT\\ÕzɄ>\.B{r99!qI\'pB\0\0j\pp\\\'3Y\},\ j\\dD	>?F\0\t\n+#c%(\KIJ+4/VG\ZC8yH\"]ፙ3\@\NPribF@6\KqIޱ\\@\6\\n=Ovtӕ$q\n\\\\\\\H7;VKICE4QY\\EP\E:v\a@;r܈}}=\<s\\\Z\\Zw]X!#P$1,h\0\=\\0\9$\I\'BbfM\'),(51,900000029,'Apocalypse comics.jpg','\\\0JFIF\0\0\0d\0d\0\0\\0Ducky\0\0\0\0\01\0\0\\0Adobe\0d\0\0\0\\0\0\r\r\r\r%$$$%))))))))))		\n	\n\n\Z\Z\Z\Z##\"##))))))))))\0\0\h\"\0\\0\0\0\0\0\0\0\0\0\0\0\0\0\0\0\0\0\0\0\0\0\0\0\0\0\0\0\0\0!1AQa\"q2BRr#\b3Cs$4ᒲS%5\ct6DF\0\0\0\0\0!1AQaq\"2\BRb\r34\#s$5\\0\0\0?\0ҝʕ\kXUH\\"]YԊg*\G>DXљ\'n\\\n\0fr\\0@\0T\j\#E\ܤ\o.b\]\0\Z4,\\\Ǖˇ\=~\\-4r}\&6쒩\\\eJws(\HUDPY\\$\\\G\ic\\u\\\n\f\Mm-yz~~HP\\>yRǺ\C\P\iq\?2~\5m߳\i\"ĕ\lq\\kRbZ\ Z*\\<rX3E\E6%<v\gs\+?7iٚ\\%C\=ʝ#Wz\\*\\9\u]Ob\F(\=m^eq\!rU\4/B\Z{}$oٽs\۷Q&1\phFZlxRb _\!X}~\hwf(\ɕ\rU^\QΣGABE\y\\Z\aV\np\\ޥYج,fK\\@;@\(\8ώM\\Fu?9W\\Y`\\Fײܫٽ/\|N\zOt\m\"O\'E\kI>V\\\\#Pv\1\\^T#\(Xq\\Tg8h\\E\N}tr\'\`M\\rc\\3\s%+\Uu4\")\\\n;gʹ\05GsF?Uw\ZD͈\\\|j8gF:913YO\ >\\WsT\Axf@\\t<TI\\\rQđ0#\qZh]Uc\}X\7I0&)=֠ȌȝCI\C*ry\$ϱ\\@\01\\\č\5a\[Y\0Ka`{(0\\;2\0^._4\o˪\Vy\\Zg`QБ\"\']*\B\{.80`졍Y\E.$K+iۙ2j+=hM`j\~Ȯ&Eڍ)$*\э,\B0D\\q\#yRLxUa\0\\\?A\T\\\x\\\\Cߕ줮5^*z.j\'RK\W\L\'N\L\(\G\WqG*20S\oTUyrYj0\)nԛm=/s\s}7\b̢.\Ԣ\Z\\7\2zs;fI\bd\߲&s;\\'eN*6\'xZVSZ\\^ti4\`\6lرlqM\"\O<\r!\,H,H\r5\zYDo!lg\Z\\%h\ny$@\O\Z\\\\\r`\Vzog5\eKPFM\YTf芕*\q\')RC\nl4\nD\\Mu\ȳ.<R\^-ēV5.\Dﭔ.\4̓\n\I\.Bp\AKy\ٸv\Z-{\]Z\ii\/֕\Cg-u\n\YDq!\\)\\b\XT<\Ganc@^]\V\\%iOc\\~T\\JC\R\Z\n\\r^g+Bp\"cme\6)}Q\rv7Lۜ\0\8GFcƎI\8P\\\m^=\\h\\\\|@\z[*/]\fb\nn\UlD}P½j<S͹A2CI(O84\S?\\\s)Xd$\\c\\'\r\.sFB͇Z-f\ö\n)c\\\ilcݘ\CcTQ\\Y\f x򰲛f\\"5	+p\ae+Pz&/%\\@n\V\L\v\3qĐy\0\TS-O\u\\}6Ѵ\\\e1\7\℟\>ݍn>~Qc7\a\x~8%L91A \\\ۄ\L*OX\\U)\\"k&qq\qh\0\\u^D\SZ\ru:Ys+Ą<(vۂ\r\H\\iAuA\0#i\\\f\P\J\-\0*\\nA5\,[S(?P`\\r7\\F#r\\yqxLэeŘ{5SYf&\"%FOx5\8[$;jā`\"j\r\lc6f\4\rՙU\_\*\5\}U\\FhZ\AO`c<q\9\\0{/\\S8t7:v\'V<b\1O\˥29qLJKTҺȫI\;qD\Uuf\ar\ɨ\3@SC\'\G\ĕb8yn\r\\aSQ\\!l\\EbN\\	=\K	u)<{j\\1D\J\ޮ/G\\FmZ\\3=\B\k\\rU?\\\0ٽK\)\\a:y\\\˾@\\\R:TA\C\UOE`܂\0#[\n\\Y4\`~\\rq`9\V\r}\rp)0\n@q֪VkG\on+[\\ZQ\xӮ-zSN\rʺtv\#r\r\#n\\$h8\e\rPD\zWtL\\\"bb~\~+\ؙ\\1NV\Z)M\l/{`\\\0\\^h\9$͏O\+CmvN3\\A=L]I\Ě\*Z\Z=\ԩ\\V[h\j%t1A\Tj	\_ÓT\=%a]m\\d<\'\v\طy?\ra+W,P\J*3e\ށ\7ҔO3!PAjxB	\fb\\\ƲVXOI\WmNƜ$%E\\>\hߖ^#\y\[\AO\PJ.\ `	n#\8\\P\\{X9øe$N~&\\Ě؋\\*w&8E(UBʧ\@n]\E=}<ƀcnA\Bl((\|7\FwV	U)\~B\n-\qҴ6ޝ8\0\_ҥFsdFrL$b*\\^|o\^ﴷ\`\;3Buxϋ&VŠN_0\߾½%1@\0\ҏrI\n9LCM>\\\D@L\\\^}7\ښ#M\r\Jf4%I=+aO>߸\r\\\䠇r\\Z\\EWz\]m\0m\\\nEߍ\)V㑍p!\\\Z1ۡL\!\ǆFI\+E(PJ:^u\w)v\ZL;V|a\u\9ca]x\Zw\\N$\$o\5<U\>\1\oQnu#xv\\F%\Zg\\\8a6ƀ\yL^\]!\X\^L\"\\\Z8$!\"\5\o\\5\'}Ȃ-\ZxL\Q#\0\\\\=GO\nޚ,\t\hW\\\@e\\\\Rigk0@|QJ~\\mie+)h#\\\\.\\3$<z^boh4\Xlm\\\91\\\\:\nb}F?\E),k#BO\Oeex\*\[W\\éAP\_[\0\\]|\"I\Mo9[VP4f\\v\'5\"\az:Pc^V\$YKn>]\dgM\\=\\\ћ$\\'OG5\\w||wv\\9es![ҝ\n\"!\\\\u\?/\k\QȊuu3FI4ƢOƢ\>Km0\ZhöT>\\\?tS2\"i=u{^֩e9dK~$=bu:ʈ\\\0n\r\\=\\cL<,j{X\n8.xR{,oVvf}&o܊Wٗ\\H\w\\Tp+?mnr\^$ES\<acI\$\\:)#Vc(\;\p	q#\}\Z\\S\\a,0\\\ڟrx\Vw}ʋʫ U8R0\,A\(9RSk\Ǻ-Jg:\3c{45\WH1)\~Ŀ7\;SQ;> =Ǧ\\Wa\l\*X\u\oaC.Xncd@5 nʛq\L\=ڊ+KͰ\F\\Z\pȳF$n\:\E\0/c\\|\'j\u )9M\wx-\m-\|8߁VEg\]]Y\\S\;d\\C\\{\\\"R\!6J%$\Lц<V\\t_B4:\X0\\\\th\(\^\\'j9\P\Ą\\p5Ϝk#Uؗl\YV8	G.S;I\\\<\\Z\\.YKh\W*\~ZM#\\Z݃R*Wix\0\nۿ¬Sg1v̙\\"#(\4\q:=վ\nʉN\	]l98:8؏6D\!]Fߕ J\65c#/\ȲI4eRPĴcA*oZM\rpU\m7\vIK߈3\rTc\\5K>۲#\\NYQ{~ȓtݢϔ.\c_J\Kv\\+:yDc^\\\n6\\\r8!6\_\UTI\'j(X\]#};\\b\lK$\6srq\ղܽ/\L5<\ƞ-\n9\TXP:\\\t?\lƈ\O\:\r\Z\`T\ji\YKV~s\W˃Œ\\33\\\~w\d\\10aI\"\\Lܼ.k\dX*\JU-^;rp:\\{\\ۅP1,\\rsO\\\St\|-\0\nݐ9*!\UcW:\zw!7\ΚNX\5ҷh1\?YL_N뺘0.\o&9@\\UK6끃\0ѱI\mq\ѥu7f#\R\7,q沅\\}Ey\3܏\{m\C\d\\\\g\á\ZAC)\V\\\d\'@\k\K\ \_\n߲N\0+\|\1Pn\mqE[#\\*;$\p\J⤩aE\Ec~ƸEW)\Y~c\n+\\<V \\<\,ϋ Ԕ:)֍.!\'\rXʛ\n\\<qc/QУ\~Σ\I)\\O/\'3ՑŃE\x\\\\\n\ϺM,\$\\eCwsũޙ\us\WmҪ(Ґ^듻\_9ЄHN\n[us\\kP\n]@\E\$q\M^RZֱ4\5ӯ\nZ~t\s@hi9t\\J<yW7\\]L\ŷ\n|f̿G\Q7n\Ԍ 0\RmZ\x\ytI\^\\Z\0ԏ8ujB9wԶڐ\w]u\d\\\"\̸x>5=K\\50kh\n\ GW\\\nA\#aM\nKvOmU\1\dƃ\^zj\!\p\C\n\on\"!Ɇq\ZTJ,Rh:u\SW:{xv\6\tt\GaҦڂyi\\V0EP\CV\'\r8+@b\\0\6\&\nN\\g@Z3i.#`7^\kIfՆR\t#c \L	\0P2(\|\ԋ\\BUAK\ƝH\\[\,0Hy	\uYBɍ2~\0\\B8E\&\nUi\SQ\mnٹZ0\'e\\P2%\ȉ;u׼W\eJ7\nqV~71y\^坳\[>\Ĉn\Z(5\\r\\\dI\\\K\`\R\:A5\<\*\z6~N(\6\aFe\\cwcå8\FDG\'4\I\\"\r\9\\\\\F>j49cwZMѢy\0\yrG֌۵j\Bǃn(\\\\\fes\"I.53\bN	!rc]k\1!\\8[+tq3/\\Ի8LXy\1+\0Q\9\[\):m۠O{\\Z\\fc\0(1@a\k(c5\\'\D\V\<V>K[\!\s\'\\n\5\Z\l~ҥ\XŸH#\3~	\zeˊ\H\jkjr8|2M\o\z\<_\Z sZDdȍ\,lN\\\e\[ՄrC*x\rO8ڏ>\\=wN\ZրZˢ1\s\\iw\-\wtVͅG\\5\w>eqrCG\\5!g\ZV\\0@J\\Zp4y\aPH\߷\z+(T/\\_?\wfܦ\߱|\\P<\'\\^,F:ÐИ\Z\+h5\J\\R\Piۃ\<\iKH\H\o\\vvSXQV	Y\b\r\ \"\h\A,5\Yg.\O\8\hJ\\tH>s߶\5&.\iy\Zh\7Q\m6Ɖ\9x6QK\"wԪ5>!mj\\@Xޒ.x޹q\jN?M4-\Pc)YXq\+G\\N=Ax{utHȶi\\\Nt\\\j\2_\Zt\r\'\u\\n\r$c\b{o\D2|\،u|S\\\\\V\c{:\灍\\"5\9M\\\"w1[\I\\\Z4i2/P,E\)I1\wvVwYb\0\n\m\Z\?Ja\X\\\\dp\h\0/n\ZUy `y\=.;8k$\Ug!BG\\F\\DpIPȁ\x\nߝWpz0HA\X\ZJX!=NG\88?9e, q\\h\RRlK\;1S\N\,\h\ӜU\Y\{fߵ\a+\,}Pxw\rV(Da\\h\\\n\0<\rf\\8/?4q=r4^ٶoY.\\rt\\N\^\]I,-\em\{yrA3߃t&hF\\\\\32dpČ/\"j\mg?U\Ɉq\6%z}fm\g\xqQg\\\nku\);f\[qC\n\"\.*g]n#\t6PznWE1pzdĉQr\\PTiLE\Gg\'Ǿ[\#P<\\\\0im\00U\\\\gK|\'O묮㋵\O<D\U\\om߽@\Qdrډ\+m\\w53\\'\ 	\\\U:	X\@pib\lc!n,\r͋6Y\0N|҈\n\3\dWK\\\09psS/7\F\n\*)|P8OF\'w\>4=3A\\\+gKh\\s?|\\|?=\w=\Xq\\)-\԰֡8YY\t\\\[\J΄>\\\m\*\\\l1O]wZE`Ǔ\b xc]OKu\0h.6\8\0\\G\\_\5(}\\\7/$p>LlZ\\ktxֆf*\;\ \,V\\c\˕H\M\!F\\{*\ҭ\rGbDLm\b\5q<\m\P\u\'\8{i\mM*G\Zci#:W-i\5H\j\9\\ͷ\\r\w\G8t\8Z>O\ҟ\\\0\+sKN\	5nkhv1M\jR\Zw\Ȫ:wլ#ip%S\'\VA\Zq4Pr@\n؞|?\{޹k\r\\\e7o¢eyTD\0UG\StkF\_e1\\\G|\yMd\'KW\>\A\Zڮ\\T\c :\\yS}k԰\\8T<FE*t\1I	\+Ь\UȨI\ˏ\_w:W|K\u5uNGVݭ\[SXIT\\R{d\o#x\0	T\\r\<k\0/9\?{k_\Z+Oז\\zN+xO\9U\\ߪŎ$z\sƼUˌ	spm8Ax(z\'\RE~\MX(һ\T˶\\Xb偤j\,AAO\;+*\\0^=*`\r\o.tK\]H;K.\&\t\\\nJ\]4k\?\8[n/\Z^yli\bk\\uj\\0\\r\\\\0J\t\\Lr`!\~\6\ȧOm\\1͇ݴmd3w\_L~n\8[T\\BRb\\\}G\+\2Ԓ)1m\\Zh\\5Z(ʪɌƾ%Yi=i01E}}f\\\n3*pR\'\o\\\+\yJP);H?\0sݳ\|\W\uF`udǷc\,ff\c=%ڤ[$\d>\"CƘcݺ[	vC>wa\5ϙ\痷h#\/\_\fk\c0Mx\Z\yY`:=j\|\\q5guۡk\À*>d\]Х\n;+<S+@cR:]\\ޙ\M \w\s\k7W\fc\Ёi\x+G-\&n-~<hZ\2\\\V\5WGk\\\ nǕFmXݞd\\\ȇ(LX$\-ύ\0\V\\Ee_~IRET\.m}5XV\\4\0W\\T3σ\0;tXŗy8\%QԍqR\Zۭ5;em7Z\n\A\"\4=\N\DQ\cӏy\\nNR\\\s?\?\Ѝ9oV\'x]cpS^\\\H\\\\!c\*L]#q\O\6\!\\u^M\ޯ\RNuu^e\\\o\BM2څ\0έa\\dʪ=iesA/K\`lG+U\Z\\Q\\\\	R;\znl4\\0<mˍ,\29z@5m\P\Pu\"	J\\ZTM\KXp58I\Z\\*Sp{+J?f$0s,g2cn0=\rTҩ?xU\%yomi#UAvz\wǃNEzpaΊ(\>Dy+Ov\J\^ߪ/\_Wՠ4us\\ת\\idmIlAЁ{?`[X\I4/6D1\UQ\M|MyOq\JSk*\l{Mbw\\~)h=?\Qq\1\z\\;שf\\O˄{,\m\\V^n\w\n\\\ޔژ\g3$^\أ\7\rc7\\\\'R\|8*~r .\g)QzP`ҪOc\e7[\<i\>\\\\\q-?\J\\3,I\'곕XƆ<\\\صi-\0:(\[2Le*T\EJ*\П1\0D\cjV\;}Φ\5nFnO\M\Z 7t\\0L\"\/]\0\\xF\\\\'\~75 h\'̪3\0d	Rǳ\\i\"hU?dF.=\ٌ\\%x\\\C\\Z\Dƽ1\"ă\0\nob\MgO3\\TZSp>\B-x\ ǎn\r!\o\F?IL\9f\D\f\E\\ӉioeZ]ǩ=\zƖ§.?213nQ37mU/\\0Nަ4j|Obh\&NK\0\\Zdzj@L\;]Ž_;\i/\@>\U4[F\B5*\x(tA1\ʞu\\\m4j^F\'*)΂V׸OV\;BA\n@%i`\[9\Ukնm}.\b\0w\Zv*ve\\#!1.!e\\svYr\*M\zxΓ:f\XT}Vv\\鶪\0%E+Y~͢o]\\v$\3\Y\n9nV\+\r\tFIC\E\c^\	!lǙqG\84ثTmٲ\0|$E\+X/R0U\\%D>\'B!\\\\ŋ\'ҝZF\\\\[Q)@q\0S)eM*x\t\Z\§kƸ\S%D\\T[:\i\0\\;id`d\'\0EL@V\\A\܈O鮭3öM	\J@j7\ZQv\wW\0\\\\\R1\y\\>[N\`SzcX8}3\\e\0\\0\r\\\'+Ʉ\n8\aۄ\'R\04+QB|\Y;Fڅ=?\K\IV>Gp3\Z\q,ؼ\\eǳ\+\\A\[UJ\VE\90\\\\O5ɃڕF7e*>ZqRa^Xܖ\rh\qQ\>#~\Mz\}x/+xc\ܵ\\LX\.CW\=o\nW\n`\\+\̖vP\\?p\Z\vbǍz]\\\M.Q:ު<\ö\nEF\\\McY\^\}:mTrv\\&*T\GF\0\\ќMfdg\"\:\Z[w4PL]\\\\n\`\\#q2\ʈHK1\ZUYcFV#\VOj\\{ô\33!M\\O\n\>\|v=q\0\k5[\\3\\R뷤JSS\ ll򏗉UI~֚{+J&&5\\B4\S3A!:#AeQ\*oy@yx\0D9HFa};\<e\ݨSyA4Umx\\ϖ,~ \0\3N,nC]a\HZv2e;d9\\I(\\0\\m\\\\,y/֞˺\ʻ|ǎ,=I^C\\[\\\MPHƥ\E@.Miu\.\Z^X˭\\\]AQm6]\	O2K\\a\x[PT^\B\s9\\\`\\@2J\&F<rmr\60d1¾\m^G\\Ca\0+ڤ,NXP\04t\J\ql+l\aL\\\ۭPز2\/sݳ\l@q0`=H׽\Zuȩ\mtI1\jw=\&9bk\6>A\ͪ\q\;:\qQVwL,2L\\^%@<\\*\ZԘ\'܉#-zn?\c^\\OȝFP0\i10\\<\Q\+b\=-?:O)W;ƭ>̦l\0*@i\\\uX(㮴oh\\.ˁ\0#\MeXgj\\җ\'\\	\n.@\\Z\\f\\\cK\\jzGΕ\\-xrnC\\\\\\ۄ\\+0m\fyz%\~\\\?M\c!nbۄm\r#y{\v-\xY3\2|?ECTy!,drQr\qӅ̧\!+\Lh)q\ܣO\mmb-rì\0(w\\_v\M-\?AK\'dh-Y%\\\n1\\n?%\T\\0x\YO2\~FcO&-IQ\0Qv}f\\\VjdBx&,+\!\\\\@\`\	Y<Ol\<\r0O\ŏ\V\\nE)H`}\0\bˊ\)OM\\'V9\0\Sm+c B\:kjk\Ժ\}{e,9\0\\rD\u\\\o\qSF\\ibc\\\HZ0b:D\6\Z8\ERlLRqy)u>\KRՇNQzWV\"\>\\6\L8<>bTh-~\k/p|7*kr<\ߏTZn{q$ŏ!3F\fL\=C6!ijg\WbYC\jWE\0\26ۿ\.\0\H5Ȳ\\=\\\\Zަk\Zi\eHzG\nceOӭ\\\\EYJ\4\\]{*\ŇU\=lN|xS\`32L\8`sw^v:O)oo-lZc\$~^<aW#\jd5vՋVPPI\\g\7WR٢\\9FI\\`g:H\ƈ\\BNSʾS%\ =Q\\"\!zsZ\\\W\\&d\\\\܅\0sc\\*2aĸx\uf\5E\W\?\?ML-\+\Uf-\.h[ڥkl\nu7\1\v~M\\8\nq\\£M;_H\^8Ɛ\0Pi\:\O!\V\/sǈB\>C~\\pQ\kVybQl1\\+EѤn֥LO@K6\r\Ud\\WJ\jp\ߛ\<{\\\\d\W~\U}\lZljR3\\X윜Ɍ\d\n\\\KU\FJ8Cd\\E	0aDLT\\\Ƌ\\I?|)bSf#͎8ۧ\'pa\\\V\\l1\w,\щZϤpڂi\'>\nk\/\lޜ\\v\GZlBaM\n`bÛ\RӺ\\\>$\#xfDc?\\gK\f2*\"Y;MHY\\lt!o\n\0;k\a!o\]%dk\\@\SO_	N>\r>v\\\%ܯ\Zth\+\̞\C\\<b仞&T	]lL0 95IU!\\\Z1cK1xȰ@9\rloO\tx\f\0i\V_y\XA@]\:s2\\yI\iga?z\'n\~cw\\ݏqW\\j)y[͝E\Tw/P\;&\JZluLu;\@=\y.i\\F$\0\~\'\+<u1\OGv퍲zh)O\3=X\ 26>܇2Q~?\n+e\\n\|\\Z\\8)\q\\˧\QZ,}:Fcssub\\\Kx\<_\4V-WL7\x?-@U\-\Z\ꉡ9\3ޤ\>ۃvp\c`\ظ\J\kJA\T{/:NZZ\K(>pǈpAV}+\"{\Ic\U\c\EXHxU\7\]$\\\$Ƀ#\Z\.hֱЁ8IZm^<	\#\C\\\nc֞ƮS^XxA\.\\ZO$eGMܛW|_\0{\035#\\\:9p&qS푖&\]S\"\%l\y$/mG*@qiƑIҲ\\\\uX\\Uq\x\2.ֱ챫wSZ׍s[\\ +f4: \[O\Bd\}\\6@8֨\rED-\\0jxT^9\\\%8\\(\6,0\0\-r{\\Z\\'&\\n!\\y%\\4Hq\\WG\nm\2\\kNڐz\6Sǲt\0\Z\n#1(pE_̛ˁ\\\B3M\\Ht\\~U\,\0\1;$>f\'\:/>=\"\\:\suc{\\ko:kk~\\z{a\\/.!\a};lg}\ǵcᅾ,=\k;2m\ M @\1Ƣ\X\C@<\>څQz\q6\Mzq\ϟqn\\H-:\*U߽Fu\\\\ZNd/\b~gBݶƣ#$}\N\\W`J\ ^\ı9DI&\5wj\\ӒO\*i+\n+I\'\u\*\!\~Y9\ďX\n\n_:\"\9DHPߤhXMd=7|\\'.BL;d6o,@\N\4C\Z\'\n	S2x1\l\V_1՛\\(\[\\\lUࠟd\xB+E۟\\ftES:c\up^\ڃ#&ϖ5.uX\0iﭿ}Ս\h\n\K.\\n+F#0\ݢNЦ1$X\'TP\PB\nN&a1m~8.1ǌ\0o#hd=3r\<,\Q\Fo!*\f\ܥ\;>:\( m\\\F\~5\\\\O\ݦ˃\T\	[2OUͷkN*\\4ۻV\-U\3LNF\6yf\\\$\83YJZ(Rt\OA\\Umj\4/ĜI\\VԿ-Ϯ浸\\)k\\z\b\\l GC~TJak\Z-0\),c^\\a\kʽ1]\r\\k<M\?i\r\\v\UY\M^;z\)zmCڲi\\rE\qw\(\}\=\!\\\nYR/Bv\S5q\ZJi\rabg&1\\\qU\Zqffg\\@MrB\n9YW\5G$n\P\sޢ0\\_W\f\qm:JN`qr.\K\Es=0\/d\µ\A4\'Kq}om~`\\]\\\F\\Z\\05ذ\|\\ޯ6&!5u\ZvQU44ҫz^Kt\\ޕ\rO#OQ7\ʚ\I<uUl\nF@5u\̻vB	̖C0\AwX\*xd\$3NzaC~\婤\+{jQJeN]\\-Me\\)\I\\0,8¬qTS	U&`\\\P?KQ\\\kt\ZeS\ZцNJO\0/UXє(c\՟4O\xcFn\5UXSL\9q:5鍇\cI|ue\Ȏ\"1\hv߶\\\\\\Ky6x\">\)!\\cٶ~SI\\\0A9}&\\_1\\n\ZV\\G\l\Y\h?+\n\0i`4N\ڰNs_j~#\m\v<w>uӶ$?h\z؝u<\Pe\>\\\,Eq9#e*\G\tl1cOK\yi?\\Y5Kʈyֿqo\'\R)W\Q+\?	C\Kw\6\\kq\8Sd\\L?}+\kx2\&dPMS\r\)\HO\9H4X9ndL\Ԧۋ{o\͙`Dz\Txx\\ȿ\\Z\`;\Eɳ`\W<Y\Nfm%\6\H\\Lq\\rї\^^7=\rFP(Ҹ;Ԍ\ٵ|\P^>\$\\0\Z\nY\Za\\\~\-\}\'\G>AE4^\R|\\0c\Z %ߑU\֏\Yd׷u5חT\'\,Șء-\\\0\&\\5	3Dp`_W<w,6U\x\\ xW\}ԲѠ}\'\~\0h踈øW2L\3td\\Kņ42\\\LTy4\G:\'4\-8¸\Xy4l$8yɋf 1|N@ep5Ϝq?\\w-\c1ۉ?/*h[_P\ò\D\3^[\ϸI&sI\\\\>\힣\U#S\&[M黃o^_&n8$VHy{\q.AT?a4\L2}6e\\URE\0\#V!\\\\]\\H}\W}\0v\<\\\ERdb;\8\n\u)XsSX$\\n1̷E=D\\K=厖WA\r\Z3?WqW`x*q\Z\J̗}R˒Xpa\\BP\%G:61\Z\B\\0\\W@׍A\\OeXQ\\sq{\ڒܝxT\"-F$4ֺ8ԖQ\+\nsrF\Mx\z	֡\7BG\RpBXTa3\\ni\@-ǺWe\ro\ѯKl\ηt[<Q\\\u\>ڮHU,r\kiK\\fَ\0}\}AnX6˜5\|\Qlܱ4.DpFxG-\$\{J	qӱ{}Y*Is\Z\\&[6\\P\3wC3.|\2[YOS\*@l5\'2gdt01\\r\\P\Yؑ`0!\\H\Z\\\x\\.P3κt\ێ\")$%\0xXփ\\0\\\f?\5\P\'\\0\>NK\\\Z$C35n\sQo\No\oww	\\{fـH\<S?\Q[+$ġV$i\\0TӤY˛LR6H4Z2x#scZ\EmȇF}\'Ob8i\\n{:*;\\\!+:)4\\j\R]#}\[k˲Ǖ1\\\|1\T0H \Grܙ\\첋Q\\/Y\i.\\f*G\Zw\0yנ\0K\?J\nۄ.i@teR\0Py(n`Թ3g\:\0\Z=d[m޽k`6ղ\0e)EҲ^Vq\m\oADJ\0j3c\Rp_=1$Pz\\nIH\\9o\\\:\5\\hۇmě\A\\\'K\\\w\\!\\2\'xp\Z\\8E-E\ǌ5\\ywSι\m0M\r\r\	9ˊa~kݕo\]\׽;\\\EGh\ԛ\\tA\\o\c{\@5\ \7\$/\)\{/4me[ǧ	҃\i\\\\rz|\\\F=>|\Ҁ\{&S\N9\+I\\K\-v1ʇt\p\Zp0f#ȒP\1}i\2\ȡBttDI\nKv_ZS\n\\\5\Z&s,t4y3\m\rJOe\Q -\mLrSF@\o\a+b\mnmʞX\4\\F\\n\\*\\r\=?3v鐯\nT\Q\\Z4\nֺL\fKq܅T&\\ZOU쩴eBas$S\9\YFgP\n``˨b1-i\1SB3\^T\\8w\\\03{5\{w6<%L\Nqĩ\Ɔ+s	~V\gLM2\܀\}@\",hgŵns\a\\\zM^\님<݀\6G0_\Kܻ3_$!x \$\oj\&ou\T}<}5,\3\5mX\em\wJ\"\֜\b\\\vS\lwO\\\Tb\ȚzqYӥȎJ	\1ħ\HqY$\0Q\\0\o; \Ct#3K\ub=\|\\\\nQ\/\yL<|\[^\\\hU,V\\\oMn.\Ow\z\{cKڿ,˒VjL\ʞLTg=\n\ (;%[\r\,x\\I\CbT\<(<1\\>+</+* 1_\5\\L<_;!hp[{(KS,\[8\\,x\7V?\=%\Y2!A\nlU\\ra\'Dj\Z;tr{(Z\ʑP1\%\G|tLX\\죞B}\'\r}}\Do,t1卙yOM\0MAƝRnч\\\&1`zяmQ\K,\H\g\\'rW\\ձ\!,zRX[ES\K#d\{:bM0\\\+袡\\6}1nyf(E\(t\ls1`ʌ/y\Uf5\\\\A*\\`D?\\\ٷ09<h/oR0Yzz1r\\\M\\^\>k\n8r\\\<\64`k#F8ڳxn/?e\'󞷓%\")\yJ\\|ƕ\(%o\ܙ\\\ǂpF\>W򼝁%Oű\n3I|2kϡzfK\`Fʄ\@4\'\\\9\سPD\\\4t\\$q\ŃP\.ړjKVp!Ù~U\h_Qw\nm	j\v\PR\r\bn85oqr׽)̀E7sǥ}U\Z&\F\¢\\lO\zgV<H=MGe`\M,\B^\D\S\b\@rLt`]C\(V\v7*L0\\4\̍\$A82\K-БQL9VX2\\D_.\(gCߴʙ\-|\cxI@\̙\yԱ0\Z\~T Ӎa\\$\0M2ʽ%Lh\\KnΓ\Pr\"E0&ق\\\|t,_\7,=\\0\0\zQ\\/Tl./ǅ\\lO\n	Z݆\Jf\3AR.E)ǡp\\g.A\o\\rbOײ\f1\\ZҕٲFRYj\y[:scA3`Bg$a츸\\\I\"\qaS\45C\%v`dŻ!\r\/%%ǃr%\=(g\}\j\1$9cFk7^l\\XT R)cdns\+|c\d\i\\0M\e)\XF\4\%e\5\Y\\}DpsM\]\\%3\,_\\'|\F\/k\J\7\?\]\_\\=3\0\vZ:T\\\0\\ꜜiR{Ҽ\\r*Ue2>Y\\T\0\[=\0\/\\\?n\ZT~\ڷ\0\\\v8\\~B*o	@qv~\\W\J(\\0i/\0F*cd\"9uU_\\0\?\G\0\Zҥ\\2Ǻ\\0\?X~\0	\R.FWo0\C\O\ֳw=\RK\~#\*;\0\[\-_\0\4TKL%\0m\T7;\߈}tSZ\r\0\z\0{\$\F*Kg/\\C\C\0E(J|ӷ?\=\,\W\VҥBs2ſ\"vK\*\\u*T-g4\q\0z\ltS;\\\0~\\NK\0u\\*T\R\\Ɵ*UУ\3JNݟm*TO\');
/*!40000 ALTER TABLE `advertisment` ENABLE KEYS */;
UNLOCK TABLES;

--
-- Table structure for table `advertismentscheme`
--

DROP TABLE IF EXISTS `advertismentscheme`;
/*!40101 SET @saved_cs_client     = @@character_set_client */;
/*!40101 SET character_set_client = utf8 */;
CREATE TABLE `advertismentscheme` (
  `AdvertismentSchemeID` int(11) NOT NULL AUTO_INCREMENT,
  `AdSchemeName` varchar(45) DEFAULT NULL,
  `AdPrice` varchar(100) NOT NULL DEFAULT '1',
  PRIMARY KEY (`AdvertismentSchemeID`)
) ENGINE=InnoDB AUTO_INCREMENT=7 DEFAULT CHARSET=utf8;
/*!40101 SET character_set_client = @saved_cs_client */;

--
-- Dumping data for table `advertismentscheme`
--

LOCK TABLES `advertismentscheme` WRITE;
/*!40000 ALTER TABLE `advertismentscheme` DISABLE KEYS */;
INSERT INTO `advertismentscheme` VALUES (1,'Top Banner','9'),(2,'Left Side Banner','10'),(3,'Right Side Banner','10'),(4,'Bottom Banner','10'),(5,'Background Banner','7');
/*!40000 ALTER TABLE `advertismentscheme` ENABLE KEYS */;
UNLOCK TABLES;

--
-- Table structure for table `arena`
--

DROP TABLE IF EXISTS `arena`;
/*!40101 SET @saved_cs_client     = @@character_set_client */;
/*!40101 SET character_set_client = utf8 */;
CREATE TABLE `arena` (
  `ArenaID` int(11) NOT NULL AUTO_INCREMENT,
  `ArenaName` varchar(45) DEFAULT NULL,
  PRIMARY KEY (`ArenaID`)
) ENGINE=InnoDB AUTO_INCREMENT=50008 DEFAULT CHARSET=utf8;
/*!40101 SET character_set_client = @saved_cs_client */;

--
-- Dumping data for table `arena`
--

LOCK TABLES `arena` WRITE;
/*!40000 ALTER TABLE `arena` DISABLE KEYS */;
INSERT INTO `arena` VALUES (50001,'Atlanta'),(50003,'New Orleans'),(50006,'New York'),(50007,'Seaside Cliffs');
/*!40000 ALTER TABLE `arena` ENABLE KEYS */;
UNLOCK TABLES;

--
-- Table structure for table `arenamembers`
--

DROP TABLE IF EXISTS `arenamembers`;
/*!40101 SET @saved_cs_client     = @@character_set_client */;
/*!40101 SET character_set_client = utf8 */;
CREATE TABLE `arenamembers` (
  `arena_ArenaID` int(11) NOT NULL,
  `users_userID` int(10) NOT NULL,
  PRIMARY KEY (`arena_ArenaID`,`users_userID`),
  KEY `fk_arenamembers_arena1_idx` (`arena_ArenaID`),
  KEY `fk_arenamembers_users1` (`users_userID`),
  CONSTRAINT `fk_arenamembers_arena1` FOREIGN KEY (`arena_ArenaID`) REFERENCES `arena` (`ArenaID`) ON DELETE CASCADE ON UPDATE CASCADE,
  CONSTRAINT `fk_arenamembers_users1` FOREIGN KEY (`users_userID`) REFERENCES `users` (`userID`) ON DELETE CASCADE ON UPDATE CASCADE
) ENGINE=InnoDB DEFAULT CHARSET=utf8;
/*!40101 SET character_set_client = @saved_cs_client */;

--
-- Dumping data for table `arenamembers`
--

LOCK TABLES `arenamembers` WRITE;
/*!40000 ALTER TABLE `arenamembers` DISABLE KEYS */;
/*!40000 ALTER TABLE `arenamembers` ENABLE KEYS */;
UNLOCK TABLES;

--
-- Table structure for table `expertratingformula`
--

DROP TABLE IF EXISTS `expertratingformula`;
/*!40101 SET @saved_cs_client     = @@character_set_client */;
/*!40101 SET character_set_client = utf8 */;
CREATE TABLE `expertratingformula` (
  `ExpertRatingFormulaID` int(11) NOT NULL AUTO_INCREMENT,
  `ExpertRatingFormulaFormula` varchar(45) DEFAULT NULL,
  PRIMARY KEY (`ExpertRatingFormulaID`)
) ENGINE=InnoDB AUTO_INCREMENT=990004 DEFAULT CHARSET=utf8;
/*!40101 SET character_set_client = @saved_cs_client */;

--
-- Dumping data for table `expertratingformula`
--

LOCK TABLES `expertratingformula` WRITE;
/*!40000 ALTER TABLE `expertratingformula` DISABLE KEYS */;
INSERT INTO `expertratingformula` VALUES (990001,'Something Goes Here'),(990002,'Something Else Goes Here'),(990003,'Something Else');
/*!40000 ALTER TABLE `expertratingformula` ENABLE KEYS */;
UNLOCK TABLES;

--
-- Table structure for table `game`
--

DROP TABLE IF EXISTS `game`;
/*!40101 SET @saved_cs_client     = @@character_set_client */;
/*!40101 SET character_set_client = utf8 */;
CREATE TABLE `game` (
  `GameID` int(11) NOT NULL AUTO_INCREMENT,
  `GameName` varchar(45) DEFAULT NULL,
  `GameDescription` varchar(45) DEFAULT NULL,
  PRIMARY KEY (`GameID`)
) ENGINE=InnoDB AUTO_INCREMENT=11020 DEFAULT CHARSET=utf8;
/*!40101 SET character_set_client = @saved_cs_client */;

--
-- Dumping data for table `game`
--

LOCK TABLES `game` WRITE;
/*!40000 ALTER TABLE `game` DISABLE KEYS */;
INSERT INTO `game` VALUES (11001,'Pokemon','Trading Card Game'),(11002,'Magic','Trading Card Game'),(11004,'Soccer','American Football'),(11014,'Test','Test Desc'),(11016,'TestName1','TestDesc1'),(11017,'TicTacToe','X\'s & O\'s '),(11018,'Halo','First Person Shooter'),(11019,'Arena','The winner will ascend to divinity');
/*!40000 ALTER TABLE `game` ENABLE KEYS */;
UNLOCK TABLES;

--
-- Table structure for table `league`
--

DROP TABLE IF EXISTS `league`;
/*!40101 SET @saved_cs_client     = @@character_set_client */;
/*!40101 SET character_set_client = utf8 */;
CREATE TABLE `league` (
  `LeagueID` int(11) NOT NULL AUTO_INCREMENT,
  `LeagueName` varchar(45) DEFAULT NULL,
  `leagueDesc` varchar(45) DEFAULT NULL,
  `ExpertRatingFormula_ExpertRatingFormulaID` int(11) NOT NULL,
  `users_userID_LeagueOwner` int(10) NOT NULL,
  `arena_ArenaID` int(11) NOT NULL,
  PRIMARY KEY (`LeagueID`,`ExpertRatingFormula_ExpertRatingFormulaID`,`users_userID_LeagueOwner`,`arena_ArenaID`),
  KEY `fk_League_ExpertRatingFormula1_idx` (`ExpertRatingFormula_ExpertRatingFormulaID`),
  KEY `fk_league_arena1_idx` (`arena_ArenaID`),
  KEY `fk_league_users1_idx` (`users_userID_LeagueOwner`),
  CONSTRAINT `fk_League_ExpertRatingFormula1` FOREIGN KEY (`ExpertRatingFormula_ExpertRatingFormulaID`) REFERENCES `expertratingformula` (`ExpertRatingFormulaID`) ON DELETE CASCADE ON UPDATE CASCADE,
  CONSTRAINT `fk_league_arena1` FOREIGN KEY (`arena_ArenaID`) REFERENCES `arena` (`ArenaID`) ON DELETE CASCADE ON UPDATE CASCADE,
  CONSTRAINT `fk_league_users1` FOREIGN KEY (`users_userID_LeagueOwner`) REFERENCES `users` (`userID`) ON DELETE CASCADE ON UPDATE CASCADE
) ENGINE=InnoDB AUTO_INCREMENT=800015 DEFAULT CHARSET=utf8;
/*!40101 SET character_set_client = @saved_cs_client */;

--
-- Dumping data for table `league`
--

LOCK TABLES `league` WRITE;
/*!40000 ALTER TABLE `league` DISABLE KEYS */;
INSERT INTO `league` VALUES (800001,'Example League Name',NULL,990001,900000001,50001),(800002,'Example League Test Name',NULL,990001,900000005,50001),(800003,'League Test Name Test1',NULL,990001,900000001,50001),(800004,'asdfqweas','asdf aczeaf asdf',990001,900000005,50001),(800005,'madkemc','asdf acze',990001,900000005,50001),(800006,'Test 5','Now not jibberish',990001,900000005,50001),(800008,'League Prism','Test League Adam One',990001,900000018,50001),(800009,'Tims League One','Tims First League!',990001,900000019,50001),(800010,'League Bob','League o Bob',990001,900000001,50001),(800011,'Rob\'s League','Anything I want we do.',990001,900000005,50001),(800012,'Test Campus','Hello World',990002,900000005,50001),(800014,'League Class ABC','Class League Stuff',990001,900000019,50001);
/*!40000 ALTER TABLE `league` ENABLE KEYS */;
UNLOCK TABLES;

--
-- Table structure for table `leaguemembers`
--

DROP TABLE IF EXISTS `leaguemembers`;
/*!40101 SET @saved_cs_client     = @@character_set_client */;
/*!40101 SET character_set_client = utf8 */;
CREATE TABLE `leaguemembers` (
  `League_LeagueID` int(11) NOT NULL AUTO_INCREMENT,
  `MembershipStatusCode_MembershipStatusCodeID` int(11) NOT NULL,
  `users_userID` int(10) NOT NULL,
  PRIMARY KEY (`League_LeagueID`,`MembershipStatusCode_MembershipStatusCodeID`,`users_userID`),
  KEY `fk_LeagueMembers_MembershipStatusCode1_idx` (`MembershipStatusCode_MembershipStatusCodeID`),
  KEY `fk_leaguemembers_users1_idx` (`users_userID`),
  CONSTRAINT `fk_LeagueMembers_League1` FOREIGN KEY (`League_LeagueID`) REFERENCES `league` (`LeagueID`) ON DELETE CASCADE ON UPDATE CASCADE,
  CONSTRAINT `fk_LeagueMembers_MembershipStatusCode1` FOREIGN KEY (`MembershipStatusCode_MembershipStatusCodeID`) REFERENCES `membershipstatuscode` (`MembershipStatusCodeID`) ON DELETE CASCADE ON UPDATE CASCADE,
  CONSTRAINT `fk_leaguemembers_users1` FOREIGN KEY (`users_userID`) REFERENCES `users` (`userID`) ON DELETE CASCADE ON UPDATE CASCADE
) ENGINE=InnoDB AUTO_INCREMENT=800013 DEFAULT CHARSET=utf8;
/*!40101 SET character_set_client = @saved_cs_client */;

--
-- Dumping data for table `leaguemembers`
--

LOCK TABLES `leaguemembers` WRITE;
/*!40000 ALTER TABLE `leaguemembers` DISABLE KEYS */;
INSERT INTO `leaguemembers` VALUES (800001,1,900000003),(800003,1,900000003),(800004,1,900000003),(800008,0,900000024),(800009,1,900000025),(800010,0,900000020),(800012,1,900000024);
/*!40000 ALTER TABLE `leaguemembers` ENABLE KEYS */;
UNLOCK TABLES;

--
-- Table structure for table `match`
--

DROP TABLE IF EXISTS `match`;
/*!40101 SET @saved_cs_client     = @@character_set_client */;
/*!40101 SET character_set_client = utf8 */;
CREATE TABLE `match` (
  `MatchID` int(11) NOT NULL AUTO_INCREMENT,
  `OutcomeWin_UserID` varchar(45) DEFAULT NULL,
  `OutcomeLoss_UserID` varchar(45) DEFAULT NULL,
  `MatchStatus_MatchStatusID` int(11) NOT NULL,
  `Game_GameID` int(11) NOT NULL,
  `Tournament_TournamentID` int(11) NOT NULL,
  `matchDate` datetime DEFAULT NULL,
  `teams_TeamID2` int(11) NOT NULL,
  `teams_TeamID1` int(11) NOT NULL,
  PRIMARY KEY (`MatchID`,`MatchStatus_MatchStatusID`,`Game_GameID`,`Tournament_TournamentID`,`teams_TeamID2`,`teams_TeamID1`),
  UNIQUE KEY `MatchID_UNIQUE` (`MatchID`),
  KEY `fk_Match_Tournament1_idx` (`Tournament_TournamentID`)
) ENGINE=InnoDB AUTO_INCREMENT=6 DEFAULT CHARSET=utf8;
/*!40101 SET character_set_client = @saved_cs_client */;

--
-- Dumping data for table `match`
--

LOCK TABLES `match` WRITE;
/*!40000 ALTER TABLE `match` DISABLE KEYS */;
INSERT INTO `match` VALUES (1,NULL,NULL,0,11001,1000007,'2017-11-21 14:48:00',9,2),(2,NULL,NULL,0,11004,1000007,'2017-11-16 14:49:00',9,2),(3,NULL,NULL,0,11001,1000008,'2017-11-16 14:50:00',2,9),(4,NULL,NULL,0,11001,1000006,'2017-11-18 17:55:00',8,2),(5,NULL,NULL,0,11001,1000006,'2017-11-08 16:57:00',2,9);
/*!40000 ALTER TABLE `match` ENABLE KEYS */;
UNLOCK TABLES;

--
-- Table structure for table `matches`
--

DROP TABLE IF EXISTS `matches`;
/*!40101 SET @saved_cs_client     = @@character_set_client */;
/*!40101 SET character_set_client = utf8 */;
CREATE TABLE `matches` (
  `MatchID` int(11) NOT NULL AUTO_INCREMENT,
  `OutcomeWin_UserID` varchar(45) DEFAULT NULL,
  `OutcomeLoss_UserID` varchar(45) DEFAULT NULL,
  `MatchStatus_MatchStatusID` int(11) NOT NULL,
  `Game_GameID` int(11) NOT NULL,
  `Tournament_TournamentID` int(11) NOT NULL,
  `matchDate` datetime DEFAULT NULL,
  `teams_TeamID2` int(11) NOT NULL,
  `teams_TeamID1` int(11) NOT NULL,
  PRIMARY KEY (`MatchID`,`MatchStatus_MatchStatusID`,`Game_GameID`,`Tournament_TournamentID`,`teams_TeamID2`,`teams_TeamID1`),
  UNIQUE KEY `MatchID_UNIQUE` (`MatchID`),
  KEY `fk_Match_MatchStatus1_idx` (`MatchStatus_MatchStatusID`),
  KEY `fk_Match_Game_idx` (`Game_GameID`),
  KEY `fk_Match_Tournament1_idx` (`Tournament_TournamentID`),
  KEY `fk_match_teams1_idx` (`teams_TeamID2`),
  KEY `fk_match_teams2_idx` (`teams_TeamID1`),
  CONSTRAINT `fk_Match_Game` FOREIGN KEY (`Game_GameID`) REFERENCES `game` (`GameID`) ON DELETE CASCADE ON UPDATE CASCADE,
  CONSTRAINT `fk_Match_MatchStatus1` FOREIGN KEY (`MatchStatus_MatchStatusID`) REFERENCES `matchstatus` (`MatchStatusID`) ON DELETE CASCADE ON UPDATE CASCADE,
  CONSTRAINT `fk_match_teams1` FOREIGN KEY (`teams_TeamID2`) REFERENCES `teams` (`TeamID`) ON DELETE CASCADE ON UPDATE CASCADE,
  CONSTRAINT `fk_match_teams2` FOREIGN KEY (`teams_TeamID1`) REFERENCES `teams` (`TeamID`) ON DELETE CASCADE ON UPDATE CASCADE
) ENGINE=InnoDB AUTO_INCREMENT=12 DEFAULT CHARSET=utf8;
/*!40101 SET character_set_client = @saved_cs_client */;

--
-- Dumping data for table `matches`
--

LOCK TABLES `matches` WRITE;
/*!40000 ALTER TABLE `matches` DISABLE KEYS */;
INSERT INTO `matches` VALUES (1,NULL,NULL,0,11001,1000007,'2017-11-21 14:48:00',9,2),(2,NULL,NULL,0,11004,1000007,'2017-11-16 14:49:00',9,2),(3,NULL,NULL,0,11001,1000008,'2017-11-16 14:50:00',2,9),(4,'2','8',2,11001,1000006,'2017-11-18 17:55:00',8,2),(5,'9','2',2,11001,1000006,'2017-11-08 16:57:00',2,9),(6,NULL,NULL,1,11004,1000005,'2017-11-26 21:41:00',8,2),(7,'2','8',2,11004,1000005,'2017-11-26 21:45:00',8,2),(8,'9','2',2,11004,1000005,'2017-11-28 19:54:00',9,2),(9,NULL,NULL,0,11014,1000013,'2017-11-28 20:04:00',9,2),(10,'2','9',2,11017,1000005,'2017-11-28 20:06:00',9,2),(11,'9','8',2,11016,1000006,'2017-11-28 20:29:00',9,8);
/*!40000 ALTER TABLE `matches` ENABLE KEYS */;
UNLOCK TABLES;

--
-- Table structure for table `matchstatus`
--

DROP TABLE IF EXISTS `matchstatus`;
/*!40101 SET @saved_cs_client     = @@character_set_client */;
/*!40101 SET character_set_client = utf8 */;
CREATE TABLE `matchstatus` (
  `MatchStatusID` int(11) NOT NULL,
  `MatchStatusName` varchar(45) DEFAULT NULL,
  `MatchStatusDesc` varchar(45) DEFAULT NULL,
  PRIMARY KEY (`MatchStatusID`)
) ENGINE=InnoDB DEFAULT CHARSET=utf8;
/*!40101 SET character_set_client = @saved_cs_client */;

--
-- Dumping data for table `matchstatus`
--

LOCK TABLES `matchstatus` WRITE;
/*!40000 ALTER TABLE `matchstatus` DISABLE KEYS */;
INSERT INTO `matchstatus` VALUES (0,'Pending','Pending Match'),(1,'Active','Active Match'),(2,'Complete','Complete Match'),(3,'Cancelled','Cancelled Match');
/*!40000 ALTER TABLE `matchstatus` ENABLE KEYS */;
UNLOCK TABLES;

--
-- Table structure for table `membershipstatuscode`
--

DROP TABLE IF EXISTS `membershipstatuscode`;
/*!40101 SET @saved_cs_client     = @@character_set_client */;
/*!40101 SET character_set_client = utf8 */;
CREATE TABLE `membershipstatuscode` (
  `MembershipStatusCodeID` int(11) NOT NULL,
  `MembershipStatusCodeName` varchar(45) DEFAULT NULL,
  PRIMARY KEY (`MembershipStatusCodeID`),
  UNIQUE KEY `MembershipStatusCodeID_UNIQUE` (`MembershipStatusCodeID`)
) ENGINE=InnoDB DEFAULT CHARSET=utf8;
/*!40101 SET character_set_client = @saved_cs_client */;

--
-- Dumping data for table `membershipstatuscode`
--

LOCK TABLES `membershipstatuscode` WRITE;
/*!40000 ALTER TABLE `membershipstatuscode` DISABLE KEYS */;
INSERT INTO `membershipstatuscode` VALUES (0,'pending'),(1,'member'),(2,'banned');
/*!40000 ALTER TABLE `membershipstatuscode` ENABLE KEYS */;
UNLOCK TABLES;

--
-- Table structure for table `pending`
--

DROP TABLE IF EXISTS `pending`;
/*!40101 SET @saved_cs_client     = @@character_set_client */;
/*!40101 SET character_set_client = utf8 */;
CREATE TABLE `pending` (
  `appID` int(11) NOT NULL AUTO_INCREMENT,
  `appUserID` int(10) NOT NULL,
  `appCurrentRole` int(11) NOT NULL,
  `desired_RoleID` int(11) NOT NULL,
  PRIMARY KEY (`appID`,`appUserID`,`appCurrentRole`,`desired_RoleID`),
  KEY `fk_pending_users1_idx` (`appUserID`,`appCurrentRole`),
  KEY `fk_pending_userroletype1_idx` (`desired_RoleID`),
  CONSTRAINT `fk_pending_userroletype1` FOREIGN KEY (`desired_RoleID`) REFERENCES `userroletype` (`userRoleTypeID`) ON DELETE CASCADE ON UPDATE CASCADE,
  CONSTRAINT `fk_pending_users1` FOREIGN KEY (`appUserID`, `appCurrentRole`) REFERENCES `users` (`userID`, `userRoleID`) ON DELETE CASCADE ON UPDATE CASCADE
) ENGINE=InnoDB DEFAULT CHARSET=utf8;
/*!40101 SET character_set_client = @saved_cs_client */;

--
-- Dumping data for table `pending`
--

LOCK TABLES `pending` WRITE;
/*!40000 ALTER TABLE `pending` DISABLE KEYS */;
/*!40000 ALTER TABLE `pending` ENABLE KEYS */;
UNLOCK TABLES;

--
-- Table structure for table `playerlose`
--

DROP TABLE IF EXISTS `playerlose`;
/*!40101 SET @saved_cs_client     = @@character_set_client */;
/*!40101 SET character_set_client = utf8 */;
CREATE TABLE `playerlose` (
  `match_MatchID` int(11) NOT NULL,
  `users_userID` int(11) NOT NULL,
  KEY `MatchID` (`match_MatchID`),
  KEY `userID` (`users_userID`)
) ENGINE=InnoDB DEFAULT CHARSET=latin1;
/*!40101 SET character_set_client = @saved_cs_client */;

--
-- Dumping data for table `playerlose`
--

LOCK TABLES `playerlose` WRITE;
/*!40000 ALTER TABLE `playerlose` DISABLE KEYS */;
INSERT INTO `playerlose` VALUES (7,900000024),(8,900000020),(8,900000025),(11,900000024);
/*!40000 ALTER TABLE `playerlose` ENABLE KEYS */;
UNLOCK TABLES;

--
-- Table structure for table `playertournywin`
--

DROP TABLE IF EXISTS `playertournywin`;
/*!40101 SET @saved_cs_client     = @@character_set_client */;
/*!40101 SET character_set_client = utf8 */;
CREATE TABLE `playertournywin` (
  `Tournament_TournamentID` int(11) NOT NULL,
  `users_userID` int(11) NOT NULL,
  KEY `TournamentID` (`Tournament_TournamentID`),
  KEY `userID` (`users_userID`)
) ENGINE=InnoDB DEFAULT CHARSET=latin1;
/*!40101 SET character_set_client = @saved_cs_client */;

--
-- Dumping data for table `playertournywin`
--

LOCK TABLES `playertournywin` WRITE;
/*!40000 ALTER TABLE `playertournywin` DISABLE KEYS */;
/*!40000 ALTER TABLE `playertournywin` ENABLE KEYS */;
UNLOCK TABLES;

--
-- Table structure for table `playerwin`
--

DROP TABLE IF EXISTS `playerwin`;
/*!40101 SET @saved_cs_client     = @@character_set_client */;
/*!40101 SET character_set_client = utf8 */;
CREATE TABLE `playerwin` (
  `match_MatchID` int(11) NOT NULL,
  `users_userID` int(11) NOT NULL,
  KEY `MatchID` (`match_MatchID`),
  KEY `userID` (`users_userID`)
) ENGINE=InnoDB DEFAULT CHARSET=latin1;
/*!40101 SET character_set_client = @saved_cs_client */;

--
-- Dumping data for table `playerwin`
--

LOCK TABLES `playerwin` WRITE;
/*!40000 ALTER TABLE `playerwin` DISABLE KEYS */;
INSERT INTO `playerwin` VALUES (6,900000020),(6,900000025),(7,900000020),(7,900000025),(10,900000020),(10,900000025);
/*!40000 ALTER TABLE `playerwin` ENABLE KEYS */;
UNLOCK TABLES;

--
-- Table structure for table `scores`
--

DROP TABLE IF EXISTS `scores`;
/*!40101 SET @saved_cs_client     = @@character_set_client */;
/*!40101 SET character_set_client = utf8 */;
CREATE TABLE `scores` (
  `ScoreID` int(11) NOT NULL AUTO_INCREMENT,
  `match_MatchID` int(11) NOT NULL,
  `game_GameID` int(11) NOT NULL,
  `Team1_Score` varchar(45) DEFAULT NULL,
  `Team2_Score` varchar(45) DEFAULT NULL,
  `teams_TeamID2` int(11) NOT NULL,
  `teams_TeamID1` int(11) NOT NULL,
  `ScoreStatusTable_idScoreStatusTable` int(11) NOT NULL,
  PRIMARY KEY (`ScoreID`,`match_MatchID`,`game_GameID`,`teams_TeamID2`,`teams_TeamID1`,`ScoreStatusTable_idScoreStatusTable`),
  UNIQUE KEY `ScoreID_UNIQUE` (`ScoreID`),
  KEY `fk_MatchScores_game1_idx` (`game_GameID`),
  KEY `fk_MatchScores_match1` (`match_MatchID`),
  KEY `fk_scores_teams1_idx` (`teams_TeamID2`),
  KEY `fk_scores_teams2_idx` (`teams_TeamID1`),
  KEY `fk_scores_ScoreStatusTable1_idx` (`ScoreStatusTable_idScoreStatusTable`),
  CONSTRAINT `fk_MatchScores_game1` FOREIGN KEY (`game_GameID`) REFERENCES `game` (`GameID`) ON DELETE CASCADE ON UPDATE CASCADE,
  CONSTRAINT `fk_MatchScores_match1` FOREIGN KEY (`match_MatchID`) REFERENCES `matches` (`MatchID`) ON DELETE CASCADE ON UPDATE CASCADE,
  CONSTRAINT `fk_scores_ScoreStatusTable1` FOREIGN KEY (`ScoreStatusTable_idScoreStatusTable`) REFERENCES `scorestatustable` (`idScoreStatusTable`) ON DELETE CASCADE ON UPDATE CASCADE,
  CONSTRAINT `fk_scores_teams1` FOREIGN KEY (`teams_TeamID2`) REFERENCES `teams` (`TeamID`) ON DELETE CASCADE ON UPDATE CASCADE,
  CONSTRAINT `fk_scores_teams2` FOREIGN KEY (`teams_TeamID1`) REFERENCES `teams` (`TeamID`) ON DELETE CASCADE ON UPDATE CASCADE
) ENGINE=InnoDB AUTO_INCREMENT=25 DEFAULT CHARSET=utf8;
/*!40101 SET character_set_client = @saved_cs_client */;

--
-- Dumping data for table `scores`
--

LOCK TABLES `scores` WRITE;
/*!40000 ALTER TABLE `scores` DISABLE KEYS */;
INSERT INTO `scores` VALUES (11,4,11001,'4000','4000',2,8,2),(12,4,11001,'3800','3700',2,8,2),(13,4,11001,'3600','3500',2,8,2),(14,4,11001,'3700','3000',2,8,2),(15,4,11001,'8000','0',2,8,2),(16,5,11001,'4000','4000',9,2,2),(17,5,11001,'200','0',9,2,2),(18,8,11004,'0','1',2,9,1),(19,8,11004,'1','1',2,9,1),(20,8,11004,'2','1',2,9,1),(21,8,11004,'3','1',2,9,1),(22,10,11017,'5','4',2,9,2),(23,11,11016,'0','1',8,9,2),(24,11,11016,'3','4',8,9,2);
/*!40000 ALTER TABLE `scores` ENABLE KEYS */;
UNLOCK TABLES;

--
-- Table structure for table `scorestatustable`
--

DROP TABLE IF EXISTS `scorestatustable`;
/*!40101 SET @saved_cs_client     = @@character_set_client */;
/*!40101 SET character_set_client = utf8 */;
CREATE TABLE `scorestatustable` (
  `idScoreStatusTable` int(11) NOT NULL AUTO_INCREMENT,
  `ScoreStatusName` varchar(45) DEFAULT NULL,
  `ScoreStatusDesc` varchar(45) DEFAULT NULL,
  PRIMARY KEY (`idScoreStatusTable`),
  UNIQUE KEY `idScoreStatusTable_UNIQUE` (`idScoreStatusTable`)
) ENGINE=InnoDB AUTO_INCREMENT=6 DEFAULT CHARSET=utf8;
/*!40101 SET character_set_client = @saved_cs_client */;

--
-- Dumping data for table `scorestatustable`
--

LOCK TABLES `scorestatustable` WRITE;
/*!40000 ALTER TABLE `scorestatustable` DISABLE KEYS */;
INSERT INTO `scorestatustable` VALUES (1,'ongoing','Ongoing Scores'),(2,'pending','Approval Pending'),(3,'rejected','Rejected Scrores'),(4,'approved','Approved Final Scores'),(5,'cancelled','Cancelled Match Scores');
/*!40000 ALTER TABLE `scorestatustable` ENABLE KEYS */;
UNLOCK TABLES;

--
-- Table structure for table `teams`
--

DROP TABLE IF EXISTS `teams`;
/*!40101 SET @saved_cs_client     = @@character_set_client */;
/*!40101 SET character_set_client = utf8 */;
CREATE TABLE `teams` (
  `TeamID` int(11) NOT NULL AUTO_INCREMENT,
  `TeamName` varchar(45) DEFAULT NULL,
  `users_userID` int(10) NOT NULL,
  `league_LeagueID` int(11) NOT NULL,
  PRIMARY KEY (`TeamID`,`users_userID`,`league_LeagueID`),
  KEY `fk_teams_users1_idx` (`users_userID`),
  KEY `fk_teams_league1_idx` (`league_LeagueID`),
  CONSTRAINT `fk_teams_league1` FOREIGN KEY (`league_LeagueID`) REFERENCES `league` (`LeagueID`) ON DELETE CASCADE ON UPDATE CASCADE,
  CONSTRAINT `fk_teams_users1` FOREIGN KEY (`users_userID`) REFERENCES `users` (`userID`) ON DELETE CASCADE ON UPDATE CASCADE
) ENGINE=InnoDB AUTO_INCREMENT=10 DEFAULT CHARSET=utf8;
/*!40101 SET character_set_client = @saved_cs_client */;

--
-- Dumping data for table `teams`
--

LOCK TABLES `teams` WRITE;
/*!40000 ALTER TABLE `teams` DISABLE KEYS */;
INSERT INTO `teams` VALUES (0,'Not in a Team',900000017,800001),(2,'Team Rocket',900000001,800008),(8,'fist',900000005,800003),(9,'Team Class',900000019,800002);
/*!40000 ALTER TABLE `teams` ENABLE KEYS */;
UNLOCK TABLES;

--
-- Table structure for table `teamspending`
--

DROP TABLE IF EXISTS `teamspending`;
/*!40101 SET @saved_cs_client     = @@character_set_client */;
/*!40101 SET character_set_client = utf8 */;
CREATE TABLE `teamspending` (
  `loAppID` int(11) NOT NULL AUTO_INCREMENT,
  `appUserID` int(11) DEFAULT NULL,
  `appUserName` varchar(45) DEFAULT NULL,
  `desired_teamName` varchar(45) DEFAULT NULL,
  `current_teamName` varchar(45) DEFAULT NULL,
  `desired_teamID` int(11) DEFAULT NULL,
  `leagueOwnerID` int(11) DEFAULT NULL,
  PRIMARY KEY (`loAppID`)
) ENGINE=InnoDB DEFAULT CHARSET=latin1;
/*!40101 SET character_set_client = @saved_cs_client */;

--
-- Dumping data for table `teamspending`
--

LOCK TABLES `teamspending` WRITE;
/*!40000 ALTER TABLE `teamspending` DISABLE KEYS */;
/*!40000 ALTER TABLE `teamspending` ENABLE KEYS */;
UNLOCK TABLES;

--
-- Table structure for table `tournament`
--

DROP TABLE IF EXISTS `tournament`;
/*!40101 SET @saved_cs_client     = @@character_set_client */;
/*!40101 SET character_set_client = utf8 */;
CREATE TABLE `tournament` (
  `TournamentID` int(11) NOT NULL AUTO_INCREMENT,
  `TournamentName` varchar(45) DEFAULT NULL,
  `TournamentDescription` varchar(45) DEFAULT NULL,
  `League_LeagueID` int(11) NOT NULL,
  `TournamentStyleCode_TournamentStyleCodeID` int(11) NOT NULL,
  `tournamentDate` date DEFAULT NULL,
  `tournamentWinner_TeamID` varchar(45) DEFAULT NULL,
  `tournamentStatus` varchar(45) DEFAULT NULL,
  PRIMARY KEY (`TournamentID`,`League_LeagueID`,`TournamentStyleCode_TournamentStyleCodeID`),
  UNIQUE KEY `TournamentID_UNIQUE` (`TournamentID`),
  KEY `fk_Tournament_League1_idx` (`League_LeagueID`),
  KEY `fk_Tournament_TournamentStyleCode1_idx` (`TournamentStyleCode_TournamentStyleCodeID`),
  CONSTRAINT `fk_Tournament_League1` FOREIGN KEY (`League_LeagueID`) REFERENCES `league` (`LeagueID`) ON DELETE CASCADE ON UPDATE CASCADE,
  CONSTRAINT `fk_Tournament_TournamentStyleCode1` FOREIGN KEY (`TournamentStyleCode_TournamentStyleCodeID`) REFERENCES `tournamentstylecode` (`TournamentStyleCodeID`) ON DELETE CASCADE ON UPDATE CASCADE
) ENGINE=InnoDB AUTO_INCREMENT=1000014 DEFAULT CHARSET=utf8;
/*!40101 SET character_set_client = @saved_cs_client */;

--
-- Dumping data for table `tournament`
--

LOCK TABLES `tournament` WRITE;
/*!40000 ALTER TABLE `tournament` DISABLE KEYS */;
INSERT INTO `tournament` VALUES (1000002,'Robert Cromer','Server',800004,40001,'2017-11-10',NULL,NULL),(1000003,'Testin Testin','Testerino',800005,40001,'2017-11-30',NULL,NULL),(1000005,'Bren','bren',800005,40003,'2017-11-24',NULL,NULL),(1000006,'Twilight','Sparkle',800004,40003,'2017-12-05','2',NULL),(1000007,'Tournament of Bob','Bob ofc.',800001,40002,'2017-12-11',NULL,NULL),(1000008,'Test Tourn 4','test4',800009,40002,'2017-11-22',NULL,NULL),(1000009,'Thunder FootBall Tournament','FootBall Tournament',800002,40003,'2017-11-20',NULL,NULL),(1000012,'Campus Test','Test',800012,40001,'2017-11-23',NULL,NULL),(1000013,'Team Class','Class Team',800014,40002,'2017-11-17',NULL,NULL);
/*!40000 ALTER TABLE `tournament` ENABLE KEYS */;
UNLOCK TABLES;

--
-- Table structure for table `tournamentstylecode`
--

DROP TABLE IF EXISTS `tournamentstylecode`;
/*!40101 SET @saved_cs_client     = @@character_set_client */;
/*!40101 SET character_set_client = utf8 */;
CREATE TABLE `tournamentstylecode` (
  `TournamentStyleCodeID` int(11) NOT NULL,
  `TournamentStyleCodeName` varchar(45) DEFAULT NULL,
  `TournamentStyleCodeDesc` varchar(45) DEFAULT NULL,
  PRIMARY KEY (`TournamentStyleCodeID`)
) ENGINE=InnoDB DEFAULT CHARSET=utf8;
/*!40101 SET character_set_client = @saved_cs_client */;

--
-- Dumping data for table `tournamentstylecode`
--

LOCK TABLES `tournamentstylecode` WRITE;
/*!40000 ALTER TABLE `tournamentstylecode` DISABLE KEYS */;
INSERT INTO `tournamentstylecode` VALUES (40001,'Single Elimination','Single Elimination'),(40002,'Double Elimination','Double Elimination'),(40003,'Round Robin','Round Robin');
/*!40000 ALTER TABLE `tournamentstylecode` ENABLE KEYS */;
UNLOCK TABLES;

--
-- Table structure for table `userroletype`
--

DROP TABLE IF EXISTS `userroletype`;
/*!40101 SET @saved_cs_client     = @@character_set_client */;
/*!40101 SET character_set_client = utf8 */;
CREATE TABLE `userroletype` (
  `userRoleTypeID` int(11) NOT NULL,
  `userRoleTypeName` varchar(45) NOT NULL,
  PRIMARY KEY (`userRoleTypeID`,`userRoleTypeName`),
  UNIQUE KEY `userRoleTypeID_UNIQUE` (`userRoleTypeID`),
  UNIQUE KEY `userRoleTypeName_UNIQUE` (`userRoleTypeName`)
) ENGINE=InnoDB DEFAULT CHARSET=utf8;
/*!40101 SET character_set_client = @saved_cs_client */;

--
-- Dumping data for table `userroletype`
--

LOCK TABLES `userroletype` WRITE;
/*!40000 ALTER TABLE `userroletype` DISABLE KEYS */;
INSERT INTO `userroletype` VALUES (0,'Operator'),(1,'LeagueOwner'),(2,'Advertiser'),(3,'Player'),(4,'Spectator');
/*!40000 ALTER TABLE `userroletype` ENABLE KEYS */;
UNLOCK TABLES;

--
-- Table structure for table `users`
--

DROP TABLE IF EXISTS `users`;
/*!40101 SET @saved_cs_client     = @@character_set_client */;
/*!40101 SET character_set_client = utf8 */;
CREATE TABLE `users` (
  `userID` int(10) NOT NULL AUTO_INCREMENT,
  `userName` varchar(45) DEFAULT NULL,
  `userPassword` varchar(45) DEFAULT NULL,
  `userRoleID` int(11) NOT NULL DEFAULT '4',
  `userTeamID` int(11) NOT NULL DEFAULT '0',
  PRIMARY KEY (`userID`,`userRoleID`),
  UNIQUE KEY `userID_UNIQUE` (`userID`),
  UNIQUE KEY `userName_UNIQUE` (`userName`),
  KEY `fk_users_userroletype1_idx` (`userRoleID`)
) ENGINE=InnoDB AUTO_INCREMENT=900000032 DEFAULT CHARSET=utf8;
/*!40101 SET character_set_client = @saved_cs_client */;

--
-- Dumping data for table `users`
--

LOCK TABLES `users` WRITE;
/*!40000 ALTER TABLE `users` DISABLE KEYS */;
INSERT INTO `users` VALUES (900000000,'admin','password',0,0),(900000001,'LeagueOwner','LeagueOwnerPassword ',1,0),(900000002,'Advertiser','AvertiserPassword',2,0),(900000003,'Player','PlayerPassword',3,0),(900000004,'Rob','rob',0,0),(900000005,'James','james',1,0),(900000007,'bren','bren',4,0),(900000008,'Mike','mikey',2,0),(900000010,'phily','phil',4,0),(900000012,'sam','sammy',4,0),(900000013,'roboo','robby',1,0),(900000014,'philyd','philyd',3,0),(900000016,'tay','tay',2,0),(900000017,'bob','bob',0,0),(900000018,'Adam','bob',1,0),(900000019,'Tim','bob',1,0),(900000020,'Tina','bob',3,2),(900000022,'Dog','bob',1,0),(900000023,'a','p',0,0),(900000024,'MarkTest','Test',3,8),(900000025,'Jim','bob',3,2),(900000026,'bill','petty',1,0),(900000027,'sample','user',1,0),(900000028,'Class','bob',0,0),(900000029,'Joe','bob',2,0),(900000030,'csquared','kettlecorn',0,0),(900000031,'SpecTest','Test',4,0);
/*!40000 ALTER TABLE `users` ENABLE KEYS */;
UNLOCK TABLES;

--
-- Dumping routines for database 'arenadatabase'
--
/*!40103 SET TIME_ZONE=@OLD_TIME_ZONE */;

/*!40101 SET SQL_MODE=@OLD_SQL_MODE */;
/*!40014 SET FOREIGN_KEY_CHECKS=@OLD_FOREIGN_KEY_CHECKS */;
/*!40014 SET UNIQUE_CHECKS=@OLD_UNIQUE_CHECKS */;
/*!40101 SET CHARACTER_SET_CLIENT=@OLD_CHARACTER_SET_CLIENT */;
/*!40101 SET CHARACTER_SET_RESULTS=@OLD_CHARACTER_SET_RESULTS */;
/*!40101 SET COLLATION_CONNECTION=@OLD_COLLATION_CONNECTION */;
/*!40111 SET SQL_NOTES=@OLD_SQL_NOTES */;

-- Dump completed on 2017-11-29 21:58:00
